sku,source_code,name,brand,size,price,product_type,file_category,file_confidence,final_category,final_slug,confidence,reason,evidence_basis,review_status,review_reason,reviewed_at,stage2_status,tree,is_pilot10,corrected_from_excel,in_original_focus350
ARD-3812,3812,لوشن سيف الفارس بابايا ليمون 500 مل,Saif Al Fares,500 مل,4000,لوشن جسم,العناية بالجسم والاستحمام,high,العناية بالجسم والاستحمام,body-bath-care,high,explicit body/bath type,name=لوشن سيف الفارس بابايا ليمون 500 مل; product_type=لوشن جسم,approved,explicit body/bath type,2026-08-02T07:33:46Z,ready,proposed_child,NO,NO,NO
ARD-3813,3813,لوشن سيف الفارس كاكاو وصويا 500 مل,Saif Al Fares,500 مل,4000,لوشن جسم,العناية بالجسم والاستحمام,high,العناية بالجسم والاستحمام,body-bath-care,high,explicit body/bath type,name=لوشن سيف الفارس كاكاو وصويا 500 مل; product_type=لوشن جسم,approved,explicit body/bath type,2026-08-02T07:33:46Z,ready,proposed_child,NO,NO,NO
ARD-3814,3814,لوشن سيف الفارس ألوفيرا بلو بيري 500 مل,Saif Al Fares,500 مل,4000,لوشن جسم,العناية بالجسم والاستحمام,high,العناية بالجسم والاستحمام,body-bath-care,high,explicit body/bath type,name=لوشن سيف الفارس ألوفيرا بلو بيري 500 مل; product_type=لوشن جسم,approved,explicit body/bath type,2026-08-02T07:33:46Z,ready,proposed_child,NO,NO,NO
ARD-3815,3815,لوشن سيف الفارس رمان عنب 500 مل,Saif Al Fares,500 مل,4000,لوشن جسم,العناية بالجسم والاستحمام,high,العناية بالجسم والاستحمام,body-bath-care,high,explicit body/bath type,name=لوشن سيف الفارس رمان عنب 500 مل; product_type=لوشن جسم,approved,explicit body/bath type,2026-08-02T07:33:46Z,ready,proposed_child,NO,NO,NO
ARD-3816,3816,لوشن سيف الفارس ماء ورد لوز 500 مل,Saif Al Fares,500 مل,4000,لوشن جسم,العناية بالجسم والاستحمام,high,العناية بالجسم والاستحمام,body-bath-care,high,explicit body/bath type,name=لوشن سيف الفارس ماء ورد لوز 500 مل; product_type=لوشن جسم,approved,explicit body/bath type,2026-08-02T07:33:46Z,ready,proposed_child,NO,NO,NO
ARD-3819,3819,شاور جل سنسيت بردايس,Saif Al Fares,,3000,شاور جل,العناية بالجسم والاستحمام,high,العناية بالجسم والاستحمام,body-bath-care,high,explicit body/bath type,name=شاور جل سنسيت بردايس; product_type=شاور جل,approved,explicit body/bath type,2026-08-02T07:33:46Z,ready,proposed_child,NO,NO,NO
ARD-3820,3820,شاور جل رومانتك وايت تي,Saif Al Fares,,3000,شاور جل,العناية بالجسم والاستحمام,high,العناية بالجسم والاستحمام,body-bath-care,high,explicit body/bath type,name=شاور جل رومانتك وايت تي; product_type=شاور جل,approved,explicit body/bath type,2026-08-02T07:33:46Z,ready,proposed_child,NO,NO,NO
ARD-3821,3821,شاور جل برتي بلوسوم,Saif Al Fares,,3000,شاور جل,العناية بالجسم والاستحمام,high,العناية بالجسم والاستحمام,body-bath-care,high,explicit body/bath type,name=شاور جل برتي بلوسوم; product_type=شاور جل,approved,explicit body/bath type,2026-08-02T07:33:46Z,ready,proposed_child,NO,NO,NO
ARD-3822,3822,شاور جل كاونتري كرين تي,Saif Al Fares,,3000,شاور جل,العناية بالجسم والاستحمام,high,العناية بالجسم والاستحمام,body-bath-care,high,explicit body/bath type,name=شاور جل كاونتري كرين تي; product_type=شاور جل,approved,explicit body/bath type,2026-08-02T07:33:46Z,ready,proposed_child,NO,NO,NO
ARD-3823,3823,شاور جل بيونس كاردن,Saif Al Fares,,3000,شاور جل,العناية بالجسم والاستحمام,high,العناية بالجسم والاستحمام,body-bath-care,high,explicit body/bath type,name=شاور جل بيونس كاردن; product_type=شاور جل,approved,explicit body/bath type,2026-08-02T07:33:46Z,ready,proposed_child,NO,NO,NO
ARD-3825,3825,بيرغموت,Saif Al Fares,,5000,عطر,العطور,medium,العطور,perfumes,high,standard perfume,name=بيرغموت; product_type=عطر,approved,standard perfume,2026-08-02T07:33:46Z,ready,proposed_child,NO,NO,NO
ARD-3826,3826,كراس و ساكا,Saif Al Fares,,5000,عطر,العطور,medium,العطور,perfumes,high,standard perfume,name=كراس و ساكا; product_type=عطر,approved,standard perfume,2026-08-02T07:33:46Z,ready,proposed_child,NO,NO,NO
ARD-3828,3828,عطر اكوا شهامه الورد 100 مل,Saif Al Fares,100 مل,10000,عطر,العطور,high,العطور,perfumes,high,standard perfume,name=عطر اكوا شهامه الورد 100 مل; product_type=عطر,approved,standard perfume,2026-08-02T07:33:46Z,ready,proposed_child,NO,NO,NO
ARD-3829,3829,عطر اكوا شهامه الليل 100 مل,Saif Al Fares,100 مل,10000,عطر,العطور,high,العطور,perfumes,high,standard perfume,name=عطر اكوا شهامه الليل 100 مل; product_type=عطر,approved,standard perfume,2026-08-02T07:33:46Z,ready,proposed_child,NO,NO,NO
ARD-3830,3830,عطر اكوا شهامه الروح 100 مل,Saif Al Fares,100 مل,10000,عطر,العطور,high,العطور,perfumes,high,standard perfume,name=عطر اكوا شهامه الروح 100 مل; product_type=عطر,approved,standard perfume,2026-08-02T07:33:46Z,ready,proposed_child,NO,NO,NO
ARD-3831,3831,عطر اكوا شهامه الاحلام 100 مل,Saif Al Fares,100 مل,10000,عطر,العطور,high,العطور,perfumes,high,standard perfume,name=عطر اكوا شهامه الاحلام 100 مل; product_type=عطر,approved,standard perfume,2026-08-02T07:33:46Z,ready,proposed_child,NO,NO,NO
ARD-3832,3832,عطر اكوا شهامه الشغف 100 مل,Saif Al Fares,100 مل,10000,عطر,العطور,high,العطور,perfumes,high,standard perfume,name=عطر اكوا شهامه الشغف 100 مل; product_type=عطر,approved,standard perfume,2026-08-02T07:33:46Z,ready,proposed_child,NO,NO,NO
ARD-3833,3833,عطر اكوا اصالة عود 100 مل,Saif Al Fares,100 مل,10000,عطر,العطور,high,العطور,perfumes,high,standard perfume,name=عطر اكوا اصالة عود 100 مل; product_type=عطر,approved,standard perfume,2026-08-02T07:33:46Z,ready,proposed_child,NO,NO,NO
ARD-3834,3834,عطر اكوا اصالة صفا 100 مل,Saif Al Fares,100 مل,10000,عطر,العطور,high,العطور,perfumes,high,standard perfume,name=عطر اكوا اصالة صفا 100 مل; product_type=عطر,approved,standard perfume,2026-08-02T07:33:46Z,ready,proposed_child,NO,NO,NO
ARD-3835,3835,عطر اكوا اصالة مسك 100 مل,Saif Al Fares,100 مل,10000,عطر,العطور,high,المسك والمخمريات والعطور الزيتية,musk-oils-mukhammaria,high,explicit musk/oil/mukhammaria,name=عطر اكوا اصالة مسك 100 مل; product_type=عطر,corrected,explicit musk/oil/mukhammaria,2026-08-02T07:33:46Z,ready,proposed_child,NO,YES,YES
ARD-3836,3836,عطر اكوا اصالة مروة 100 مل,Saif Al Fares,100 مل,10000,عطر,العطور,high,العطور,perfumes,high,standard perfume,name=عطر اكوا اصالة مروة 100 مل; product_type=عطر,approved,standard perfume,2026-08-02T07:33:46Z,ready,proposed_child,NO,NO,NO
ARD-3837,3837,عطر اكوا اصالة شروق 100 مل,Saif Al Fares,100 مل,10000,عطر,العطور,high,العطور,perfumes,high,standard perfume,name=عطر اكوا اصالة شروق 100 مل; product_type=عطر,approved,standard perfume,2026-08-02T07:33:46Z,ready,proposed_child,NO,NO,NO
ARD-3838,3838,عطر اكوا كلماتي قمر 100 مل,Saif Al Fares,100 مل,11000,عطر,العطور,high,العطور,perfumes,high,standard perfume,name=عطر اكوا كلماتي قمر 100 مل; product_type=عطر,approved,standard perfume,2026-08-02T07:33:46Z,ready,proposed_child,NO,NO,NO
ARD-3839,3839,عطر اكوا كلماتي شمس 100 مل,Saif Al Fares,100 مل,11000,عطر,العطور,high,العطور,perfumes,high,standard perfume,name=عطر اكوا كلماتي شمس 100 مل; product_type=عطر,approved,standard perfume,2026-08-02T07:33:46Z,ready,proposed_child,NO,NO,NO
ARD-3840,3840,عطر اكوا كلماتي رحمة 100 مل,Saif Al Fares,100 مل,11000,عطر,العطور,high,العطور,perfumes,high,standard perfume,name=عطر اكوا كلماتي رحمة 100 مل; product_type=عطر,approved,standard perfume,2026-08-02T07:33:46Z,ready,proposed_child,NO,NO,NO
ARD-3842,3842,عطر اكوا كلماتي شوق 100 مل,Saif Al Fares,100 مل,11000,عطر,العطور,high,العطور,perfumes,high,standard perfume,name=عطر اكوا كلماتي شوق 100 مل; product_type=عطر,approved,standard perfume,2026-08-02T07:33:46Z,ready,proposed_child,NO,NO,NO
ARD-92,92,عطر شيخ الشيوخ المركز 80 مل,Lattafa,80 مل,14000,عطر,العطور,high,العطور,perfumes,high,standard perfume,name=عطر شيخ الشيوخ المركز 80 مل; product_type=عطر,approved,standard perfume,2026-08-02T07:33:46Z,ready,proposed_child,NO,NO,NO
ARD-249,249,عطر قائد,Lattafa,,19000,عطر,العطور,high,العطور,perfumes,high,standard perfume,name=عطر قائد; product_type=عطر,approved,standard perfume,2026-08-02T07:33:46Z,ready,proposed_child,NO,NO,NO
ARD-287,287,عطر انا الابيض,Lattafa,,18000,عطر,العطور,high,العطور,perfumes,high,standard perfume,name=عطر انا الابيض; product_type=عطر,approved,standard perfume,2026-08-02T07:33:46Z,ready,proposed_child,NO,NO,NO
ARD-308,308,عطر اختياري,Lattafa,,12000,عطر,العطور,high,العطور,perfumes,high,standard perfume,name=عطر اختياري; product_type=عطر,approved,standard perfume,2026-08-02T07:33:46Z,ready,proposed_child,NO,NO,NO
ARD-309,309,عطر وشوشه,Lattafa,,15000,عطر,العطور,high,العطور,perfumes,high,standard perfume,name=عطر وشوشه; product_type=عطر,approved,standard perfume,2026-08-02T07:33:46Z,ready,proposed_child,NO,NO,NO
ARD-310,310,عطر رغبه رجالي,Lattafa,,14000,عطر,العطور,high,العطور,perfumes,high,standard perfume,name=عطر رغبه رجالي; product_type=عطر,approved,standard perfume,2026-08-02T07:33:46Z,ready,proposed_child,NO,NO,NO
ARD-311,311,عطر رمز لطافه فضي,Lattafa,,17000,عطر,العطور,high,العطور,perfumes,high,standard perfume,name=عطر رمز لطافه فضي; product_type=عطر,approved,standard perfume,2026-08-02T07:33:46Z,ready,proposed_child,NO,NO,NO
ARD-312,312,عطر اعجازي لطافة,Lattafa,,15000,عطر,العطور,high,العطور,perfumes,high,standard perfume,name=عطر اعجازي لطافة; product_type=عطر,approved,standard perfume,2026-08-02T07:33:46Z,ready,proposed_child,NO,NO,NO
ARD-422,422,عطر خشبي,Lattafa,,20000,عطر,العطور,high,العطور,perfumes,high,standard perfume,name=عطر خشبي; product_type=عطر,approved,standard perfume,2026-08-02T07:33:46Z,ready,proposed_child,NO,NO,NO
ARD-463,463,عطر روعة العود,Lattafa,,19000,عطر,العطور,high,العطور,perfumes,high,standard perfume,name=عطر روعة العود; product_type=عطر,approved,standard perfume,2026-08-02T07:33:46Z,ready,proposed_child,NO,NO,NO
ARD-465,465,عطر قمة النساء,Lattafa,,16000,عطر,العطور,high,العطور,perfumes,high,standard perfume,name=عطر قمة النساء; product_type=عطر,approved,standard perfume,2026-08-02T07:33:46Z,ready,proposed_child,NO,NO,NO
ARD-466,466,عطر رغبه للنساء,Lattafa,,13000,عطر,العطور,high,العطور,perfumes,high,standard perfume,name=عطر رغبه للنساء; product_type=عطر,approved,standard perfume,2026-08-02T07:33:46Z,ready,proposed_child,NO,NO,NO
ARD-467,467,عطر مسك مود,Lattafa,,16000,عطر,العطور,high,المسك والمخمريات والعطور الزيتية,musk-oils-mukhammaria,high,explicit musk/oil/mukhammaria,name=عطر مسك مود; product_type=عطر,corrected,explicit musk/oil/mukhammaria,2026-08-02T07:33:46Z,ready,proposed_child,NO,YES,YES
ARD-468,468,عطر خلطات عربيه ذهبي,Lattafa,,17000,عطر,العطور,high,العطور,perfumes,high,standard perfume,name=عطر خلطات عربيه ذهبي; product_type=عطر,approved,standard perfume,2026-08-02T07:33:46Z,ready,proposed_child,NO,NO,NO
ARD-479,479,عطر قمة رجالي,Lattafa,,15000,عطر,العطور,high,العطور,perfumes,high,standard perfume,name=عطر قمة رجالي; product_type=عطر,approved,standard perfume,2026-08-02T07:33:46Z,ready,proposed_child,NO,NO,NO
ARD-663,663,عطر انا الابيض روج,Lattafa,,18000,عطر,العطور,high,العطور,perfumes,high,standard perfume,name=عطر انا الابيض روج; product_type=عطر,approved,standard perfume,2026-08-02T07:33:46Z,ready,proposed_child,NO,NO,NO
ARD-715,715,عطر رمز لطافه ذهبي,Lattafa,,17000,عطر,العطور,high,العطور,perfumes,high,standard perfume,name=عطر رمز لطافه ذهبي; product_type=عطر,approved,standard perfume,2026-08-02T07:33:46Z,ready,proposed_child,NO,NO,NO
ARD-766,766,عطر اوراق العود,Lattafa,,14000,عطر,العطور,high,العطور,perfumes,high,standard perfume,name=عطر اوراق العود; product_type=عطر,approved,standard perfume,2026-08-02T07:33:46Z,ready,proposed_child,NO,NO,NO
ARD-775,775,عطر مسك السلامه,Lattafa,,15000,عطر,العطور,high,المسك والمخمريات والعطور الزيتية,musk-oils-mukhammaria,high,explicit musk/oil/mukhammaria,name=عطر مسك السلامه; product_type=عطر,corrected,explicit musk/oil/mukhammaria,2026-08-02T07:33:46Z,ready,proposed_child,NO,YES,YES
ARD-823,823,عطر شيخ الشيوخ,Lattafa,,12000,عطر,العطور,high,العطور,perfumes,high,standard perfume,name=عطر شيخ الشيوخ; product_type=عطر,approved,standard perfume,2026-08-02T07:33:46Z,ready,proposed_child,NO,NO,NO
ARD-957,957,عطر 24 قيراط ذهبي,Lattafa,,19000,عطر,العطور,high,العطور,perfumes,high,standard perfume,name=عطر 24 قيراط ذهبي; product_type=عطر,approved,standard perfume,2026-08-02T07:33:46Z,ready,proposed_child,NO,NO,NO
ARD-958,958,عطر 24 قيراط سلفر,Lattafa,,15000,عطر,العطور,high,العطور,perfumes,high,standard perfume,name=عطر 24 قيراط سلفر; product_type=عطر,approved,standard perfume,2026-08-02T07:33:46Z,ready,proposed_child,NO,NO,NO
ARD-959,959,عطر نجدية,Lattafa,,15000,عطر,العطور,high,العطور,perfumes,high,standard perfume,name=عطر نجدية; product_type=عطر,approved,standard perfume,2026-08-02T07:33:46Z,ready,proposed_child,NO,NO,NO
ARD-970,970,عطر قائد الفرسان,Lattafa,,15000,عطر,العطور,high,العطور,perfumes,high,standard perfume,name=عطر قائد الفرسان; product_type=عطر,approved,standard perfume,2026-08-02T07:33:46Z,ready,proposed_child,NO,NO,NO
ARD-1015,1015,عطر فلفت عود,Lattafa,,23000,عطر,العطور,high,العطور,perfumes,high,standard perfume,name=عطر فلفت عود; product_type=عطر,approved,standard perfume,2026-08-02T07:33:46Z,ready,proposed_child,YES,NO,NO
ARD-1042,1042,عطر ليل ملكي,Lattafa,,15000,عطر,العطور,high,العطور,perfumes,high,standard perfume,name=عطر ليل ملكي; product_type=عطر,approved,standard perfume,2026-08-02T07:33:46Z,ready,proposed_child,YES,NO,NO
ARD-1065,1065,عود مود الكسير,Lattafa,,19000,عطر,العطور,medium,العطور,perfumes,high,standard perfume,name=عود مود الكسير; product_type=عطر,approved,standard perfume,2026-08-02T07:33:46Z,ready,proposed_child,YES,NO,NO
ARD-1172,1172,عطر فخر لطافة رجالي,Lattafa,,24000,عطر,العطور,high,العطور,perfumes,high,standard perfume,name=عطر فخر لطافة رجالي; product_type=عطر,approved,standard perfume,2026-08-02T07:33:46Z,ready,proposed_child,YES,NO,NO
ARD-1173,1173,عطر فخر لطافة نسائي,Lattafa,,24000,عطر,العطور,high,العطور,perfumes,high,standard perfume,name=عطر فخر لطافة نسائي; product_type=عطر,approved,standard perfume,2026-08-02T07:33:46Z,ready,proposed_child,YES,NO,NO
ARD-1191,1191,عطر عود مود ذهبي,Lattafa,,19000,عطر,العطور,high,العطور,perfumes,high,standard perfume,name=عطر عود مود ذهبي; product_type=عطر,approved,standard perfume,2026-08-02T07:33:46Z,ready,proposed_child,YES,NO,NO
ARD-1249,1249,عطر سر الخلود الذهبي,Lattafa,,17000,عطر,العطور,high,العطور,perfumes,high,standard perfume,name=عطر سر الخلود الذهبي; product_type=عطر,approved,standard perfume,2026-08-02T07:33:46Z,ready,proposed_child,NO,NO,NO
ARD-1250,1250,عطر امير العود,Lattafa,,15000,عطر,العطور,high,العطور,perfumes,high,standard perfume,name=عطر امير العود; product_type=عطر,approved,standard perfume,2026-08-02T07:33:46Z,ready,proposed_child,NO,NO,NO
ARD-1256,1256,عطر ماهر الذهبي,Lattafa,,35000,عطر,العطور,high,العطور,perfumes,high,standard perfume,name=عطر ماهر الذهبي; product_type=عطر,approved,standard perfume,2026-08-02T07:33:46Z,ready,proposed_child,NO,NO,NO
ARD-1322,1322,عطر رائد ذهبي,Lattafa,,25000,عطر,العطور,high,العطور,perfumes,high,standard perfume,name=عطر رائد ذهبي; product_type=عطر,approved,standard perfume,2026-08-02T07:33:46Z,ready,proposed_child,NO,NO,NO
ARD-1323,1323,عطر رائد سلفر,Lattafa,,25000,عطر,العطور,high,العطور,perfumes,high,standard perfume,name=عطر رائد سلفر; product_type=عطر,approved,standard perfume,2026-08-02T07:33:46Z,ready,proposed_child,NO,NO,NO
ARD-1330,1330,عطر اجيال,Lattafa,,17000,عطر,العطور,high,العطور,perfumes,high,standard perfume,name=عطر اجيال; product_type=عطر,approved,standard perfume,2026-08-02T07:33:46Z,ready,proposed_child,NO,NO,NO
ARD-1338,1338,عطر عروق العود اميرلد,Lattafa,,12000,عطر,العطور,high,العطور,perfumes,high,standard perfume,name=عطر عروق العود اميرلد; product_type=عطر,approved,standard perfume,2026-08-02T07:33:46Z,ready,proposed_child,NO,NO,NO
ARD-1369,1369,عطر الدر المكنون سلفر,Lattafa,,12000,عطر,العطور,high,العطور,perfumes,high,standard perfume,name=عطر الدر المكنون سلفر; product_type=عطر,approved,standard perfume,2026-08-02T07:33:46Z,ready,proposed_child,NO,NO,NO
ARD-1430,1430,عطر امير العود / انتنس عود,Lattafa,,18000,عطر,العطور,high,العطور,perfumes,high,standard perfume,name=عطر امير العود / انتنس عود; product_type=عطر,approved,standard perfume,2026-08-02T07:33:46Z,ready,proposed_child,NO,NO,NO
ARD-1433,1433,عطر بديع العود,Lattafa,,35000,عطر,العطور,high,العطور,perfumes,high,standard perfume,name=عطر بديع العود; product_type=عطر,approved,standard perfume,2026-08-02T07:33:46Z,ready,proposed_child,NO,NO,NO
ARD-1438,1438,كونفيدينتال ذهبي,Lattafa,,17000,عطر,العطور,medium,العطور,perfumes,high,standard perfume,name=كونفيدينتال ذهبي; product_type=عطر,approved,standard perfume,2026-08-02T07:33:46Z,ready,proposed_child,NO,NO,NO
ARD-1439,1439,كونفيدينتال سلفر,Lattafa,,17000,عطر,العطور,medium,العطور,perfumes,high,standard perfume,name=كونفيدينتال سلفر; product_type=عطر,approved,standard perfume,2026-08-02T07:33:46Z,ready,proposed_child,NO,NO,NO
ARD-1480,1480,عطر عود ليل ملكي,Lattafa,,15000,عطر,العطور,high,العطور,perfumes,high,standard perfume,name=عطر عود ليل ملكي; product_type=عطر,approved,standard perfume,2026-08-02T07:33:46Z,ready,proposed_child,NO,NO,NO
ARD-1513,1513,عطر خالص عودي,Lattafa,,14000,عطر,العطور,high,العطور,perfumes,high,standard perfume,name=عطر خالص عودي; product_type=عطر,approved,standard perfume,2026-08-02T07:33:46Z,ready,proposed_child,NO,NO,NO
ARD-1672,1672,عطر شيخ الشيوخ / اصدار نهائي,Lattafa,,14000,عطر,العطور,high,العطور,perfumes,high,standard perfume,name=عطر شيخ الشيوخ / اصدار نهائي; product_type=عطر,approved,standard perfume,2026-08-02T07:33:46Z,ready,proposed_child,NO,NO,NO
ARD-1684,1684,عطر جنية,Lattafa,,17000,عطر,العطور,high,العطور,perfumes,high,standard perfume,name=عطر جنية; product_type=عطر,approved,standard perfume,2026-08-02T07:33:46Z,ready,proposed_child,NO,NO,NO
ARD-1702,1702,عطر ملك الطيور مركز,Lattafa,,13000,عطر,العطور,high,العطور,perfumes,high,standard perfume,name=عطر ملك الطيور مركز; product_type=عطر,approved,standard perfume,2026-08-02T07:33:46Z,ready,proposed_child,NO,NO,NO
ARD-1744,1744,عطر اديب,Lattafa,,21000,عطر,العطور,high,العطور,perfumes,high,standard perfume,name=عطر اديب; product_type=عطر,approved,standard perfume,2026-08-02T07:33:46Z,ready,proposed_child,NO,NO,NO
ARD-1774,1774,عطر سر حبي,Lattafa,,11000,عطر,العطور,high,العطور,perfumes,high,standard perfume,name=عطر سر حبي; product_type=عطر,approved,standard perfume,2026-08-02T07:33:46Z,ready,proposed_child,NO,NO,NO
ARD-1816,1816,عطر الفرسان عود اديشن,Lattafa,,13000,عطر,العطور,high,العطور,perfumes,high,standard perfume,name=عطر الفرسان عود اديشن; product_type=عطر,approved,standard perfume,2026-08-02T07:33:46Z,ready,proposed_child,NO,NO,NO
ARD-1856,1856,عطر قلائد,Lattafa,,12000,عطر,العطور,high,العطور,perfumes,high,standard perfume,name=عطر قلائد; product_type=عطر,approved,standard perfume,2026-08-02T07:33:46Z,ready,proposed_child,NO,NO,NO
ARD-1858,1858,عطر يارا,Lattafa,,30000,عطر,العطور,high,العطور,perfumes,high,standard perfume,name=عطر يارا; product_type=عطر,approved,standard perfume,2026-08-02T07:33:46Z,ready,proposed_child,NO,NO,NO
ARD-1910,1910,عطر ماهر اسود,Lattafa,,35000,عطر,العطور,high,العطور,perfumes,high,standard perfume,name=عطر ماهر اسود; product_type=عطر,approved,standard perfume,2026-08-02T07:33:46Z,ready,proposed_child,NO,NO,NO
ARD-2105,2105,عطر اجود,Lattafa,,25000,عطر,العطور,high,العطور,perfumes,high,standard perfume,name=عطر اجود; product_type=عطر,approved,standard perfume,2026-08-02T07:33:46Z,ready,proposed_child,NO,NO,NO
ARD-2116,2116,عطر الاثال 100 مل,Lattafa,100 مل,14000,عطر,العطور,high,العطور,perfumes,high,standard perfume,name=عطر الاثال 100 مل; product_type=عطر,approved,standard perfume,2026-08-02T07:33:46Z,ready,proposed_child,NO,NO,NO
ARD-2117,2117,عطر اعجازي لطافة سلفر,Lattafa,,15000,عطر,العطور,high,العطور,perfumes,high,standard perfume,name=عطر اعجازي لطافة سلفر; product_type=عطر,approved,standard perfume,2026-08-02T07:33:46Z,ready,proposed_child,NO,NO,NO
ARD-2126,2126,عطر بديع العود اميثست,Lattafa,,35000,عطر,العطور,high,العطور,perfumes,high,standard perfume,name=عطر بديع العود اميثست; product_type=عطر,approved,standard perfume,2026-08-02T07:33:46Z,ready,proposed_child,NO,NO,NO
ARD-2143,2143,عطر ايام نساء,Lattafa,,12000,عطر,العطور,high,العطور,perfumes,high,standard perfume,name=عطر ايام نساء; product_type=عطر,approved,standard perfume,2026-08-02T07:33:46Z,ready,proposed_child,NO,NO,NO
ARD-2144,2144,عطر اساطير رجال,Lattafa,,12000,عطر,العطور,high,العطور,perfumes,high,standard perfume,name=عطر اساطير رجال; product_type=عطر,approved,standard perfume,2026-08-02T07:33:46Z,ready,proposed_child,NO,NO,NO
ARD-2145,2145,عطر اساطير نساء,Lattafa,,13000,عطر,العطور,high,العطور,perfumes,high,standard perfume,name=عطر اساطير نساء; product_type=عطر,approved,standard perfume,2026-08-02T07:33:46Z,ready,proposed_child,NO,NO,NO
ARD-2147,2147,عطر اطياف ذهبي,Lattafa,,13000,عطر,العطور,high,العطور,perfumes,high,standard perfume,name=عطر اطياف ذهبي; product_type=عطر,approved,standard perfume,2026-08-02T07:33:46Z,ready,proposed_child,NO,NO,NO
ARD-2150,2150,عطر اصحاب,Lattafa,,12000,عطر,العطور,high,العطور,perfumes,high,standard perfume,name=عطر اصحاب; product_type=عطر,approved,standard perfume,2026-08-02T07:33:46Z,ready,proposed_child,NO,NO,NO
ARD-2151,2151,عطر ثريا,Lattafa,,14000,عطر,العطور,high,العطور,perfumes,high,standard perfume,name=عطر ثريا; product_type=عطر,approved,standard perfume,2026-08-02T07:33:46Z,ready,proposed_child,NO,NO,NO
ARD-2423,2423,عطر قائد الشباب 100 مل,Lattafa,100 مل,18000,عطر,العطور,high,العطور,perfumes,high,standard perfume,name=عطر قائد الشباب 100 مل; product_type=عطر,approved,standard perfume,2026-08-02T07:33:46Z,ready,proposed_child,NO,NO,NO
ARD-2436,2436,عطر سقراط,Lattafa,,18000,عطر,العطور,high,العطور,perfumes,high,standard perfume,name=عطر سقراط; product_type=عطر,approved,standard perfume,2026-08-02T07:33:46Z,ready,proposed_child,NO,NO,NO
ARD-2437,2437,عطر حياتي الملكي 100 مل,Lattafa,100 مل,15000,عطر,العطور,high,العطور,perfumes,high,standard perfume,name=عطر حياتي الملكي 100 مل; product_type=عطر,approved,standard perfume,2026-08-02T07:33:46Z,ready,proposed_child,NO,NO,NO
ARD-2471,2471,عطر عودين 100 مل,Lattafa,100 مل,16000,عطر,العطور,high,العطور,perfumes,high,standard perfume,name=عطر عودين 100 مل; product_type=عطر,approved,standard perfume,2026-08-02T07:33:46Z,ready,proposed_child,NO,NO,NO
ARD-2493,2493,عطر سمبلي عود 100 مل,Lattafa,100 مل,19000,عطر,العطور,high,العطور,perfumes,high,standard perfume,name=عطر سمبلي عود 100 مل; product_type=عطر,approved,standard perfume,2026-08-02T07:33:46Z,ready,proposed_child,NO,NO,NO
ARD-2494,2494,عطر سطور 100 مل,Lattafa,100 مل,20000,عطر,العطور,high,العطور,perfumes,high,standard perfume,name=عطر سطور 100 مل; product_type=عطر,approved,standard perfume,2026-08-02T07:33:46Z,ready,proposed_child,NO,NO,NO
ARD-2497,2497,عطر خلطة لطافة 100 مل,Lattafa,100 مل,23000,عطر,العطور,high,العطور,perfumes,high,standard perfume,name=عطر خلطة لطافة 100 مل; product_type=عطر,approved,standard perfume,2026-08-02T07:33:46Z,ready,proposed_child,NO,NO,NO
ARD-2503,2503,عطر محاسن كرستال,Lattafa,,15000,عطر,العطور,high,العطور,perfumes,high,standard perfume,name=عطر محاسن كرستال; product_type=عطر,approved,standard perfume,2026-08-02T07:33:46Z,ready,proposed_child,NO,NO,NO
ARD-2504,2504,عطر محاسن كرستال بنفسجي,Lattafa,,15000,عطر,العطور,high,العطور,perfumes,high,standard perfume,name=عطر محاسن كرستال بنفسجي; product_type=عطر,approved,standard perfume,2026-08-02T07:33:46Z,ready,proposed_child,NO,NO,NO
ARD-2511,2511,عطر انا الابيض بودري,Lattafa,,18000,عطر,العطور,high,العطور,perfumes,high,standard perfume,name=عطر انا الابيض بودري; product_type=عطر,approved,standard perfume,2026-08-02T07:33:46Z,ready,proposed_child,NO,NO,YES
ARD-2512,2512,عطر حياتي ذهبي الكسير,Lattafa,,15000,عطر,العطور,high,العطور,perfumes,high,standard perfume,name=عطر حياتي ذهبي الكسير; product_type=عطر,approved,standard perfume,2026-08-02T07:33:46Z,ready,proposed_child,NO,NO,NO
ARD-2515,2515,عطر انا الابيض لذر 60 مل,Lattafa,60 مل,16000,عطر,العطور,high,العطور,perfumes,high,standard perfume,name=عطر انا الابيض لذر 60 مل; product_type=عطر,approved,standard perfume,2026-08-02T07:33:46Z,ready,proposed_child,NO,NO,NO
ARD-2519,2519,عطر المؤرخ 100 مل,Lattafa,100 مل,16000,عطر,العطور,high,العطور,perfumes,high,standard perfume,name=عطر المؤرخ 100 مل; product_type=عطر,approved,standard perfume,2026-08-02T07:33:46Z,ready,proposed_child,NO,NO,NO
ARD-2583,2583,عطر نجدية تربيوت,Lattafa,,14000,عطر,العطور,high,العطور,perfumes,high,standard perfume,name=عطر نجدية تربيوت; product_type=عطر,approved,standard perfume,2026-08-02T07:33:46Z,ready,proposed_child,NO,NO,NO
ARD-2648,2648,عطر الازل 100 مل,Lattafa,100 مل,14000,عطر,العطور,high,العطور,perfumes,high,standard perfume,name=عطر الازل 100 مل; product_type=عطر,approved,standard perfume,2026-08-02T07:33:46Z,ready,proposed_child,NO,NO,NO
ARD-2745,2745,عطر مهرة 100 مل,Lattafa,100 مل,19000,عطر,العطور,high,العطور,perfumes,high,standard perfume,name=عطر مهرة 100 مل; product_type=عطر,approved,standard perfume,2026-08-02T07:33:46Z,ready,proposed_child,NO,NO,NO
ARD-2753,2753,عطر اوبلينت ريد 100 مل,Lattafa,100 مل,14000,عطر,العطور,high,العطور,perfumes,high,standard perfume,name=عطر اوبلينت ريد 100 مل; product_type=عطر,approved,standard perfume,2026-08-02T07:33:46Z,ready,proposed_child,NO,NO,NO
ARD-2760,2760,عطر اسد 100 مل,Lattafa,100 مل,30000,عطر,العطور,high,العطور,perfumes,high,standard perfume,name=عطر اسد 100 مل; product_type=عطر,approved,standard perfume,2026-08-02T07:33:46Z,ready,proposed_child,NO,NO,NO
ARD-2765,2765,عطر منى 100 مل,Lattafa,100 مل,14000,عطر,العطور,high,العطور,perfumes,high,standard perfume,name=عطر منى 100 مل; product_type=عطر,approved,standard perfume,2026-08-02T07:33:46Z,ready,proposed_child,NO,NO,NO
ARD-2768,2768,عطر مهرة سيلكي روز وردي 100 مل,Lattafa,100 مل,20000,عطر,العطور,high,العطور,perfumes,high,standard perfume,name=عطر مهرة سيلكي روز وردي 100 مل; product_type=عطر,approved,standard perfume,2026-08-02T07:33:46Z,ready,proposed_child,NO,NO,NO
ARD-2773,2773,عطر عود مود تذكر 100 مل,Lattafa,100 مل,19000,عطر,العطور,high,العطور,perfumes,high,standard perfume,name=عطر عود مود تذكر 100 مل; product_type=عطر,approved,standard perfume,2026-08-02T07:33:46Z,ready,proposed_child,NO,NO,NO
ARD-2868,2868,عطر ميار,Lattafa,,25000,عطر,العطور,high,العطور,perfumes,high,standard perfume,name=عطر ميار; product_type=عطر,approved,standard perfume,2026-08-02T07:33:46Z,ready,proposed_child,NO,NO,NO
ARD-2875,2875,عطر مسمم,Lattafa,,43000,عطر,العطور,high,العطور,perfumes,high,standard perfume,name=عطر مسمم; product_type=عطر,approved,standard perfume,2026-08-02T07:33:46Z,ready,proposed_child,NO,NO,NO
ARD-2876,2876,عطر قصائد السلطان 100 مل,Lattafa,100 مل,15000,عطر,العطور,high,العطور,perfumes,high,standard perfume,name=عطر قصائد السلطان 100 مل; product_type=عطر,approved,standard perfume,2026-08-02T07:33:46Z,ready,proposed_child,NO,NO,NO
ARD-2879,2879,عطر خمرة 100 مل,Lattafa,100 مل,40000,عطر,العطور,high,العطور,perfumes,high,standard perfume,name=عطر خمرة 100 مل; product_type=عطر,approved,standard perfume,2026-08-02T07:33:46Z,ready,proposed_child,NO,NO,NO
ARD-2932,2932,عطر الاوصاف 100 مل,Lattafa,100 مل,13000,عطر,العطور,high,العطور,perfumes,high,standard perfume,name=عطر الاوصاف 100 مل; product_type=عطر,approved,standard perfume,2026-08-02T07:33:46Z,ready,proposed_child,NO,NO,NO
ARD-2933,2933,عطر تميمة 100 مل,Lattafa,100 مل,16000,عطر,العطور,high,العطور,perfumes,high,standard perfume,name=عطر تميمة 100 مل; product_type=عطر,approved,standard perfume,2026-08-02T07:33:46Z,ready,proposed_child,NO,NO,NO
ARD-2962,2962,عطر نشيط,Lattafa,,18000,عطر,العطور,high,العطور,perfumes,high,standard perfume,name=عطر نشيط; product_type=عطر,approved,standard perfume,2026-08-02T07:33:46Z,ready,proposed_child,NO,NO,NO
ARD-2971,2971,عطر كشف 100 مل,Lattafa,100 مل,15000,عطر,العطور,high,العطور,perfumes,high,standard perfume,name=عطر كشف 100 مل; product_type=عطر,approved,standard perfume,2026-08-02T07:33:46Z,ready,proposed_child,NO,NO,NO
ARD-3149,3149,عطر يارا موي 100 مل,Lattafa,100 مل,30000,عطر,العطور,high,العطور,perfumes,high,standard perfume,name=عطر يارا موي 100 مل; product_type=عطر,approved,standard perfume,2026-08-02T07:33:46Z,ready,proposed_child,NO,NO,NO
ARD-3168,3168,عطر رماد العود,Lattafa,,17000,عطر,العطور,high,العطور,perfumes,high,standard perfume,name=عطر رماد العود; product_type=عطر,approved,standard perfume,2026-08-02T07:33:46Z,ready,proposed_child,NO,NO,NO
ARD-3240,3240,عطر هيا 100 مل,Lattafa,100 مل,30000,عطر,العطور,high,العطور,perfumes,high,standard perfume,name=عطر هيا 100 مل; product_type=عطر,approved,standard perfume,2026-08-02T07:33:46Z,ready,proposed_child,NO,NO,NO
ARD-3242,3242,عطر سكينة 100 مل,Lattafa,100 مل,30000,عطر,العطور,high,العطور,perfumes,high,standard perfume,name=عطر سكينة 100 مل; product_type=عطر,approved,standard perfume,2026-08-02T07:33:46Z,ready,proposed_child,NO,NO,NO
ARD-3244,3244,عطر تاويل 100 مل,Lattafa,100 مل,27000,عطر,العطور,high,العطور,perfumes,high,standard perfume,name=عطر تاويل 100 مل; product_type=عطر,approved,standard perfume,2026-08-02T07:33:46Z,ready,proposed_child,NO,NO,NO
ARD-3245,3245,عطر ايمان 100 مل,Lattafa,100 مل,30000,عطر,العطور,high,العطور,perfumes,high,standard perfume,name=عطر ايمان 100 مل; product_type=عطر,approved,standard perfume,2026-08-02T07:33:46Z,ready,proposed_child,NO,NO,NO
ARD-3247,3247,عطر صفوان عطر العود 100 مل,Lattafa,100 مل,24000,عطر,العطور,high,العطور,perfumes,high,standard perfume,name=عطر صفوان عطر العود 100 مل; product_type=عطر,approved,standard perfume,2026-08-02T07:33:46Z,ready,proposed_child,NO,NO,NO
ARD-3259,3259,عطر صفوان عطر المسك 100 مل,Lattafa,100 مل,24000,عطر,العطور,high,المسك والمخمريات والعطور الزيتية,musk-oils-mukhammaria,high,explicit musk/oil/mukhammaria,name=عطر صفوان عطر المسك 100 مل; product_type=عطر,corrected,explicit musk/oil/mukhammaria,2026-08-02T07:33:46Z,ready,proposed_child,NO,YES,YES
ARD-3260,3260,عطر ماهر لاغسي 100 مل,Lattafa,100 مل,35000,عطر,العطور,high,العطور,perfumes,high,standard perfume,name=عطر ماهر لاغسي 100 مل; product_type=عطر,approved,standard perfume,2026-08-02T07:33:46Z,ready,proposed_child,NO,NO,NO
ARD-3346,3346,عطر خلطات عربية رويال ديلايت سلفر,Lattafa,,16000,عطر,العطور,high,العطور,perfumes,high,standard perfume,name=عطر خلطات عربية رويال ديلايت سلفر; product_type=عطر,approved,standard perfume,2026-08-02T07:33:46Z,ready,proposed_child,NO,NO,NO
ARD-3347,3347,عطر عود نجدية,Lattafa,,14000,عطر,العطور,high,العطور,perfumes,high,standard perfume,name=عطر عود نجدية; product_type=عطر,approved,standard perfume,2026-08-02T07:33:46Z,ready,proposed_child,NO,NO,NO
ARD-3348,3348,عطر انت فقط 100 مل,Lattafa,100 مل,13000,عطر,العطور,high,العطور,perfumes,high,standard perfume,name=عطر انت فقط 100 مل; product_type=عطر,approved,standard perfume,2026-08-02T07:33:46Z,ready,proposed_child,NO,NO,NO
ARD-3349,3349,عطر اورا 60 مل,Lattafa,60 مل,26000,عطر,العطور,high,العطور,perfumes,high,standard perfume,name=عطر اورا 60 مل; product_type=عطر,approved,standard perfume,2026-08-02T07:33:46Z,ready,proposed_child,NO,NO,NO
ARD-3350,3350,عطر فلفت روز 100 مل,Lattafa,100 مل,23000,عطر,العطور,high,العطور,perfumes,high,standard perfume,name=عطر فلفت روز 100 مل; product_type=عطر,approved,standard perfume,2026-08-02T07:33:46Z,ready,proposed_child,NO,NO,NO
ARD-3351,3351,عطر النبل امير 100 مل,Lattafa,100 مل,19000,عطر,العطور,high,العطور,perfumes,high,standard perfume,name=عطر النبل امير 100 مل; product_type=عطر,approved,standard perfume,2026-08-02T07:33:46Z,ready,proposed_child,NO,NO,NO
ARD-3352,3352,عطر النبل وزير 100 مل,Lattafa,100 مل,19000,عطر,العطور,high,العطور,perfumes,high,standard perfume,name=عطر النبل وزير 100 مل; product_type=عطر,approved,standard perfume,2026-08-02T07:33:46Z,ready,proposed_child,NO,NO,NO
ARD-3353,3353,عطر النبل سفير 100 مل,Lattafa,100 مل,19000,عطر,العطور,high,العطور,perfumes,high,standard perfume,name=عطر النبل سفير 100 مل; product_type=عطر,approved,standard perfume,2026-08-02T07:33:46Z,ready,proposed_child,NO,NO,NO
ARD-3354,3354,عطر رائد عود 100 مل,Lattafa,100 مل,24000,عطر,العطور,high,العطور,perfumes,high,standard perfume,name=عطر رائد عود 100 مل; product_type=عطر,approved,standard perfume,2026-08-02T07:33:46Z,ready,proposed_child,NO,NO,NO
ARD-3709,3709,عطر خمرة قهوة 100 مل,Lattafa,100 مل,40000,عطر,العطور,high,العطور,perfumes,high,standard perfume,name=عطر خمرة قهوة 100 مل; product_type=عطر,approved,standard perfume,2026-08-02T07:33:46Z,ready,proposed_child,NO,NO,NO
ARD-3710,3710,عطر عجايب دبي بورتريت ابيض 100 مل,Lattafa,100 مل,20000,عطر,العطور,high,العطور,perfumes,high,standard perfume,name=عطر عجايب دبي بورتريت ابيض 100 مل; product_type=عطر,approved,standard perfume,2026-08-02T07:33:46Z,ready,proposed_child,NO,NO,NO
ARD-3711,3711,عطر قائد الفرسان انلمتد ابيض 90 مل,Lattafa,90 مل,15000,عطر,العطور,high,العطور,perfumes,high,standard perfume,name=عطر قائد الفرسان انلمتد ابيض 90 مل; product_type=عطر,approved,standard perfume,2026-08-02T07:33:46Z,ready,proposed_child,NO,NO,NO
ARD-3712,3712,عطر يارا توس 100 مل الاصفر,Lattafa,100 مل,30000,عطر,العطور,high,العطور,perfumes,high,standard perfume,name=عطر يارا توس 100 مل الاصفر; product_type=عطر,approved,standard perfume,2026-08-02T07:33:46Z,ready,proposed_child,NO,NO,NO
ARD-3713,3713,عطر جسور 100 مل,Lattafa,100 مل,30000,عطر,العطور,high,العطور,perfumes,high,standard perfume,name=عطر جسور 100 مل; product_type=عطر,approved,standard perfume,2026-08-02T07:33:46Z,ready,proposed_child,NO,NO,NO
ARD-3714,3714,عطر ليام 100 مل,Lattafa,100 مل,25000,عطر,العطور,high,العطور,perfumes,high,standard perfume,name=عطر ليام 100 مل; product_type=عطر,approved,standard perfume,2026-08-02T07:33:46Z,ready,proposed_child,NO,NO,NO
ARD-3715,3715,عطر ليام بلو شاين 100 مل,Lattafa,100 مل,25000,عطر,العطور,high,العطور,perfumes,high,standard perfume,name=عطر ليام بلو شاين 100 مل; product_type=عطر,approved,standard perfume,2026-08-02T07:33:46Z,ready,proposed_child,NO,NO,NO
ARD-3716,3716,عطر حياتي الاسود,Lattafa,,15000,عطر,العطور,high,العطور,perfumes,high,standard perfume,name=عطر حياتي الاسود; product_type=عطر,approved,standard perfume,2026-08-02T07:33:46Z,ready,proposed_child,NO,NO,NO
ARD-3717,3717,عطر امير ذهبي 100 مل,Lattafa,100 مل,42000,عطر,العطور,high,العطور,perfumes,high,standard perfume,name=عطر امير ذهبي 100 مل; product_type=عطر,approved,standard perfume,2026-08-02T07:33:46Z,ready,proposed_child,NO,NO,NO
ARD-3746,3746,عطر مسمم ابيض,Lattafa,,42000,عطر,العطور,high,العطور,perfumes,high,standard perfume,name=عطر مسمم ابيض; product_type=عطر,approved,standard perfume,2026-08-02T07:33:46Z,ready,proposed_child,NO,NO,NO
ARD-3747,3747,عطر عجايب دبي اسود 100 مل,Lattafa,100 مل,20000,عطر,العطور,high,العطور,perfumes,high,standard perfume,name=عطر عجايب دبي اسود 100 مل; product_type=عطر,approved,standard perfume,2026-08-02T07:33:46Z,ready,proposed_child,NO,NO,NO
ARD-3851,3851,عطر ترياق 100 مل,Lattafa,100 مل,48000,عطر,العطور,high,العطور,perfumes,high,standard perfume,name=عطر ترياق 100 مل; product_type=عطر,approved,standard perfume,2026-08-02T07:33:46Z,ready,proposed_child,NO,NO,NO
ARD-3868,3868,عطر اسد زينزبار 100 مل,Lattafa,100 مل,30000,عطر,العطور,high,العطور,perfumes,high,standard perfume,name=عطر اسد زينزبار 100 مل; product_type=عطر,approved,standard perfume,2026-08-02T07:33:46Z,ready,proposed_child,NO,NO,NO
ARD-3897,3897,عطر بديع العود سبليم الاحمر,Lattafa,,35000,عطر,العطور,high,العطور,perfumes,high,standard perfume,name=عطر بديع العود سبليم الاحمر; product_type=عطر,approved,standard perfume,2026-08-02T07:33:46Z,ready,proposed_child,NO,NO,NO
ARD-3961,3961,عطر سحر لطافة 100 مل,Lattafa,100 مل,53000,عطر,العطور,high,العطور,perfumes,high,standard perfume,name=عطر سحر لطافة 100 مل; product_type=عطر,approved,standard perfume,2026-08-02T07:33:46Z,ready,proposed_child,NO,NO,NO
ARD-4014,4014,عطر يارا كاندي 100 مل,Lattafa,100 مل,30000,عطر,العطور,high,العطور,perfumes,high,standard perfume,name=عطر يارا كاندي 100 مل; product_type=عطر,approved,standard perfume,2026-08-02T07:33:46Z,ready,proposed_child,NO,NO,NO
ARD-4138,4138,عطر اكلاير 100 مل,Lattafa,100 مل,40000,عطر,العطور,high,العطور,perfumes,high,standard perfume,name=عطر اكلاير 100 مل; product_type=عطر,approved,standard perfume,2026-08-02T07:33:46Z,ready,proposed_child,NO,NO,NO
ARD-4144,4144,عطر هير كونفيشين الابيض 100 مل,Lattafa,100 مل,48000,عطر,العطور,high,العطور,perfumes,high,standard perfume,name=عطر هير كونفيشين الابيض 100 مل; product_type=عطر,approved,standard perfume,2026-08-02T07:33:46Z,ready,proposed_child,NO,NO,NO
ARD-4160,4160,عطر ترياق انتنس 100 مل,Lattafa,100 مل,49000,عطر,العطور,high,العطور,perfumes,high,standard perfume,name=عطر ترياق انتنس 100 مل; product_type=عطر,approved,standard perfume,2026-08-02T07:33:46Z,ready,proposed_child,NO,NO,NO
ARD-4179,4179,عطر كنكدوم (المملكة) 100 مل رجالي,Lattafa,100 مل,31000,عطر,العطور,high,العطور,perfumes,high,standard perfume,name=عطر كنكدوم (المملكة) 100 مل رجالي; product_type=عطر,approved,standard perfume,2026-08-02T07:33:46Z,ready,proposed_child,NO,NO,NO
ARD-4180,4180,عطر بديع العود هونور ابيض 100 مل,Lattafa,100 مل,35000,عطر,العطور,high,العطور,perfumes,high,standard perfume,name=عطر بديع العود هونور ابيض 100 مل; product_type=عطر,approved,standard perfume,2026-08-02T07:33:46Z,ready,proposed_child,NO,NO,NO
ARD-4193,4193,عطر فلفت مسك 100 مل,Lattafa,100 مل,23000,عطر,العطور,high,المسك والمخمريات والعطور الزيتية,musk-oils-mukhammaria,high,explicit musk/oil/mukhammaria,name=عطر فلفت مسك 100 مل; product_type=عطر,corrected,explicit musk/oil/mukhammaria,2026-08-02T07:33:46Z,ready,proposed_child,NO,YES,YES
ARD-4197,4197,عطر ميار ناتورال انتنس,Lattafa,,25000,عطر,العطور,high,العطور,perfumes,high,standard perfume,name=عطر ميار ناتورال انتنس; product_type=عطر,approved,standard perfume,2026-08-02T07:33:46Z,ready,proposed_child,NO,NO,NO
ARD-4214,4214,عطر عفيف 100 مل,Lattafa,100 مل,49000,عطر,العطور,high,العطور,perfumes,high,standard perfume,name=عطر عفيف 100 مل; product_type=عطر,approved,standard perfume,2026-08-02T07:33:46Z,ready,proposed_child,NO,NO,NO
ARD-4215,4215,عطر فخر لطافة اكستراكت 100 مل,Lattafa,100 مل,25000,عطر,العطور,high,العطور,perfumes,high,standard perfume,name=عطر فخر لطافة اكستراكت 100 مل; product_type=عطر,approved,standard perfume,2026-08-02T07:33:46Z,ready,proposed_child,NO,NO,NO
ARD-4246,4246,عطر بديع العود نوبل بلش 100 مل,Lattafa,100 مل,35000,عطر,العطور,high,العطور,perfumes,high,standard perfume,name=عطر بديع العود نوبل بلش 100 مل; product_type=عطر,approved,standard perfume,2026-08-02T07:33:46Z,ready,proposed_child,NO,NO,NO
ARD-4255,4255,عطر حياتي فلورنس 100 مل,Lattafa,100 مل,15000,عطر,العطور,high,العطور,perfumes,high,standard perfume,name=عطر حياتي فلورنس 100 مل; product_type=عطر,approved,standard perfume,2026-08-02T07:33:46Z,ready,proposed_child,NO,NO,NO
ARD-4256,4256,عطر انا الابيض كورال 60 مل,Lattafa,60 مل,18000,عطر,العطور,high,العطور,perfumes,high,standard perfume,name=عطر انا الابيض كورال 60 مل; product_type=عطر,approved,standard perfume,2026-08-02T07:33:46Z,ready,proposed_child,NO,NO,NO
ARD-4269,4269,عطر ليل ملكي موروكان بلو 100 مل,Lattafa,100 مل,15000,عطر,العطور,high,العطور,perfumes,high,standard perfume,name=عطر ليل ملكي موروكان بلو 100 مل; product_type=عطر,approved,standard perfume,2026-08-02T07:33:46Z,ready,proposed_child,NO,NO,NO
ARD-4273,4273,عطر انغام 100 مل,Lattafa,100 مل,29000,عطر,العطور,high,العطور,perfumes,high,standard perfume,name=عطر انغام 100 مل; product_type=عطر,approved,standard perfume,2026-08-02T07:33:46Z,ready,proposed_child,NO,NO,NO
ARD-4278,4278,عطر كنكدوم (المملكة) نسائي 100 مل,Lattafa,100 مل,31000,عطر,العطور,high,العطور,perfumes,high,standard perfume,name=عطر كنكدوم (المملكة) نسائي 100 مل; product_type=عطر,approved,standard perfume,2026-08-02T07:33:46Z,ready,proposed_child,NO,NO,NO
ARD-4286,4286,عطر مشربية 100 مل,Lattafa,100 مل,33000,عطر,العطور,high,العطور,perfumes,high,standard perfume,name=عطر مشربية 100 مل; product_type=عطر,approved,standard perfume,2026-08-02T07:33:46Z,ready,proposed_child,NO,NO,NO
ARD-4326,4326,عطر نجدية انتنس 100 مل,Lattafa,100 مل,15000,عطر,العطور,high,العطور,perfumes,high,standard perfume,name=عطر نجدية انتنس 100 مل; product_type=عطر,approved,standard perfume,2026-08-02T07:33:46Z,ready,proposed_child,NO,NO,NO
ARD-4333,4333,عطر اثيري 100 مل,Lattafa,100 مل,48000,عطر,العطور,high,العطور,perfumes,high,standard perfume,name=عطر اثيري 100 مل; product_type=عطر,approved,standard perfume,2026-08-02T07:33:46Z,ready,proposed_child,NO,NO,NO
ARD-4336,4336,عطر خمرة دخان 100 مل,Lattafa,100 مل,40000,عطر,العطور,high,العطور,perfumes,high,standard perfume,name=عطر خمرة دخان 100 مل; product_type=عطر,approved,standard perfume,2026-08-02T07:33:46Z,ready,proposed_child,NO,NO,NO
ARD-4337,4337,عطر حياتم 100 مل,Lattafa,100 مل,18000,عطر,العطور,high,العطور,perfumes,high,standard perfume,name=عطر حياتم 100 مل; product_type=عطر,approved,standard perfume,2026-08-02T07:33:46Z,ready,proposed_child,NO,NO,NO
ARD-4360,4360,عطر بيان 100 مل,Lattafa,100 مل,30000,عطر,العطور,high,العطور,perfumes,high,standard perfume,name=عطر بيان 100 مل; product_type=عطر,approved,standard perfume,2026-08-02T07:33:46Z,ready,proposed_child,NO,NO,NO
ARD-4363,4363,عطر هز كونفيشين الاسود 100 مل,Lattafa,100 مل,48000,عطر,العطور,high,العطور,perfumes,high,standard perfume,name=عطر هز كونفيشين الاسود 100 مل; product_type=عطر,approved,standard perfume,2026-08-02T07:33:46Z,ready,proposed_child,NO,NO,NO
ARD-4513,4513,عطر اجود بينك 60 مل,Lattafa,60 مل,25000,عطر,العطور,high,العطور,perfumes,high,standard perfume,name=عطر اجود بينك 60 مل; product_type=عطر,approved,standard perfume,2026-08-02T07:33:46Z,ready,proposed_child,NO,NO,NO
ARD-4587,4587,عطر ديناستي 100 مل,Lattafa,100 مل,34000,عطر,العطور,high,العطور,perfumes,high,standard perfume,name=عطر ديناستي 100 مل; product_type=عطر,approved,standard perfume,2026-08-02T07:33:46Z,ready,proposed_child,NO,NO,NO
ARD-4635,4635,عطر اطلس 55 مل,Lattafa,55 مل,32000,عطر,العطور,high,العطور,perfumes,high,standard perfume,name=عطر اطلس 55 مل; product_type=عطر,approved,standard perfume,2026-08-02T07:33:46Z,ready,proposed_child,NO,NO,YES
ARD-4637,4637,عطر اسد بوربون,Lattafa,,30000,عطر,العطور,high,العطور,perfumes,high,standard perfume,name=عطر اسد بوربون; product_type=عطر,approved,standard perfume,2026-08-02T07:33:46Z,ready,proposed_child,NO,NO,NO
ARD-4646,4646,عطر فكتوريا / لطافه,Lattafa,,38000,عطر,العطور,high,العطور,perfumes,high,standard perfume,name=عطر فكتوريا / لطافه; product_type=عطر,approved,standard perfume,2026-08-02T07:33:46Z,ready,proposed_child,NO,NO,NO
ARD-4652,4652,عطر كف مي كورماند بيري اون توب 75 مل,Lattafa,75 مل,37000,عطر,العطور,high,العطور,perfumes,high,standard perfume,name=عطر كف مي كورماند بيري اون توب 75 مل; product_type=عطر,approved,standard perfume,2026-08-02T07:33:46Z,ready,proposed_child,NO,NO,YES
ARD-4653,4653,عطر كف مي كورماند مالو مادنس 75 مل,Lattafa,75 مل,37000,عطر,العطور,high,العطور,perfumes,high,standard perfume,name=عطر كف مي كورماند مالو مادنس 75 مل; product_type=عطر,approved,standard perfume,2026-08-02T07:33:46Z,ready,proposed_child,NO,NO,YES
ARD-4654,4654,عطر كف مي كورماند ويبد بلشور 75 مل,Lattafa,75 مل,37000,عطر,العطور,high,العطور,perfumes,high,standard perfume,name=عطر كف مي كورماند ويبد بلشور 75 مل; product_type=عطر,approved,standard perfume,2026-08-02T07:33:46Z,ready,proposed_child,NO,NO,YES
ARD-4655,4655,عطر اكلاير بانوفي 100 مل,Lattafa,100 مل,40000,عطر,العطور,high,العطور,perfumes,high,standard perfume,name=عطر اكلاير بانوفي 100 مل; product_type=عطر,approved,standard perfume,2026-08-02T07:33:46Z,ready,proposed_child,NO,NO,NO
ARD-4656,4656,عطر كف مي كورماند جوكو اوفردوس 75 مل,Lattafa,75 مل,37000,عطر,العطور,high,العطور,perfumes,high,standard perfume,name=عطر كف مي كورماند جوكو اوفردوس 75 مل; product_type=عطر,approved,standard perfume,2026-08-02T07:33:46Z,ready,proposed_child,NO,NO,YES
ARD-4657,4657,عطر كف مي كورماند كوكي كرايف 75 مل,Lattafa,75 مل,37000,عطر,العطور,high,العطور,perfumes,high,standard perfume,name=عطر كف مي كورماند كوكي كرايف 75 مل; product_type=عطر,approved,standard perfume,2026-08-02T07:33:46Z,ready,proposed_child,NO,NO,YES
ARD-4658,4658,عطر كف مي كورماند فانيلا فريك 75 مل,Lattafa,75 مل,37000,عطر,العطور,high,العطور,perfumes,high,standard perfume,name=عطر كف مي كورماند فانيلا فريك 75 مل; product_type=عطر,approved,standard perfume,2026-08-02T07:33:46Z,ready,proposed_child,NO,NO,YES
ARD-4659,4659,عطر نسمات 100 مل,Lattafa,100 مل,33000,عطر,العطور,high,العطور,perfumes,high,standard perfume,name=عطر نسمات 100 مل; product_type=عطر,approved,standard perfume,2026-08-02T07:33:46Z,ready,proposed_child,NO,NO,NO
ARD-4660,4660,عطر ليان 75 مل,Lattafa,75 مل,33000,عطر,العطور,high,العطور,perfumes,high,standard perfume,name=عطر ليان 75 مل; product_type=عطر,approved,standard perfume,2026-08-02T07:33:46Z,ready,proposed_child,NO,NO,YES
ARD-4661,4661,عطر حابك للرجال 100 مل,Lattafa,100 مل,33000,عطر,العطور,high,العطور,perfumes,high,standard perfume,name=عطر حابك للرجال 100 مل; product_type=عطر,approved,standard perfume,2026-08-02T07:33:46Z,ready,proposed_child,NO,NO,NO
ARD-4662,4662,عطر حابك للنساء 100 مل,Lattafa,100 مل,33000,عطر,العطور,high,العطور,perfumes,high,standard perfume,name=عطر حابك للنساء 100 مل; product_type=عطر,approved,standard perfume,2026-08-02T07:33:46Z,ready,proposed_child,NO,NO,NO
ARD-4663,4663,عطر فاير اون ايس 110 مل,Lattafa,110 مل,43000,عطر,العطور,high,العطور,perfumes,high,standard perfume,name=عطر فاير اون ايس 110 مل; product_type=عطر,approved,standard perfume,2026-08-02T07:33:46Z,ready,proposed_child,NO,NO,YES
ARD-4666,4666,عطر شريف 100 مل,Lattafa,100 مل,33000,عطر,العطور,high,العطور,perfumes,high,standard perfume,name=عطر شريف 100 مل; product_type=عطر,approved,standard perfume,2026-08-02T07:33:46Z,ready,proposed_child,NO,NO,NO
ARD-4679,4679,عطر يارا توس كبير 150 مل,Lattafa,150 مل,17000,عطر,العطور,high,العطور,perfumes,high,standard perfume,name=عطر يارا توس كبير 150 مل; product_type=عطر,approved,standard perfume,2026-08-02T07:33:46Z,ready,proposed_child,NO,NO,NO
ARD-4680,4680,عطر شهد كبير 150 مل,Lattafa,150 مل,17000,عطر,العطور,high,العطور,perfumes,high,standard perfume,name=عطر شهد كبير 150 مل; product_type=عطر,approved,standard perfume,2026-08-02T07:33:46Z,ready,proposed_child,NO,NO,NO
ARD-4681,4681,عطر ميار ناتورال انتس كبير 150 مل,Lattafa,150 مل,17000,عطر,العطور,high,العطور,perfumes,high,standard perfume,name=عطر ميار ناتورال انتس كبير 150 مل; product_type=عطر,approved,standard perfume,2026-08-02T07:33:46Z,ready,proposed_child,NO,NO,NO
ARD-4682,4682,عطر انا الابيض روج كبير 150 مل,Lattafa,150 مل,17000,عطر,العطور,high,العطور,perfumes,high,standard perfume,name=عطر انا الابيض روج كبير 150 مل; product_type=عطر,approved,standard perfume,2026-08-02T07:33:46Z,ready,proposed_child,NO,NO,NO
ARD-4685,4685,عطر اسد الكسير 100 مل,Lattafa,100 مل,30000,عطر,العطور,high,العطور,perfumes,high,standard perfume,name=عطر اسد الكسير 100 مل; product_type=عطر,approved,standard perfume,2026-08-02T07:33:46Z,ready,proposed_child,NO,NO,NO
ARD-4686,4686,عطر يارا الكسير 100 مل,Lattafa,100 مل,30000,عطر,العطور,high,العطور,perfumes,high,standard perfume,name=عطر يارا الكسير 100 مل; product_type=عطر,approved,standard perfume,2026-08-02T07:33:46Z,ready,proposed_child,NO,NO,NO
ARD-4730,4730,عطر فخر لطافة بلاتين 100 مل,Lattafa,100 مل,25000,عطر,العطور,high,العطور,perfumes,high,standard perfume,name=عطر فخر لطافة بلاتين 100 مل; product_type=عطر,approved,standard perfume,2026-08-02T07:33:46Z,ready,proposed_child,NO,NO,NO
ARD-4731,4731,عطر اكلاير بستاشي 100 مل,Lattafa,100 مل,40000,عطر,العطور,high,العطور,perfumes,high,standard perfume,name=عطر اكلاير بستاشي 100 مل; product_type=عطر,approved,standard perfume,2026-08-02T07:33:46Z,ready,proposed_child,NO,NO,NO
ARD-4770,4770,عطر انا الابيض سكارليت 100 مل,Lattafa,100 مل,18000,عطر,العطور,high,العطور,perfumes,high,standard perfume,name=عطر انا الابيض سكارليت 100 مل; product_type=عطر,approved,standard perfume,2026-08-02T07:33:46Z,ready,proposed_child,NO,NO,NO
ARD-4771,4771,عطر النشامة كابريس 100 مل,Lattafa,100 مل,30000,عطر,العطور,high,العطور,perfumes,high,standard perfume,name=عطر النشامة كابريس 100 مل; product_type=عطر,approved,standard perfume,2026-08-02T07:33:46Z,ready,proposed_child,NO,NO,NO
ARD-4792,4792,عطر مسمم اسود انتنس,Lattafa,,43000,عطر,العطور,high,العطور,perfumes,high,standard perfume,name=عطر مسمم اسود انتنس; product_type=عطر,approved,standard perfume,2026-08-02T07:33:46Z,ready,proposed_child,NO,NO,NO
ARD-4793,4793,عطر دلال 100 مل,Lattafa,100 مل,37000,عطر,العطور,high,العطور,perfumes,high,standard perfume,name=عطر دلال 100 مل; product_type=عطر,approved,standard perfume,2026-08-02T07:33:46Z,ready,proposed_child,NO,NO,NO
ARD-4797,4797,سيت هدايا يارا كاندي,Lattafa,,30000,مجموعة عطرية,العطور,high,العطور,perfumes,high,workbook category retained after rules miss,name=سيت هدايا يارا كاندي; product_type=مجموعة عطرية,approved,workbook category retained after rules miss,2026-08-02T07:33:46Z,ready,proposed_child,NO,NO,NO
ARD-4798,4798,سيت هدايا بديع العود سبليم,Lattafa,,56000,مجموعة عطرية,العطور,high,العطور,perfumes,high,workbook category retained after rules miss,name=سيت هدايا بديع العود سبليم; product_type=مجموعة عطرية,approved,workbook category retained after rules miss,2026-08-02T07:33:46Z,ready,proposed_child,NO,NO,NO
ARD-4799,4799,سيت هدايا المملكة رجال,Lattafa,,47000,مجموعة عطرية,العطور,high,العطور,perfumes,high,workbook category retained after rules miss,name=سيت هدايا المملكة رجال; product_type=مجموعة عطرية,approved,workbook category retained after rules miss,2026-08-02T07:33:46Z,ready,proposed_child,NO,NO,NO
ARD-4800,4800,سيت هدايا ترياق,Lattafa,,64000,مجموعة عطرية,العطور,high,العطور,perfumes,high,workbook category retained after rules miss,name=سيت هدايا ترياق; product_type=مجموعة عطرية,approved,workbook category retained after rules miss,2026-08-02T07:33:46Z,ready,proposed_child,NO,NO,NO
ARD-4801,4801,سيت هدايا فخر لطافة رجال,Lattafa,,42000,مجموعة عطرية,العطور,high,العطور,perfumes,high,workbook category retained after rules miss,name=سيت هدايا فخر لطافة رجال; product_type=مجموعة عطرية,approved,workbook category retained after rules miss,2026-08-02T07:33:46Z,ready,proposed_child,NO,NO,NO
ARD-4802,4802,سيت هدايا خمرة,Lattafa,,59000,مجموعة عطرية,العطور,high,العطور,perfumes,high,workbook category retained after rules miss,name=سيت هدايا خمرة; product_type=مجموعة عطرية,approved,workbook category retained after rules miss,2026-08-02T07:33:46Z,ready,proposed_child,NO,NO,NO
ARD-4919,4919,عطر بيترا 100 مل,Lattafa,100 مل,48000,عطر,العطور,high,العطور,perfumes,high,standard perfume,name=عطر بيترا 100 مل; product_type=عطر,approved,standard perfume,2026-08-02T07:33:46Z,ready,proposed_child,NO,NO,NO
ARD-4921,4921,سيت عطر اسد 4*25 مل,Lattafa,25 مل,55000,مجموعة عطرية,العطور,high,العطور,perfumes,medium,multi-piece set — not auto-mini,name=سيت عطر اسد 4*25 مل; product_type=مجموعة عطرية,approved,multi-piece set — not auto-mini,2026-08-02T07:33:46Z,ready,proposed_child,NO,NO,YES
ARD-4997,4997,عطر انغام سكند سونك 100 مل,Lattafa,100 مل,29000,عطر,العطور,high,العطور,perfumes,high,standard perfume,name=عطر انغام سكند سونك 100 مل; product_type=عطر,approved,standard perfume,2026-08-02T07:33:46Z,ready,proposed_child,NO,NO,NO
ARD-4999,4999,عطر شيخ الشيوخ سوبريمو لطافة 100 مل,Lattafa,100 مل,17000,عطر,العطور,high,العطور,perfumes,high,standard perfume,name=عطر شيخ الشيوخ سوبريمو لطافة 100 مل; product_type=عطر,approved,standard perfume,2026-08-02T07:33:46Z,ready,proposed_child,NO,NO,NO
ARD-5036,5036,عطر ماهر هونور 100 مل,Lattafa,100 مل,35000,عطر,العطور,high,العطور,perfumes,high,standard perfume,name=عطر ماهر هونور 100 مل; product_type=عطر,approved,standard perfume,2026-08-02T07:33:46Z,ready,proposed_child,NO,NO,NO
ARD-5050,5050,عطر جوري 100 مل,Lattafa,100 مل,30000,عطر,العطور,high,العطور,perfumes,high,standard perfume,name=عطر جوري 100 مل; product_type=عطر,approved,standard perfume,2026-08-02T07:33:46Z,ready,proposed_child,NO,NO,NO
ARD-5051,5051,عطر انا الابيض باشون 100 مل,Lattafa,100 مل,18000,عطر,العطور,high,العطور,perfumes,high,standard perfume,name=عطر انا الابيض باشون 100 مل; product_type=عطر,approved,standard perfume,2026-08-02T07:33:46Z,ready,proposed_child,NO,NO,NO
ARD-5058,5058,عطر خمرة واحة 100 مل,Lattafa,100 مل,40000,عطر,العطور,high,العطور,perfumes,high,standard perfume,name=عطر خمرة واحة 100 مل; product_type=عطر,approved,standard perfume,2026-08-02T07:33:46Z,ready,proposed_child,NO,NO,NO
ARD-5060,5060,عطر كرييتف ارت 100 مل,Lattafa,100 مل,60000,عطر,العطور,high,العطور,perfumes,high,standard perfume,name=عطر كرييتف ارت 100 مل; product_type=عطر,approved,standard perfume,2026-08-02T07:33:46Z,ready,proposed_child,NO,NO,NO
ARD-5157,5157,عطر مشلح 100 مل,Lattafa,100 مل,33000,عطر,العطور,high,العطور,perfumes,high,standard perfume,name=عطر مشلح 100 مل; product_type=عطر,approved,standard perfume,2026-08-02T07:33:46Z,ready,proposed_child,NO,NO,NO
ARD-5159,5159,عطر رغد 100 مل,Lattafa,100 مل,47000,عطر,العطور,high,العطور,perfumes,high,standard perfume,name=عطر رغد 100 مل; product_type=عطر,approved,standard perfume,2026-08-02T07:33:46Z,ready,proposed_child,NO,NO,NO
ARD-561,561,معطر جسم وشوشه,Lattafa,,3000,معطر جسم أو بودي مست,معطرات الجسم والبودي مست,high,معطرات الجسم والبودي مست,body-mist-splash,high,explicit body mist/splash,name=معطر جسم وشوشه; product_type=معطر جسم أو بودي مست,approved,explicit body mist/splash,2026-08-02T07:33:46Z,ready,proposed_child,NO,NO,NO
ARD-562,562,معطر جسم انا الابيض,Lattafa,,3000,معطر جسم أو بودي مست,معطرات الجسم والبودي مست,high,معطرات الجسم والبودي مست,body-mist-splash,high,explicit body mist/splash,name=معطر جسم انا الابيض; product_type=معطر جسم أو بودي مست,approved,explicit body mist/splash,2026-08-02T07:33:46Z,ready,proposed_child,NO,NO,NO
ARD-869,869,معطر جسم شيخ الشيوخ,Lattafa,,3000,معطر جسم أو بودي مست,معطرات الجسم والبودي مست,high,معطرات الجسم والبودي مست,body-mist-splash,high,explicit body mist/splash,name=معطر جسم شيخ الشيوخ; product_type=معطر جسم أو بودي مست,approved,explicit body mist/splash,2026-08-02T07:33:46Z,ready,proposed_child,NO,NO,NO
ARD-870,870,معطر جسم محاسن كرستال,Lattafa,,3000,معطر جسم أو بودي مست,معطرات الجسم والبودي مست,high,معطرات الجسم والبودي مست,body-mist-splash,high,explicit body mist/splash,name=معطر جسم محاسن كرستال; product_type=معطر جسم أو بودي مست,approved,explicit body mist/splash,2026-08-02T07:33:46Z,ready,proposed_child,NO,NO,NO
ARD-871,871,معطر جسم رغبة,Lattafa,,3000,معطر جسم أو بودي مست,معطرات الجسم والبودي مست,high,معطرات الجسم والبودي مست,body-mist-splash,high,explicit body mist/splash,name=معطر جسم رغبة; product_type=معطر جسم أو بودي مست,approved,explicit body mist/splash,2026-08-02T07:33:46Z,ready,proposed_child,NO,NO,NO
ARD-1087,1087,معطر شيخ شيوخ مركز,Lattafa,,3000,معطر,معطرات الجسم والبودي مست,medium,معطرات الجسم والبودي مست,body-mist-splash,medium,workbook category retained after rules miss,name=معطر شيخ شيوخ مركز; product_type=معطر,approved,workbook category retained after rules miss,2026-08-02T07:33:46Z,ready,proposed_child,NO,NO,YES
ARD-1092,1092,معطر جسم ريس,Lattafa,,3000,معطر جسم أو بودي مست,معطرات الجسم والبودي مست,high,معطرات الجسم والبودي مست,body-mist-splash,high,explicit body mist/splash,name=معطر جسم ريس; product_type=معطر جسم أو بودي مست,approved,explicit body mist/splash,2026-08-02T07:33:46Z,ready,proposed_child,NO,NO,NO
ARD-1871,1871,معطر محاسن كرستال بنفسجي,Lattafa,,3000,معطر,معطرات الجسم والبودي مست,medium,معطرات الجسم والبودي مست,body-mist-splash,medium,workbook category retained after rules miss,name=معطر محاسن كرستال بنفسجي; product_type=معطر,approved,workbook category retained after rules miss,2026-08-02T07:33:46Z,ready,proposed_child,NO,NO,YES
ARD-1881,1881,معطر شيخ الشيوخ خصوصي,Lattafa,,3000,معطر,معطرات الجسم والبودي مست,medium,معطرات الجسم والبودي مست,body-mist-splash,medium,workbook category retained after rules miss,name=معطر شيخ الشيوخ خصوصي; product_type=معطر,approved,workbook category retained after rules miss,2026-08-02T07:33:46Z,ready,proposed_child,NO,NO,YES
ARD-1884,1884,معطر خالص عود,Lattafa,,3000,معطر,معطرات الجسم والبودي مست,medium,معطرات الجسم والبودي مست,body-mist-splash,medium,workbook category retained after rules miss,name=معطر خالص عود; product_type=معطر,approved,workbook category retained after rules miss,2026-08-02T07:33:46Z,ready,proposed_child,NO,NO,YES
ARD-1885,1885,معطر جسم الدر المكنون,Lattafa,,3000,معطر جسم أو بودي مست,معطرات الجسم والبودي مست,high,معطرات الجسم والبودي مست,body-mist-splash,high,explicit body mist/splash,name=معطر جسم الدر المكنون; product_type=معطر جسم أو بودي مست,approved,explicit body mist/splash,2026-08-02T07:33:46Z,ready,proposed_child,NO,NO,NO
ARD-1886,1886,معطر جسم 24 قيراط ذهبي,Lattafa,,3000,معطر جسم أو بودي مست,معطرات الجسم والبودي مست,high,معطرات الجسم والبودي مست,body-mist-splash,high,explicit body mist/splash,name=معطر جسم 24 قيراط ذهبي; product_type=معطر جسم أو بودي مست,approved,explicit body mist/splash,2026-08-02T07:33:46Z,ready,proposed_child,NO,NO,NO
ARD-2313,2313,معطر جسم لطافة قائد,Lattafa,,3000,معطر جسم أو بودي مست,معطرات الجسم والبودي مست,high,معطرات الجسم والبودي مست,body-mist-splash,high,explicit body mist/splash,name=معطر جسم لطافة قائد; product_type=معطر جسم أو بودي مست,approved,explicit body mist/splash,2026-08-02T07:33:46Z,ready,proposed_child,NO,NO,NO
ARD-2314,2314,معطر جسم لطافة ماهر,Lattafa,,3000,معطر جسم أو بودي مست,معطرات الجسم والبودي مست,high,معطرات الجسم والبودي مست,body-mist-splash,high,explicit body mist/splash,name=معطر جسم لطافة ماهر; product_type=معطر جسم أو بودي مست,approved,explicit body mist/splash,2026-08-02T07:33:46Z,ready,proposed_child,NO,NO,NO
ARD-2315,2315,معطر جسم لطافة رائد لوكس,Lattafa,,3000,معطر جسم أو بودي مست,معطرات الجسم والبودي مست,high,معطرات الجسم والبودي مست,body-mist-splash,high,explicit body mist/splash,name=معطر جسم لطافة رائد لوكس; product_type=معطر جسم أو بودي مست,approved,explicit body mist/splash,2026-08-02T07:33:46Z,ready,proposed_child,NO,NO,NO
ARD-2316,2316,معطر جسم لطافة بديع العود,Lattafa,,3000,معطر جسم أو بودي مست,معطرات الجسم والبودي مست,high,معطرات الجسم والبودي مست,body-mist-splash,high,explicit body mist/splash,name=معطر جسم لطافة بديع العود; product_type=معطر جسم أو بودي مست,approved,explicit body mist/splash,2026-08-02T07:33:46Z,ready,proposed_child,NO,NO,NO
ARD-2317,2317,معطر جسم لطافة حياتي,Lattafa,,3000,معطر جسم أو بودي مست,معطرات الجسم والبودي مست,high,معطرات الجسم والبودي مست,body-mist-splash,high,explicit body mist/splash,name=معطر جسم لطافة حياتي; product_type=معطر جسم أو بودي مست,approved,explicit body mist/splash,2026-08-02T07:33:46Z,ready,proposed_child,NO,NO,NO
ARD-2318,2318,معطر جسم لطافة مسك سلامة,Lattafa,,3000,معطر جسم أو بودي مست,معطرات الجسم والبودي مست,high,معطرات الجسم والبودي مست,body-mist-splash,high,explicit body mist/splash,name=معطر جسم لطافة مسك سلامة; product_type=معطر جسم أو بودي مست,approved,explicit body mist/splash,2026-08-02T07:33:46Z,ready,proposed_child,NO,NO,YES
ARD-2319,2319,معطر جسم لطافة رمز لطافة ذهبي,Lattafa,,3000,معطر جسم أو بودي مست,معطرات الجسم والبودي مست,high,معطرات الجسم والبودي مست,body-mist-splash,high,explicit body mist/splash,name=معطر جسم لطافة رمز لطافة ذهبي; product_type=معطر جسم أو بودي مست,approved,explicit body mist/splash,2026-08-02T07:33:46Z,ready,proposed_child,NO,NO,NO
ARD-2321,2321,معطر جسم لطافة فلفت عود,Lattafa,,3000,معطر جسم أو بودي مست,معطرات الجسم والبودي مست,high,معطرات الجسم والبودي مست,body-mist-splash,high,explicit body mist/splash,name=معطر جسم لطافة فلفت عود; product_type=معطر جسم أو بودي مست,approved,explicit body mist/splash,2026-08-02T07:33:46Z,ready,proposed_child,NO,NO,NO
ARD-2322,2322,معطر جسم لطافة فخر لطافة نسائي,Lattafa,,3000,معطر جسم أو بودي مست,معطرات الجسم والبودي مست,high,معطرات الجسم والبودي مست,body-mist-splash,high,explicit body mist/splash,name=معطر جسم لطافة فخر لطافة نسائي; product_type=معطر جسم أو بودي مست,approved,explicit body mist/splash,2026-08-02T07:33:46Z,ready,proposed_child,NO,NO,NO
ARD-2323,2323,معطر جسم لطافة يارا,Lattafa,,3000,معطر جسم أو بودي مست,معطرات الجسم والبودي مست,high,معطرات الجسم والبودي مست,body-mist-splash,high,explicit body mist/splash,name=معطر جسم لطافة يارا; product_type=معطر جسم أو بودي مست,approved,explicit body mist/splash,2026-08-02T07:33:46Z,ready,proposed_child,NO,NO,NO
ARD-2667,2667,معطر جسم ثريا 200 مل,Lattafa,200 مل,3000,معطر جسم أو بودي مست,معطرات الجسم والبودي مست,high,معطرات الجسم والبودي مست,body-mist-splash,high,explicit body mist/splash,name=معطر جسم ثريا 200 مل; product_type=معطر جسم أو بودي مست,approved,explicit body mist/splash,2026-08-02T07:33:46Z,ready,proposed_child,NO,NO,NO
ARD-2668,2668,معطر جسم افكار 200 مل,Lattafa,200 مل,3000,معطر جسم أو بودي مست,معطرات الجسم والبودي مست,high,معطرات الجسم والبودي مست,body-mist-splash,high,explicit body mist/splash,name=معطر جسم افكار 200 مل; product_type=معطر جسم أو بودي مست,approved,explicit body mist/splash,2026-08-02T07:33:46Z,ready,proposed_child,NO,NO,NO
ARD-2669,2669,معطر جسم انا الابيض بودري 200 مل,Lattafa,200 مل,3000,معطر جسم أو بودي مست,معطرات الجسم والبودي مست,high,معطرات الجسم والبودي مست,body-mist-splash,high,explicit body mist/splash,name=معطر جسم انا الابيض بودري 200 مل; product_type=معطر جسم أو بودي مست,approved,explicit body mist/splash,2026-08-02T07:33:46Z,ready,proposed_child,NO,NO,YES
ARD-2670,2670,معطر جسم اصحاب 200 مل,Lattafa,200 مل,3000,معطر جسم أو بودي مست,معطرات الجسم والبودي مست,high,معطرات الجسم والبودي مست,body-mist-splash,high,explicit body mist/splash,name=معطر جسم اصحاب 200 مل; product_type=معطر جسم أو بودي مست,approved,explicit body mist/splash,2026-08-02T07:33:46Z,ready,proposed_child,NO,NO,NO
ARD-2671,2671,معطر جسم بديع العود اميثست 200 مل,Lattafa,200 مل,3000,معطر جسم أو بودي مست,معطرات الجسم والبودي مست,high,معطرات الجسم والبودي مست,body-mist-splash,high,explicit body mist/splash,name=معطر جسم بديع العود اميثست 200 مل; product_type=معطر جسم أو بودي مست,approved,explicit body mist/splash,2026-08-02T07:33:46Z,ready,proposed_child,NO,NO,NO
ARD-2672,2672,معطر جسم انت الاول 200 مل,Lattafa,200 مل,3000,معطر جسم أو بودي مست,معطرات الجسم والبودي مست,high,معطرات الجسم والبودي مست,body-mist-splash,high,explicit body mist/splash,name=معطر جسم انت الاول 200 مل; product_type=معطر جسم أو بودي مست,approved,explicit body mist/splash,2026-08-02T07:33:46Z,ready,proposed_child,NO,NO,NO
ARD-2674,2674,معطر قائد الشباب 200 مل,Lattafa,200 مل,3000,معطر,معطرات الجسم والبودي مست,medium,معطرات الجسم والبودي مست,body-mist-splash,medium,workbook category retained after rules miss,name=معطر قائد الشباب 200 مل; product_type=معطر,approved,workbook category retained after rules miss,2026-08-02T07:33:46Z,ready,proposed_child,NO,NO,YES
ARD-2675,2675,معطر جسم وصف 200 مل,Lattafa,200 مل,3000,معطر جسم أو بودي مست,معطرات الجسم والبودي مست,high,معطرات الجسم والبودي مست,body-mist-splash,high,explicit body mist/splash,name=معطر جسم وصف 200 مل; product_type=معطر جسم أو بودي مست,approved,explicit body mist/splash,2026-08-02T07:33:46Z,ready,proposed_child,NO,NO,NO
ARD-2970,2970,معطر جسم اميرة العرب,Lattafa,,3000,معطر جسم أو بودي مست,معطرات الجسم والبودي مست,high,معطرات الجسم والبودي مست,body-mist-splash,high,explicit body mist/splash,name=معطر جسم اميرة العرب; product_type=معطر جسم أو بودي مست,approved,explicit body mist/splash,2026-08-02T07:33:46Z,ready,proposed_child,NO,NO,NO
ARD-3262,3262,معطر يارا موي 200 مل,Lattafa,200 مل,3000,معطر,معطرات الجسم والبودي مست,medium,معطرات الجسم والبودي مست,body-mist-splash,medium,workbook category retained after rules miss,name=معطر يارا موي 200 مل; product_type=معطر,approved,workbook category retained after rules miss,2026-08-02T07:33:46Z,ready,proposed_child,NO,NO,YES
ARD-3263,3263,معطر جسم امير العود انتنس عود 200 مل,Lattafa,200 مل,3000,معطر جسم أو بودي مست,معطرات الجسم والبودي مست,high,معطرات الجسم والبودي مست,body-mist-splash,high,explicit body mist/splash,name=معطر جسم امير العود انتنس عود 200 مل; product_type=معطر جسم أو بودي مست,approved,explicit body mist/splash,2026-08-02T07:33:46Z,ready,proposed_child,NO,NO,NO
ARD-3273,3273,معطر ميار 200 مل,Lattafa,200 مل,3000,معطر,معطرات الجسم والبودي مست,medium,معطرات الجسم والبودي مست,body-mist-splash,medium,workbook category retained after rules miss,name=معطر ميار 200 مل; product_type=معطر,approved,workbook category retained after rules miss,2026-08-02T07:33:46Z,ready,proposed_child,NO,NO,YES
ARD-3275,3275,معطر مهرة 200 مل,Lattafa,200 مل,3000,معطر,معطرات الجسم والبودي مست,medium,معطرات الجسم والبودي مست,body-mist-splash,medium,workbook category retained after rules miss,name=معطر مهرة 200 مل; product_type=معطر,approved,workbook category retained after rules miss,2026-08-02T07:33:46Z,ready,proposed_child,NO,NO,YES
ARD-3277,3277,معطر جسم انا الابيض روج 200 مل,Lattafa,200 مل,3000,معطر جسم أو بودي مست,معطرات الجسم والبودي مست,high,معطرات الجسم والبودي مست,body-mist-splash,high,explicit body mist/splash,name=معطر جسم انا الابيض روج 200 مل; product_type=معطر جسم أو بودي مست,approved,explicit body mist/splash,2026-08-02T07:33:46Z,ready,proposed_child,NO,NO,NO
ARD-3279,3279,معطر فلفت روز 200 مل,Lattafa,200 مل,3000,معطر,معطرات الجسم والبودي مست,medium,معطرات الجسم والبودي مست,body-mist-splash,medium,workbook category retained after rules miss,name=معطر فلفت روز 200 مل; product_type=معطر,approved,workbook category retained after rules miss,2026-08-02T07:33:46Z,ready,proposed_child,NO,NO,YES
ARD-3280,3280,معطر خمرة 200 مل,Lattafa,200 مل,3000,معطر,معطرات الجسم والبودي مست,medium,معطرات الجسم والبودي مست,body-mist-splash,medium,workbook category retained after rules miss,name=معطر خمرة 200 مل; product_type=معطر,approved,workbook category retained after rules miss,2026-08-02T07:33:46Z,ready,proposed_child,NO,NO,YES
ARD-3282,3282,معطر عزيزة 200 مل,Lattafa,200 مل,3000,معطر,معطرات الجسم والبودي مست,medium,معطرات الجسم والبودي مست,body-mist-splash,medium,workbook category retained after rules miss,name=معطر عزيزة 200 مل; product_type=معطر,approved,workbook category retained after rules miss,2026-08-02T07:33:46Z,ready,proposed_child,NO,NO,YES
ARD-3283,3283,معطر اجود 200 مل,Lattafa,200 مل,3000,معطر,معطرات الجسم والبودي مست,medium,معطرات الجسم والبودي مست,body-mist-splash,medium,workbook category retained after rules miss,name=معطر اجود 200 مل; product_type=معطر,approved,workbook category retained after rules miss,2026-08-02T07:33:46Z,ready,proposed_child,NO,NO,YES
ARD-3284,3284,معطر شهد 200 مل,Lattafa,200 مل,3000,معطر,معطرات الجسم والبودي مست,medium,معطرات الجسم والبودي مست,body-mist-splash,medium,workbook category retained after rules miss,name=معطر شهد 200 مل; product_type=معطر,approved,workbook category retained after rules miss,2026-08-02T07:33:46Z,ready,proposed_child,NO,NO,YES
ARD-3900,3900,معطر جسم رمز لطافة سلفر 200 مل,Lattafa,200 مل,3000,معطر جسم أو بودي مست,معطرات الجسم والبودي مست,high,معطرات الجسم والبودي مست,body-mist-splash,high,explicit body mist/splash,name=معطر جسم رمز لطافة سلفر 200 مل; product_type=معطر جسم أو بودي مست,approved,explicit body mist/splash,2026-08-02T07:33:46Z,ready,proposed_child,NO,NO,NO
ARD-4156,4156,معطر جسم اميرة العرب برايف روز 200 مل,Lattafa,200 مل,3000,معطر جسم أو بودي مست,معطرات الجسم والبودي مست,high,معطرات الجسم والبودي مست,body-mist-splash,high,explicit body mist/splash,name=معطر جسم اميرة العرب برايف روز 200 مل; product_type=معطر جسم أو بودي مست,approved,explicit body mist/splash,2026-08-02T07:33:46Z,ready,proposed_child,NO,NO,NO
ARD-4157,4157,معطر جسم ماهر لاغاسي 200 مل,Lattafa,200 مل,3000,معطر جسم أو بودي مست,معطرات الجسم والبودي مست,high,معطرات الجسم والبودي مست,body-mist-splash,high,explicit body mist/splash,name=معطر جسم ماهر لاغاسي 200 مل; product_type=معطر جسم أو بودي مست,approved,explicit body mist/splash,2026-08-02T07:33:46Z,ready,proposed_child,NO,NO,NO
ARD-4158,4158,معطر جسم عود مود 200 مل,Lattafa,200 مل,3000,معطر جسم أو بودي مست,معطرات الجسم والبودي مست,high,معطرات الجسم والبودي مست,body-mist-splash,high,explicit body mist/splash,name=معطر جسم عود مود 200 مل; product_type=معطر جسم أو بودي مست,approved,explicit body mist/splash,2026-08-02T07:33:46Z,ready,proposed_child,NO,NO,NO
ARD-4159,4159,معطر مسك مود 200 مل,Lattafa,200 مل,3000,معطر,معطرات الجسم والبودي مست,medium,المسك والمخمريات والعطور الزيتية,musk-oils-mukhammaria,high,explicit musk/oil/mukhammaria,name=معطر مسك مود 200 مل; product_type=معطر,corrected,explicit musk/oil/mukhammaria,2026-08-02T07:33:46Z,ready,proposed_child,NO,YES,YES
ARD-4212,4212,معطر جسم لطافة فخر لطافة رجالي,Lattafa,,3000,معطر جسم أو بودي مست,معطرات الجسم والبودي مست,high,معطرات الجسم والبودي مست,body-mist-splash,high,explicit body mist/splash,name=معطر جسم لطافة فخر لطافة رجالي; product_type=معطر جسم أو بودي مست,approved,explicit body mist/splash,2026-08-02T07:33:46Z,ready,proposed_child,NO,NO,NO
ARD-4239,4239,معطر جسم اسد 200 مل,Lattafa,200 مل,3000,معطر جسم أو بودي مست,معطرات الجسم والبودي مست,high,معطرات الجسم والبودي مست,body-mist-splash,high,explicit body mist/splash,name=معطر جسم اسد 200 مل; product_type=معطر جسم أو بودي مست,approved,explicit body mist/splash,2026-08-02T07:33:46Z,ready,proposed_child,NO,NO,NO
ARD-4242,4242,معطر يارا توس 200 مل,Lattafa,200 مل,3000,معطر,معطرات الجسم والبودي مست,medium,معطرات الجسم والبودي مست,body-mist-splash,medium,workbook category retained after rules miss,name=معطر يارا توس 200 مل; product_type=معطر,approved,workbook category retained after rules miss,2026-08-02T07:33:46Z,ready,proposed_child,NO,NO,YES
ARD-4265,4265,معطر جسم بديع العود احمر 200 مل,Lattafa,200 مل,3000,معطر جسم أو بودي مست,معطرات الجسم والبودي مست,high,معطرات الجسم والبودي مست,body-mist-splash,high,explicit body mist/splash,name=معطر جسم بديع العود احمر 200 مل; product_type=معطر جسم أو بودي مست,approved,explicit body mist/splash,2026-08-02T07:33:46Z,ready,proposed_child,NO,NO,NO
ARD-4266,4266,معطر جسم بديع العود هونور الابيض 200 مل,Lattafa,200 مل,3000,معطر جسم أو بودي مست,معطرات الجسم والبودي مست,high,معطرات الجسم والبودي مست,body-mist-splash,high,explicit body mist/splash,name=معطر جسم بديع العود هونور الابيض 200 مل; product_type=معطر جسم أو بودي مست,approved,explicit body mist/splash,2026-08-02T07:33:46Z,ready,proposed_child,NO,NO,NO
ARD-4329,4329,معطر اسد زينزبار 200 مل,Lattafa,200 مل,3000,معطر,معطرات الجسم والبودي مست,medium,معطرات الجسم والبودي مست,body-mist-splash,medium,workbook category retained after rules miss,name=معطر اسد زينزبار 200 مل; product_type=معطر,approved,workbook category retained after rules miss,2026-08-02T07:33:46Z,ready,proposed_child,NO,NO,YES
ARD-4330,4330,معطر ميار ناتورال انتنس 200 مل,Lattafa,200 مل,3000,معطر,معطرات الجسم والبودي مست,medium,معطرات الجسم والبودي مست,body-mist-splash,medium,workbook category retained after rules miss,name=معطر ميار ناتورال انتنس 200 مل; product_type=معطر,approved,workbook category retained after rules miss,2026-08-02T07:33:46Z,ready,proposed_child,NO,NO,YES
ARD-4461,4461,معطر اكلاير 200 مل,Lattafa,200 مل,3000,معطر,معطرات الجسم والبودي مست,medium,معطرات الجسم والبودي مست,body-mist-splash,medium,workbook category retained after rules miss,name=معطر اكلاير 200 مل; product_type=معطر,approved,workbook category retained after rules miss,2026-08-02T07:33:46Z,ready,proposed_child,NO,NO,YES
ARD-4490,4490,معطر خمرة قهوه 200 مل,Lattafa,200 مل,3000,معطر,معطرات الجسم والبودي مست,medium,معطرات الجسم والبودي مست,body-mist-splash,medium,workbook category retained after rules miss,name=معطر خمرة قهوه 200 مل; product_type=معطر,approved,workbook category retained after rules miss,2026-08-02T07:33:46Z,ready,proposed_child,NO,NO,YES
ARD-4491,4491,معطر حياتي فلورنس 200 مل / لطافه,Lattafa,200 مل,3000,معطر,معطرات الجسم والبودي مست,medium,معطرات الجسم والبودي مست,body-mist-splash,medium,workbook category retained after rules miss,name=معطر حياتي فلورنس 200 مل / لطافه; product_type=معطر,approved,workbook category retained after rules miss,2026-08-02T07:33:46Z,ready,proposed_child,NO,NO,YES
ARD-4554,4554,معطر مسمم ابيض انتنس 200 مل,Lattafa,200 مل,3000,معطر,معطرات الجسم والبودي مست,medium,معطرات الجسم والبودي مست,body-mist-splash,medium,workbook category retained after rules miss,name=معطر مسمم ابيض انتنس 200 مل; product_type=معطر,approved,workbook category retained after rules miss,2026-08-02T07:33:46Z,ready,proposed_child,NO,NO,YES
ARD-4555,4555,معطر جسم حياتي الملكي,Lattafa,,3000,معطر جسم أو بودي مست,معطرات الجسم والبودي مست,high,معطرات الجسم والبودي مست,body-mist-splash,high,explicit body mist/splash,name=معطر جسم حياتي الملكي; product_type=معطر جسم أو بودي مست,approved,explicit body mist/splash,2026-08-02T07:33:46Z,ready,proposed_child,NO,NO,NO
ARD-4556,4556,معطر اسد بوبون,Lattafa,,3000,معطر,معطرات الجسم والبودي مست,medium,معطرات الجسم والبودي مست,body-mist-splash,medium,workbook category retained after rules miss,name=معطر اسد بوبون; product_type=معطر,approved,workbook category retained after rules miss,2026-08-02T07:33:46Z,ready,proposed_child,NO,NO,YES
ARD-4566,4566,معطر قائد الفرسان 200 مل,Lattafa,200 مل,3000,معطر,معطرات الجسم والبودي مست,medium,معطرات الجسم والبودي مست,body-mist-splash,medium,workbook category retained after rules miss,name=معطر قائد الفرسان 200 مل; product_type=معطر,approved,workbook category retained after rules miss,2026-08-02T07:33:46Z,ready,proposed_child,NO,NO,YES
ARD-4567,4567,معطر جسم ماهر اسود 200 مل,Lattafa,200 مل,3000,معطر جسم أو بودي مست,معطرات الجسم والبودي مست,high,معطرات الجسم والبودي مست,body-mist-splash,high,explicit body mist/splash,name=معطر جسم ماهر اسود 200 مل; product_type=معطر جسم أو بودي مست,approved,explicit body mist/splash,2026-08-02T07:33:46Z,ready,proposed_child,NO,NO,NO
ARD-4703,4703,معطر جسم ترياق 200 مل,Lattafa,200 مل,3000,معطر جسم أو بودي مست,معطرات الجسم والبودي مست,high,معطرات الجسم والبودي مست,body-mist-splash,high,explicit body mist/splash,name=معطر جسم ترياق 200 مل; product_type=معطر جسم أو بودي مست,approved,explicit body mist/splash,2026-08-02T07:33:46Z,ready,proposed_child,NO,NO,NO
ARD-4704,4704,معطر فكتوريا 200 مل,Lattafa,200 مل,3000,معطر,معطرات الجسم والبودي مست,medium,معطرات الجسم والبودي مست,body-mist-splash,medium,workbook category retained after rules miss,name=معطر فكتوريا 200 مل; product_type=معطر,approved,workbook category retained after rules miss,2026-08-02T07:33:46Z,ready,proposed_child,NO,NO,YES
ARD-4705,4705,معطر اجود بينك 200 مل,Lattafa,200 مل,3000,معطر,معطرات الجسم والبودي مست,medium,معطرات الجسم والبودي مست,body-mist-splash,medium,workbook category retained after rules miss,name=معطر اجود بينك 200 مل; product_type=معطر,approved,workbook category retained after rules miss,2026-08-02T07:33:46Z,ready,proposed_child,NO,NO,YES
ARD-4706,4706,معطر هيا 200 مل,Lattafa,200 مل,3000,معطر,معطرات الجسم والبودي مست,medium,معطرات الجسم والبودي مست,body-mist-splash,medium,workbook category retained after rules miss,name=معطر هيا 200 مل; product_type=معطر,approved,workbook category retained after rules miss,2026-08-02T07:33:46Z,ready,proposed_child,NO,NO,YES
ARD-4707,4707,معطر انغام 200 مل,Lattafa,200 مل,3000,معطر,معطرات الجسم والبودي مست,medium,معطرات الجسم والبودي مست,body-mist-splash,medium,workbook category retained after rules miss,name=معطر انغام 200 مل; product_type=معطر,approved,workbook category retained after rules miss,2026-08-02T07:33:46Z,ready,proposed_child,NO,NO,YES
ARD-2969,2969,معطر جو اميرة العرب / اصداف,Lattafa,,3000,معطر منزل وجو,معطرات المنزل والمفارش والجو,high,معطرات المنزل والمفارش والجو,home-linen-air,high,explicit home fragrance,name=معطر جو اميرة العرب / اصداف; product_type=معطر منزل وجو,approved,explicit home fragrance,2026-08-02T07:33:46Z,ready,proposed_child,NO,NO,NO
ARD-1318,1318,30 مل الشموخ,Lattafa,30 مل,7000,عطر,العطور,medium,العطور,perfumes,high,standard perfume,name=30 مل الشموخ; product_type=عطر,approved,standard perfume,2026-08-02T07:33:46Z,ready,proposed_child,NO,NO,YES
ARD-1319,1319,30 مل ثراء,Lattafa,30 مل,7000,عطر,العطور,medium,العطور,perfumes,high,standard perfume,name=30 مل ثراء; product_type=عطر,approved,standard perfume,2026-08-02T07:33:46Z,ready,proposed_child,NO,NO,YES
ARD-1320,1320,30 مل معالي,Lattafa,30 مل,7000,عطر,العطور,medium,العطور,perfumes,high,standard perfume,name=30 مل معالي; product_type=عطر,approved,standard perfume,2026-08-02T07:33:46Z,ready,proposed_child,NO,NO,YES
ARD-1436,1436,عطر بيور دزاير ذهبي,RAVE,,20000,عطر,العطور,high,العطور,perfumes,high,standard perfume,name=عطر بيور دزاير ذهبي; product_type=عطر,approved,standard perfume,2026-08-02T07:33:46Z,ready,proposed_child,NO,NO,NO
ARD-1826,1826,عطر ناو اسود,RAVE,,20000,عطر,العطور,high,العطور,perfumes,high,standard perfume,name=عطر ناو اسود; product_type=عطر,approved,standard perfume,2026-08-02T07:33:46Z,ready,proposed_child,YES,NO,NO
ARD-2800,2800,عطر ناو انتينس ازرق,RAVE,,20000,عطر,العطور,high,العطور,perfumes,high,standard perfume,name=عطر ناو انتينس ازرق; product_type=عطر,approved,standard perfume,2026-08-02T07:33:46Z,ready,proposed_child,YES,NO,NO
ARD-3723,3723,عطر ناو ومن 100 مل,RAVE,100 مل,20000,عطر,العطور,high,العطور,perfumes,high,standard perfume,name=عطر ناو ومن 100 مل; product_type=عطر,approved,standard perfume,2026-08-02T07:33:46Z,ready,proposed_child,YES,NO,NO
ARD-3963,3963,عطر ناو ابيض 100 مل,RAVE,100 مل,20000,عطر,العطور,high,العطور,perfumes,high,standard perfume,name=عطر ناو ابيض 100 مل; product_type=عطر,approved,standard perfume,2026-08-02T07:33:46Z,ready,proposed_child,NO,NO,NO
ARD-4470,4470,عطر رايج 100 مل,RAVE,100 مل,27000,عطر,العطور,high,العطور,perfumes,high,standard perfume,name=عطر رايج 100 مل; product_type=عطر,approved,standard perfume,2026-08-02T07:33:46Z,ready,proposed_child,NO,NO,NO
ARD-4475,4475,عطر ناردو ريد 100 مل,RAVE,100 مل,20000,عطر,العطور,high,العطور,perfumes,high,standard perfume,name=عطر ناردو ريد 100 مل; product_type=عطر,approved,standard perfume,2026-08-02T07:33:46Z,ready,proposed_child,NO,NO,NO
ARD-4618,4618,عطر راف نوت بارفيت 100 مل,RAVE,100 مل,25000,عطر,العطور,high,العطور,perfumes,high,standard perfume,name=عطر راف نوت بارفيت 100 مل; product_type=عطر,approved,standard perfume,2026-08-02T07:33:46Z,ready,proposed_child,NO,NO,NO
ARD-1919,1919,عطر رغبة 30 مل,Lattafa,30 مل,5000,عطر صغير أو ميني,العطور الصغيرة والميني,medium,العطور الصغيرة والميني,mini-travel-perfume,high,perfume with size<=30ml,name=عطر رغبة 30 مل; product_type=عطر صغير أو ميني,approved,perfume with size<=30ml,2026-08-02T07:33:46Z,ready,proposed_child,NO,NO,NO
ARD-1921,1921,عطر رمز لطافة 30 مل سلفر,Lattafa,30 مل,5000,عطر صغير أو ميني,العطور الصغيرة والميني,medium,العطور الصغيرة والميني,mini-travel-perfume,high,perfume with size<=30ml,name=عطر رمز لطافة 30 مل سلفر; product_type=عطر صغير أو ميني,approved,perfume with size<=30ml,2026-08-02T07:33:46Z,ready,proposed_child,NO,NO,NO
ARD-1922,1922,عطر شيخ الشيوخ لوكس 30 مل,Lattafa,30 مل,5000,عطر صغير أو ميني,العطور الصغيرة والميني,medium,العطور الصغيرة والميني,mini-travel-perfume,high,perfume with size<=30ml,name=عطر شيخ الشيوخ لوكس 30 مل; product_type=عطر صغير أو ميني,approved,perfume with size<=30ml,2026-08-02T07:33:46Z,ready,proposed_child,NO,NO,NO
ARD-1924,1924,عطر شيخ الشيوخ 30 مل,Lattafa,30 مل,5000,عطر صغير أو ميني,العطور الصغيرة والميني,medium,العطور الصغيرة والميني,mini-travel-perfume,high,perfume with size<=30ml,name=عطر شيخ الشيوخ 30 مل; product_type=عطر صغير أو ميني,approved,perfume with size<=30ml,2026-08-02T07:33:46Z,ready,proposed_child,NO,NO,NO
ARD-1925,1925,عطر نجدية 30 مل,Lattafa,30 مل,5000,عطر صغير أو ميني,العطور الصغيرة والميني,medium,العطور الصغيرة والميني,mini-travel-perfume,high,perfume with size<=30ml,name=عطر نجدية 30 مل; product_type=عطر صغير أو ميني,approved,perfume with size<=30ml,2026-08-02T07:33:46Z,ready,proposed_child,NO,NO,NO
ARD-1926,1926,عطر ليل ملكي 30 مل,Lattafa,30 مل,5000,عطر صغير أو ميني,العطور الصغيرة والميني,medium,العطور الصغيرة والميني,mini-travel-perfume,high,perfume with size<=30ml,name=عطر ليل ملكي 30 مل; product_type=عطر صغير أو ميني,approved,perfume with size<=30ml,2026-08-02T07:33:46Z,ready,proposed_child,NO,NO,NO
ARD-2633,2633,عطر للصبايا 25 مل زيتي,Lattafa,25 مل,12000,عطر صغير أو ميني,العطور الصغيرة والميني,medium,العطور الصغيرة والميني,mini-travel-perfume,high,explicit mini/travel label,name=عطر للصبايا 25 مل زيتي; product_type=عطر صغير أو ميني,approved,explicit mini/travel label,2026-08-02T07:33:46Z,ready,proposed_child,NO,NO,NO
ARD-2636,2636,عطر نجدية 25 مل زيتي,Lattafa,25 مل,12000,عطر صغير أو ميني,العطور الصغيرة والميني,medium,العطور الصغيرة والميني,mini-travel-perfume,high,explicit mini/travel label,name=عطر نجدية 25 مل زيتي; product_type=عطر صغير أو ميني,approved,explicit mini/travel label,2026-08-02T07:33:46Z,ready,proposed_child,NO,NO,NO
ARD-2637,2637,عطر شيخ الشيوخ لوكس 25 مل زيتي,Lattafa,25 مل,12000,عطر صغير أو ميني,العطور الصغيرة والميني,medium,العطور الصغيرة والميني,mini-travel-perfume,high,explicit mini/travel label,name=عطر شيخ الشيوخ لوكس 25 مل زيتي; product_type=عطر صغير أو ميني,approved,explicit mini/travel label,2026-08-02T07:33:46Z,ready,proposed_child,NO,NO,NO
ARD-2638,2638,عطر وشوشة 25 مل زيتي,Lattafa,25 مل,12000,عطر صغير أو ميني,العطور الصغيرة والميني,medium,العطور الصغيرة والميني,mini-travel-perfume,high,explicit mini/travel label,name=عطر وشوشة 25 مل زيتي; product_type=عطر صغير أو ميني,approved,explicit mini/travel label,2026-08-02T07:33:46Z,ready,proposed_child,NO,NO,NO
ARD-2639,2639,عطر سر الخلود بني 25 مل زيتي,Lattafa,25 مل,12000,عطر صغير أو ميني,العطور الصغيرة والميني,medium,العطور الصغيرة والميني,mini-travel-perfume,high,explicit mini/travel label,name=عطر سر الخلود بني 25 مل زيتي; product_type=عطر صغير أو ميني,approved,explicit mini/travel label,2026-08-02T07:33:46Z,ready,proposed_child,NO,NO,NO
ARD-2640,2640,عطر محاسن كرستال فيوليت 25 مل زيتي,Lattafa,25 مل,12000,عطر صغير أو ميني,العطور الصغيرة والميني,medium,العطور الصغيرة والميني,mini-travel-perfume,high,explicit mini/travel label,name=عطر محاسن كرستال فيوليت 25 مل زيتي; product_type=عطر صغير أو ميني,approved,explicit mini/travel label,2026-08-02T07:33:46Z,ready,proposed_child,NO,NO,NO
ARD-4482,4482,عطر زيتي يارا 20 مل,Lattafa,20 مل,20000,عطر صغير أو ميني,العطور الصغيرة والميني,medium,المسك والمخمريات والعطور الزيتية,musk-oils-mukhammaria,high,explicit musk/oil/mukhammaria,name=عطر زيتي يارا 20 مل; product_type=عطر صغير أو ميني,corrected,explicit musk/oil/mukhammaria,2026-08-02T07:33:46Z,ready,proposed_child,NO,YES,YES
ARD-4483,4483,عطر زيتي يارا توس 20 مل,Lattafa,20 مل,20000,عطر صغير أو ميني,العطور الصغيرة والميني,medium,المسك والمخمريات والعطور الزيتية,musk-oils-mukhammaria,high,explicit musk/oil/mukhammaria,name=عطر زيتي يارا توس 20 مل; product_type=عطر صغير أو ميني,corrected,explicit musk/oil/mukhammaria,2026-08-02T07:33:46Z,ready,proposed_child,NO,YES,YES
ARD-4484,4484,عطر زيتي يارا كاندي 20 مل,Lattafa,20 مل,20000,عطر صغير أو ميني,العطور الصغيرة والميني,medium,المسك والمخمريات والعطور الزيتية,musk-oils-mukhammaria,high,explicit musk/oil/mukhammaria,name=عطر زيتي يارا كاندي 20 مل; product_type=عطر صغير أو ميني,corrected,explicit musk/oil/mukhammaria,2026-08-02T07:33:46Z,ready,proposed_child,NO,YES,YES
ARD-4485,4485,عطر زيتي يارا موي 20 مل,Lattafa,20 مل,20000,عطر صغير أو ميني,العطور الصغيرة والميني,medium,المسك والمخمريات والعطور الزيتية,musk-oils-mukhammaria,high,explicit musk/oil/mukhammaria,name=عطر زيتي يارا موي 20 مل; product_type=عطر صغير أو ميني,corrected,explicit musk/oil/mukhammaria,2026-08-02T07:33:46Z,ready,proposed_child,NO,YES,YES
ARD-2623,2623,بخور عود معطر النادر,Lattafa,,8000,بخور,البخور والمعمول,high,البخور والمعمول,incense-maamoul,high,explicit incense,name=بخور عود معطر النادر; product_type=بخور,approved,explicit incense,2026-08-02T07:33:46Z,ready,proposed_child,NO,NO,NO
ARD-2788,2788,معطر جو لطافة جديد وشوشة,Lattafa,,3000,معطر منزل وجو,معطرات المنزل والمفارش والجو,high,معطرات المنزل والمفارش والجو,home-linen-air,high,explicit home fragrance,name=معطر جو لطافة جديد وشوشة; product_type=معطر منزل وجو,approved,explicit home fragrance,2026-08-02T07:33:46Z,ready,proposed_child,NO,NO,NO
ARD-2789,2789,معطر جو لطافة جديد بديع العود,Lattafa,,3000,معطر منزل وجو,معطرات المنزل والمفارش والجو,high,معطرات المنزل والمفارش والجو,home-linen-air,high,explicit home fragrance,name=معطر جو لطافة جديد بديع العود; product_type=معطر منزل وجو,approved,explicit home fragrance,2026-08-02T07:33:46Z,ready,proposed_child,NO,NO,NO
ARD-2790,2790,معطر جو لطافة جديد رائد لوكس,Lattafa,,3000,معطر منزل وجو,معطرات المنزل والمفارش والجو,high,معطرات المنزل والمفارش والجو,home-linen-air,high,explicit home fragrance,name=معطر جو لطافة جديد رائد لوكس; product_type=معطر منزل وجو,approved,explicit home fragrance,2026-08-02T07:33:46Z,ready,proposed_child,NO,NO,NO
ARD-2792,2792,معطر جو لطافة جديد قائد,Lattafa,,3000,معطر منزل وجو,معطرات المنزل والمفارش والجو,high,معطرات المنزل والمفارش والجو,home-linen-air,high,explicit home fragrance,name=معطر جو لطافة جديد قائد; product_type=معطر منزل وجو,approved,explicit home fragrance,2026-08-02T07:33:46Z,ready,proposed_child,NO,NO,NO
ARD-2793,2793,معطر جو لطافة جديد فخر لطافة هوم,Lattafa,,3000,معطر منزل وجو,معطرات المنزل والمفارش والجو,high,معطرات المنزل والمفارش والجو,home-linen-air,high,explicit home fragrance,name=معطر جو لطافة جديد فخر لطافة هوم; product_type=معطر منزل وجو,approved,explicit home fragrance,2026-08-02T07:33:46Z,ready,proposed_child,NO,NO,NO
ARD-2794,2794,معطر جو لطافة جديد انا الابيض,Lattafa,,3000,معطر منزل وجو,معطرات المنزل والمفارش والجو,high,معطرات المنزل والمفارش والجو,home-linen-air,high,explicit home fragrance,name=معطر جو لطافة جديد انا الابيض; product_type=معطر منزل وجو,approved,explicit home fragrance,2026-08-02T07:33:46Z,ready,proposed_child,NO,NO,NO
ARD-2797,2797,معطر جو لطافة جديد فخر لطافة نسائي,Lattafa,,3000,معطر منزل وجو,معطرات المنزل والمفارش والجو,high,معطرات المنزل والمفارش والجو,home-linen-air,high,explicit home fragrance,name=معطر جو لطافة جديد فخر لطافة نسائي; product_type=معطر منزل وجو,approved,explicit home fragrance,2026-08-02T07:33:46Z,ready,proposed_child,NO,NO,NO
ARD-2798,2798,معطر جو لطافة جديد رمز لطافة ذهبي,Lattafa,,3000,معطر منزل وجو,معطرات المنزل والمفارش والجو,high,معطرات المنزل والمفارش والجو,home-linen-air,high,explicit home fragrance,name=معطر جو لطافة جديد رمز لطافة ذهبي; product_type=معطر منزل وجو,approved,explicit home fragrance,2026-08-02T07:33:46Z,ready,proposed_child,NO,NO,NO
ARD-4293,4293,معطر جو خمرة 300 مل,Lattafa,300 مل,3000,معطر منزل وجو,معطرات المنزل والمفارش والجو,high,معطرات المنزل والمفارش والجو,home-linen-air,high,explicit home fragrance,name=معطر جو خمرة 300 مل; product_type=معطر منزل وجو,approved,explicit home fragrance,2026-08-02T07:33:46Z,ready,proposed_child,NO,NO,NO
ARD-4295,4295,معطر جو عود مود 300 مل,Lattafa,300 مل,3000,معطر منزل وجو,معطرات المنزل والمفارش والجو,high,معطرات المنزل والمفارش والجو,home-linen-air,high,explicit home fragrance,name=معطر جو عود مود 300 مل; product_type=معطر منزل وجو,approved,explicit home fragrance,2026-08-02T07:33:46Z,ready,proposed_child,NO,NO,NO
ARD-4296,4296,معطر جو اسد 300 مل,Lattafa,300 مل,3000,معطر منزل وجو,معطرات المنزل والمفارش والجو,high,معطرات المنزل والمفارش والجو,home-linen-air,high,explicit home fragrance,name=معطر جو اسد 300 مل; product_type=معطر منزل وجو,approved,explicit home fragrance,2026-08-02T07:33:46Z,ready,proposed_child,NO,NO,NO
ARD-4297,4297,معطر جو اجود 300 مل,Lattafa,300 مل,3000,معطر منزل وجو,معطرات المنزل والمفارش والجو,high,معطرات المنزل والمفارش والجو,home-linen-air,high,explicit home fragrance,name=معطر جو اجود 300 مل; product_type=معطر منزل وجو,approved,explicit home fragrance,2026-08-02T07:33:46Z,ready,proposed_child,NO,NO,NO
ARD-4298,4298,معطر جو لطافة جديد بديع العود اميثست,Lattafa,,3000,معطر منزل وجو,معطرات المنزل والمفارش والجو,high,معطرات المنزل والمفارش والجو,home-linen-air,high,explicit home fragrance,name=معطر جو لطافة جديد بديع العود اميثست; product_type=معطر منزل وجو,approved,explicit home fragrance,2026-08-02T07:33:46Z,ready,proposed_child,NO,NO,NO
ARD-4299,4299,معطر جو لطافة جديد بديع العود سبليم,Lattafa,,3000,معطر منزل وجو,معطرات المنزل والمفارش والجو,high,معطرات المنزل والمفارش والجو,home-linen-air,high,explicit home fragrance,name=معطر جو لطافة جديد بديع العود سبليم; product_type=معطر منزل وجو,approved,explicit home fragrance,2026-08-02T07:33:46Z,ready,proposed_child,NO,NO,NO
ARD-4300,4300,معطر جو بديع العود ابيض 300 مل,Lattafa,300 مل,3000,معطر منزل وجو,معطرات المنزل والمفارش والجو,high,معطرات المنزل والمفارش والجو,home-linen-air,high,explicit home fragrance,name=معطر جو بديع العود ابيض 300 مل; product_type=معطر منزل وجو,approved,explicit home fragrance,2026-08-02T07:33:46Z,ready,proposed_child,NO,NO,NO
ARD-4551,4551,معطر جو ماهر لاغاسي 300 مل,Lattafa,300 مل,3000,معطر منزل وجو,معطرات المنزل والمفارش والجو,high,معطرات المنزل والمفارش والجو,home-linen-air,high,explicit home fragrance,name=معطر جو ماهر لاغاسي 300 مل; product_type=معطر منزل وجو,approved,explicit home fragrance,2026-08-02T07:33:46Z,ready,proposed_child,NO,NO,NO
ARD-4553,4553,معطر جو اسد زينزبار 300 مل,Lattafa,300 مل,3000,معطر منزل وجو,معطرات المنزل والمفارش والجو,high,معطرات المنزل والمفارش والجو,home-linen-air,high,explicit home fragrance,name=معطر جو اسد زينزبار 300 مل; product_type=معطر منزل وجو,approved,explicit home fragrance,2026-08-02T07:33:46Z,ready,proposed_child,NO,NO,NO
ARD-4563,4563,معطر جو انا الابيض بودري,Lattafa,,3000,معطر منزل وجو,معطرات المنزل والمفارش والجو,high,معطرات المنزل والمفارش والجو,home-linen-air,high,explicit home fragrance,name=معطر جو انا الابيض بودري; product_type=معطر منزل وجو,approved,explicit home fragrance,2026-08-02T07:33:46Z,ready,proposed_child,NO,NO,YES
ARD-4564,4564,معطر جو ماهر 300 مل,Lattafa,300 مل,3000,معطر منزل وجو,معطرات المنزل والمفارش والجو,high,معطرات المنزل والمفارش والجو,home-linen-air,high,explicit home fragrance,name=معطر جو ماهر 300 مل; product_type=معطر منزل وجو,approved,explicit home fragrance,2026-08-02T07:33:46Z,ready,proposed_child,NO,NO,NO
ARD-4565,4565,معطر جو ثريا 300 مل,Lattafa,300 مل,3000,معطر منزل وجو,معطرات المنزل والمفارش والجو,high,معطرات المنزل والمفارش والجو,home-linen-air,high,explicit home fragrance,name=معطر جو ثريا 300 مل; product_type=معطر منزل وجو,approved,explicit home fragrance,2026-08-02T07:33:46Z,ready,proposed_child,NO,NO,NO
ARD-4750,4750,معطر جو اكلاير 300 مل,Lattafa,300 مل,3000,معطر منزل وجو,معطرات المنزل والمفارش والجو,high,معطرات المنزل والمفارش والجو,home-linen-air,high,explicit home fragrance,name=معطر جو اكلاير 300 مل; product_type=معطر منزل وجو,approved,explicit home fragrance,2026-08-02T07:33:46Z,ready,proposed_child,NO,NO,NO
ARD-4751,4751,معطر جو مسمم ابيض 300 مل,Lattafa,300 مل,3000,معطر منزل وجو,معطرات المنزل والمفارش والجو,high,معطرات المنزل والمفارش والجو,home-linen-air,high,explicit home fragrance,name=معطر جو مسمم ابيض 300 مل; product_type=معطر منزل وجو,approved,explicit home fragrance,2026-08-02T07:33:46Z,ready,proposed_child,NO,NO,NO
ARD-4752,4752,معطر جو بديع العود نوبل بلوش 300 مل,Lattafa,300 مل,3000,معطر منزل وجو,معطرات المنزل والمفارش والجو,high,معطرات المنزل والمفارش والجو,home-linen-air,high,explicit home fragrance,name=معطر جو بديع العود نوبل بلوش 300 مل; product_type=معطر منزل وجو,approved,explicit home fragrance,2026-08-02T07:33:46Z,ready,proposed_child,NO,NO,NO
ARD-4753,4753,معطر جو هير كونفشن 300 مل,Lattafa,300 مل,3000,معطر منزل وجو,معطرات المنزل والمفارش والجو,high,معطرات المنزل والمفارش والجو,home-linen-air,high,explicit home fragrance,name=معطر جو هير كونفشن 300 مل; product_type=معطر منزل وجو,approved,explicit home fragrance,2026-08-02T07:33:46Z,ready,proposed_child,NO,NO,NO
ARD-4754,4754,معطر جو هز كونفشن 300 مل,Lattafa,300 مل,3000,معطر منزل وجو,معطرات المنزل والمفارش والجو,high,معطرات المنزل والمفارش والجو,home-linen-air,high,explicit home fragrance,name=معطر جو هز كونفشن 300 مل; product_type=معطر منزل وجو,approved,explicit home fragrance,2026-08-02T07:33:46Z,ready,proposed_child,NO,NO,NO
ARD-4755,4755,معطر جو اسد بوبون 300 مل,Lattafa,300 مل,3000,معطر منزل وجو,معطرات المنزل والمفارش والجو,high,معطرات المنزل والمفارش والجو,home-linen-air,high,explicit home fragrance,name=معطر جو اسد بوبون 300 مل; product_type=معطر منزل وجو,approved,explicit home fragrance,2026-08-02T07:33:46Z,ready,proposed_child,NO,NO,NO
ARD-3041,3041,معطر دبدوب لطافة عشق الشيوخ ذهبي,Lattafa,,4000,معطر دبدوب,معطرات المنزل والمفارش والجو,medium,معطرات المنزل والمفارش والجو,home-linen-air,medium,workbook category retained after rules miss,name=معطر دبدوب لطافة عشق الشيوخ ذهبي; product_type=معطر دبدوب,approved,workbook category retained after rules miss,2026-08-02T07:33:46Z,ready,proposed_child,NO,NO,YES
ARD-3042,3042,معطر دبدوب لطافة عشق الشيوخ سلفر,Lattafa,,4000,معطر دبدوب,معطرات المنزل والمفارش والجو,medium,معطرات المنزل والمفارش والجو,home-linen-air,medium,workbook category retained after rules miss,name=معطر دبدوب لطافة عشق الشيوخ سلفر; product_type=معطر دبدوب,approved,workbook category retained after rules miss,2026-08-02T07:33:46Z,ready,proposed_child,NO,NO,YES
ARD-3043,3043,معطر دبدوب لطافة لحضات,Lattafa,,4000,معطر دبدوب,معطرات المنزل والمفارش والجو,medium,معطرات المنزل والمفارش والجو,home-linen-air,medium,workbook category retained after rules miss,name=معطر دبدوب لطافة لحضات; product_type=معطر دبدوب,approved,workbook category retained after rules miss,2026-08-02T07:33:46Z,ready,proposed_child,NO,NO,YES
ARD-3045,3045,معطر دبدوب لطافة شاهين ذهبي,Lattafa,,4000,معطر دبدوب,معطرات المنزل والمفارش والجو,medium,معطرات المنزل والمفارش والجو,home-linen-air,medium,workbook category retained after rules miss,name=معطر دبدوب لطافة شاهين ذهبي; product_type=معطر دبدوب,approved,workbook category retained after rules miss,2026-08-02T07:33:46Z,ready,proposed_child,NO,NO,YES
ARD-3046,3046,معطر دبدوب لطافة شاهين سلفر,Lattafa,,4000,معطر دبدوب,معطرات المنزل والمفارش والجو,medium,معطرات المنزل والمفارش والجو,home-linen-air,medium,workbook category retained after rules miss,name=معطر دبدوب لطافة شاهين سلفر; product_type=معطر دبدوب,approved,workbook category retained after rules miss,2026-08-02T07:33:46Z,ready,proposed_child,NO,NO,YES
ARD-3047,3047,معطر دبدوب لطافة ثروة سلفر,Lattafa,,4000,معطر دبدوب,معطرات المنزل والمفارش والجو,medium,معطرات المنزل والمفارش والجو,home-linen-air,medium,workbook category retained after rules miss,name=معطر دبدوب لطافة ثروة سلفر; product_type=معطر دبدوب,approved,workbook category retained after rules miss,2026-08-02T07:33:46Z,ready,proposed_child,NO,NO,YES
ARD-3048,3048,معطر دبدوب لطافة ثروة ذهبي,Lattafa,,4000,معطر دبدوب,معطرات المنزل والمفارش والجو,medium,معطرات المنزل والمفارش والجو,home-linen-air,medium,workbook category retained after rules miss,name=معطر دبدوب لطافة ثروة ذهبي; product_type=معطر دبدوب,approved,workbook category retained after rules miss,2026-08-02T07:33:46Z,ready,proposed_child,NO,NO,YES
ARD-3049,3049,معطر دبدوب لطافة كاس الفائز سلفر,Lattafa,,4000,معطر دبدوب,معطرات المنزل والمفارش والجو,medium,معطرات المنزل والمفارش والجو,home-linen-air,medium,workbook category retained after rules miss,name=معطر دبدوب لطافة كاس الفائز سلفر; product_type=معطر دبدوب,approved,workbook category retained after rules miss,2026-08-02T07:33:46Z,ready,proposed_child,NO,NO,YES
ARD-3050,3050,معطر دبدوب لطافة كاس الفائز ذهبي,Lattafa,,4000,معطر دبدوب,معطرات المنزل والمفارش والجو,medium,معطرات المنزل والمفارش والجو,home-linen-air,medium,workbook category retained after rules miss,name=معطر دبدوب لطافة كاس الفائز ذهبي; product_type=معطر دبدوب,approved,workbook category retained after rules miss,2026-08-02T07:33:46Z,ready,proposed_child,NO,NO,YES
ARD-3051,3051,معطر دبدوب لطافة ذوق,Lattafa,,4000,معطر دبدوب,معطرات المنزل والمفارش والجو,medium,معطرات المنزل والمفارش والجو,home-linen-air,medium,workbook category retained after rules miss,name=معطر دبدوب لطافة ذوق; product_type=معطر دبدوب,approved,workbook category retained after rules miss,2026-08-02T07:33:46Z,ready,proposed_child,NO,NO,YES
ARD-3052,3052,معطر دبدوب لطافة وجود,Lattafa,,4000,معطر دبدوب,معطرات المنزل والمفارش والجو,medium,معطرات المنزل والمفارش والجو,home-linen-air,medium,workbook category retained after rules miss,name=معطر دبدوب لطافة وجود; product_type=معطر دبدوب,approved,workbook category retained after rules miss,2026-08-02T07:33:46Z,ready,proposed_child,NO,NO,YES
ARD-3053,3053,معطر دبدوب لطافة هالا,Lattafa,,4000,معطر دبدوب,معطرات المنزل والمفارش والجو,medium,معطرات المنزل والمفارش والجو,home-linen-air,medium,workbook category retained after rules miss,name=معطر دبدوب لطافة هالا; product_type=معطر دبدوب,approved,workbook category retained after rules miss,2026-08-02T07:33:46Z,ready,proposed_child,NO,NO,YES
ARD-3054,3054,معطر دبدوب لطافة انسام ذهبي,Lattafa,,4000,معطر دبدوب,معطرات المنزل والمفارش والجو,medium,معطرات المنزل والمفارش والجو,home-linen-air,medium,workbook category retained after rules miss,name=معطر دبدوب لطافة انسام ذهبي; product_type=معطر دبدوب,approved,workbook category retained after rules miss,2026-08-02T07:33:46Z,ready,proposed_child,NO,NO,YES
ARD-3055,3055,معطر دبدوب لطافة مهرجان ذهبي,Lattafa,,4000,معطر دبدوب,معطرات المنزل والمفارش والجو,medium,معطرات المنزل والمفارش والجو,home-linen-air,medium,workbook category retained after rules miss,name=معطر دبدوب لطافة مهرجان ذهبي; product_type=معطر دبدوب,approved,workbook category retained after rules miss,2026-08-02T07:33:46Z,ready,proposed_child,NO,NO,YES
ARD-3056,3056,معطر دبدوب لطافة مهرجان سلفر,Lattafa,,4000,معطر دبدوب,معطرات المنزل والمفارش والجو,medium,معطرات المنزل والمفارش والجو,home-linen-air,medium,workbook category retained after rules miss,name=معطر دبدوب لطافة مهرجان سلفر; product_type=معطر دبدوب,approved,workbook category retained after rules miss,2026-08-02T07:33:46Z,ready,proposed_child,NO,NO,YES
ARD-3057,3057,معطر دبدوب لطافة اترنال عود,Lattafa,,4000,معطر دبدوب,معطرات المنزل والمفارش والجو,medium,معطرات المنزل والمفارش والجو,home-linen-air,medium,workbook category retained after rules miss,name=معطر دبدوب لطافة اترنال عود; product_type=معطر دبدوب,approved,workbook category retained after rules miss,2026-08-02T07:33:46Z,ready,proposed_child,NO,NO,YES
ARD-3058,3058,معطر دبدوب لطافة افاق,Lattafa,,4000,معطر دبدوب,معطرات المنزل والمفارش والجو,medium,معطرات المنزل والمفارش والجو,home-linen-air,medium,workbook category retained after rules miss,name=معطر دبدوب لطافة افاق; product_type=معطر دبدوب,approved,workbook category retained after rules miss,2026-08-02T07:33:46Z,ready,proposed_child,NO,NO,YES
ARD-3059,3059,معطر دبدوب لطافة اوان,Lattafa,,4000,معطر دبدوب,معطرات المنزل والمفارش والجو,medium,معطرات المنزل والمفارش والجو,home-linen-air,medium,workbook category retained after rules miss,name=معطر دبدوب لطافة اوان; product_type=معطر دبدوب,approved,workbook category retained after rules miss,2026-08-02T07:33:46Z,ready,proposed_child,NO,NO,YES
ARD-3060,3060,معطر دبدوب لطافة العريق سلفر,Lattafa,,4000,معطر دبدوب,معطرات المنزل والمفارش والجو,medium,معطرات المنزل والمفارش والجو,home-linen-air,medium,workbook category retained after rules miss,name=معطر دبدوب لطافة العريق سلفر; product_type=معطر دبدوب,approved,workbook category retained after rules miss,2026-08-02T07:33:46Z,ready,proposed_child,NO,NO,YES
ARD-3061,3061,معطر دبدوب لطافة العريق ذهبي,Lattafa,,4000,معطر دبدوب,معطرات المنزل والمفارش والجو,medium,معطرات المنزل والمفارش والجو,home-linen-air,medium,workbook category retained after rules miss,name=معطر دبدوب لطافة العريق ذهبي; product_type=معطر دبدوب,approved,workbook category retained after rules miss,2026-08-02T07:33:46Z,ready,proposed_child,NO,NO,YES
ARD-3062,3062,معطر دبدوب لطافة القيم ذهبي,Lattafa,,4000,معطر دبدوب,معطرات المنزل والمفارش والجو,medium,معطرات المنزل والمفارش والجو,home-linen-air,medium,workbook category retained after rules miss,name=معطر دبدوب لطافة القيم ذهبي; product_type=معطر دبدوب,approved,workbook category retained after rules miss,2026-08-02T07:33:46Z,ready,proposed_child,NO,NO,YES
ARD-3063,3063,معطر دبدوب لطافة العميد,Lattafa,,4000,معطر دبدوب,معطرات المنزل والمفارش والجو,medium,معطرات المنزل والمفارش والجو,home-linen-air,medium,workbook category retained after rules miss,name=معطر دبدوب لطافة العميد; product_type=معطر دبدوب,approved,workbook category retained after rules miss,2026-08-02T07:33:46Z,ready,proposed_child,NO,NO,YES
ARD-4716,4716,معطر جسم ارت اوف يونيفيرس / 200 مل لطافة برايد,Lattafa,200 مل,3000,معطر جسم أو بودي مست,معطرات الجسم والبودي مست,high,معطرات الجسم والبودي مست,body-mist-splash,high,explicit body mist/splash,name=معطر جسم ارت اوف يونيفيرس / 200 مل لطافة برايد; product_type=معطر جسم أو بودي مست,approved,explicit body mist/splash,2026-08-02T07:33:46Z,ready,proposed_child,NO,NO,NO
ARD-4717,4717,معطر جسم ارت اوف نايتور11 / 200 مل لطافة برايد,Lattafa,200 مل,3000,معطر جسم أو بودي مست,معطرات الجسم والبودي مست,high,معطرات الجسم والبودي مست,body-mist-splash,high,explicit body mist/splash,name=معطر جسم ارت اوف نايتور11 / 200 مل لطافة برايد; product_type=معطر جسم أو بودي مست,approved,explicit body mist/splash,2026-08-02T07:33:46Z,ready,proposed_child,NO,NO,NO
ARD-4718,4718,معطر جسم كوين اوف ارابيا / 200 مل لطافة برايد,Lattafa,200 مل,3000,معطر جسم أو بودي مست,معطرات الجسم والبودي مست,high,معطرات الجسم والبودي مست,body-mist-splash,high,explicit body mist/splash,name=معطر جسم كوين اوف ارابيا / 200 مل لطافة برايد; product_type=معطر جسم أو بودي مست,approved,explicit body mist/splash,2026-08-02T07:33:46Z,ready,proposed_child,NO,NO,NO
ARD-4719,4719,معطر جسم بيس اند لوف / 200 مل لطافة برايد,Lattafa,200 مل,3000,معطر جسم أو بودي مست,معطرات الجسم والبودي مست,high,معطرات الجسم والبودي مست,body-mist-splash,high,explicit body mist/splash,name=معطر جسم بيس اند لوف / 200 مل لطافة برايد; product_type=معطر جسم أو بودي مست,approved,explicit body mist/splash,2026-08-02T07:33:46Z,ready,proposed_child,NO,NO,NO
ARD-4720,4720,معطر جسم بيزا / 200 مل لطافة برايد,Lattafa,200 مل,3000,معطر جسم أو بودي مست,معطرات الجسم والبودي مست,high,معطرات الجسم والبودي مست,body-mist-splash,high,explicit body mist/splash,name=معطر جسم بيزا / 200 مل لطافة برايد; product_type=معطر جسم أو بودي مست,approved,explicit body mist/splash,2026-08-02T07:33:46Z,ready,proposed_child,NO,NO,NO
ARD-4721,4721,معطر جسم نبراس / 200 مل لطافة برايد,Lattafa,200 مل,3000,معطر جسم أو بودي مست,معطرات الجسم والبودي مست,high,معطرات الجسم والبودي مست,body-mist-splash,high,explicit body mist/splash,name=معطر جسم نبراس / 200 مل لطافة برايد; product_type=معطر جسم أو بودي مست,approved,explicit body mist/splash,2026-08-02T07:33:46Z,ready,proposed_child,NO,NO,NO
ARD-4722,4722,معطر جسم فنتاج راديو / 200 مل لطافة برايد,Lattafa,200 مل,3000,معطر جسم أو بودي مست,معطرات الجسم والبودي مست,high,معطرات الجسم والبودي مست,body-mist-splash,high,explicit body mist/splash,name=معطر جسم فنتاج راديو / 200 مل لطافة برايد; product_type=معطر جسم أو بودي مست,approved,explicit body mist/splash,2026-08-02T07:33:46Z,ready,proposed_child,NO,NO,NO
ARD-4723,4723,معطر جسم اترنال عود / 200 مل لطافة برايد,Lattafa,200 مل,3000,معطر جسم أو بودي مست,معطرات الجسم والبودي مست,high,معطرات الجسم والبودي مست,body-mist-splash,high,explicit body mist/splash,name=معطر جسم اترنال عود / 200 مل لطافة برايد; product_type=معطر جسم أو بودي مست,approved,explicit body mist/splash,2026-08-02T07:33:46Z,ready,proposed_child,NO,NO,NO
ARD-4724,4724,معطر جسم ثروة ذهبي / 200 مل لطافة برايد,Lattafa,200 مل,3000,معطر جسم أو بودي مست,معطرات الجسم والبودي مست,high,معطرات الجسم والبودي مست,body-mist-splash,high,explicit body mist/splash,name=معطر جسم ثروة ذهبي / 200 مل لطافة برايد; product_type=معطر جسم أو بودي مست,approved,explicit body mist/splash,2026-08-02T07:33:46Z,ready,proposed_child,NO,NO,NO
ARD-4725,4725,معطر جسم افيكشن / 200 مل لطافة برايد,Lattafa,200 مل,3000,معطر جسم أو بودي مست,معطرات الجسم والبودي مست,high,معطرات الجسم والبودي مست,body-mist-splash,high,explicit body mist/splash,name=معطر جسم افيكشن / 200 مل لطافة برايد; product_type=معطر جسم أو بودي مست,approved,explicit body mist/splash,2026-08-02T07:33:46Z,ready,proposed_child,NO,NO,NO
ARD-4726,4726,معطر جسم نبراس الكسير / 200 مل لطافة برايد,Lattafa,200 مل,3000,معطر جسم أو بودي مست,معطرات الجسم والبودي مست,high,معطرات الجسم والبودي مست,body-mist-splash,high,explicit body mist/splash,name=معطر جسم نبراس الكسير / 200 مل لطافة برايد; product_type=معطر جسم أو بودي مست,approved,explicit body mist/splash,2026-08-02T07:33:46Z,ready,proposed_child,NO,NO,NO
ARD-4727,4727,معطر جسم القيم ذهبي / 200 مل لطافة برايد,Lattafa,200 مل,3000,معطر جسم أو بودي مست,معطرات الجسم والبودي مست,high,معطرات الجسم والبودي مست,body-mist-splash,high,explicit body mist/splash,name=معطر جسم القيم ذهبي / 200 مل لطافة برايد; product_type=معطر جسم أو بودي مست,approved,explicit body mist/splash,2026-08-02T07:33:46Z,ready,proposed_child,NO,NO,NO
ARD-4728,4728,معطر جسم شاهين ذهبي / 200 مل لطافة برايد,Lattafa,200 مل,3000,معطر جسم أو بودي مست,معطرات الجسم والبودي مست,high,معطرات الجسم والبودي مست,body-mist-splash,high,explicit body mist/splash,name=معطر جسم شاهين ذهبي / 200 مل لطافة برايد; product_type=معطر جسم أو بودي مست,approved,explicit body mist/splash,2026-08-02T07:33:46Z,ready,proposed_child,NO,NO,NO
ARD-5001,5001,معطر جسم اترنال فانيلا / 200 مل لطافة برايد,Lattafa,200 مل,3000,معطر جسم أو بودي مست,معطرات الجسم والبودي مست,high,معطرات الجسم والبودي مست,body-mist-splash,high,explicit body mist/splash,name=معطر جسم اترنال فانيلا / 200 مل لطافة برايد; product_type=معطر جسم أو بودي مست,approved,explicit body mist/splash,2026-08-02T07:33:46Z,ready,proposed_child,NO,NO,NO
ARD-5002,5002,معطر جسم ارت اوف ارابيا 1 / 200 مل لطافة برايد,Lattafa,200 مل,3000,معطر جسم أو بودي مست,معطرات الجسم والبودي مست,high,معطرات الجسم والبودي مست,body-mist-splash,high,explicit body mist/splash,name=معطر جسم ارت اوف ارابيا 1 / 200 مل لطافة برايد; product_type=معطر جسم أو بودي مست,approved,explicit body mist/splash,2026-08-02T07:33:46Z,ready,proposed_child,NO,NO,NO
ARD-4805,4805,معطر جو بيزا 300 مل / لطافة برايد,Lattafa,300 مل,3000,معطر منزل وجو,معطرات المنزل والمفارش والجو,high,معطرات المنزل والمفارش والجو,home-linen-air,high,explicit home fragrance,name=معطر جو بيزا 300 مل / لطافة برايد; product_type=معطر منزل وجو,approved,explicit home fragrance,2026-08-02T07:33:46Z,ready,proposed_child,NO,NO,NO
ARD-4806,4806,معطر جو بيس اند لوف 300 مل / لطافة برايد,Lattafa,300 مل,3000,معطر منزل وجو,معطرات المنزل والمفارش والجو,high,معطرات المنزل والمفارش والجو,home-linen-air,high,explicit home fragrance,name=معطر جو بيس اند لوف 300 مل / لطافة برايد; product_type=معطر منزل وجو,approved,explicit home fragrance,2026-08-02T07:33:46Z,ready,proposed_child,NO,NO,NO
ARD-4807,4807,معطر جو نبراس 300 مل / لطافة برايد,Lattafa,300 مل,3000,معطر منزل وجو,معطرات المنزل والمفارش والجو,high,معطرات المنزل والمفارش والجو,home-linen-air,high,explicit home fragrance,name=معطر جو نبراس 300 مل / لطافة برايد; product_type=معطر منزل وجو,approved,explicit home fragrance,2026-08-02T07:33:46Z,ready,proposed_child,NO,NO,NO
ARD-4808,4808,معطر جو ثروة ذهبي 300 مل / لطافة برايد,Lattafa,300 مل,3000,معطر منزل وجو,معطرات المنزل والمفارش والجو,high,معطرات المنزل والمفارش والجو,home-linen-air,high,explicit home fragrance,name=معطر جو ثروة ذهبي 300 مل / لطافة برايد; product_type=معطر منزل وجو,approved,explicit home fragrance,2026-08-02T07:33:46Z,ready,proposed_child,NO,NO,NO
ARD-4809,4809,معطر جو ملكة العرب 300 مل / لطافة برايد,Lattafa,300 مل,3000,معطر منزل وجو,معطرات المنزل والمفارش والجو,high,معطرات المنزل والمفارش والجو,home-linen-air,high,explicit home fragrance,name=معطر جو ملكة العرب 300 مل / لطافة برايد; product_type=معطر منزل وجو,approved,explicit home fragrance,2026-08-02T07:33:46Z,ready,proposed_child,NO,NO,NO
ARD-4810,4810,معطر جو ارت اوف نايتور 11 300 مل / لطافة برايد,Lattafa,300 مل,3000,معطر منزل وجو,معطرات المنزل والمفارش والجو,high,معطرات المنزل والمفارش والجو,home-linen-air,high,explicit home fragrance,name=معطر جو ارت اوف نايتور 11 300 مل / لطافة برايد; product_type=معطر منزل وجو,approved,explicit home fragrance,2026-08-02T07:33:46Z,ready,proposed_child,NO,NO,NO
ARD-4811,4811,معطر جو ارت اوف يونيفيرس 300 مل / لطافة برايد,Lattafa,300 مل,3000,معطر منزل وجو,معطرات المنزل والمفارش والجو,high,معطرات المنزل والمفارش والجو,home-linen-air,high,explicit home fragrance,name=معطر جو ارت اوف يونيفيرس 300 مل / لطافة برايد; product_type=معطر منزل وجو,approved,explicit home fragrance,2026-08-02T07:33:46Z,ready,proposed_child,NO,NO,NO
ARD-4812,4812,معطر جو افيكشن 300 مل / لطافة برايد,Lattafa,300 مل,3000,معطر منزل وجو,معطرات المنزل والمفارش والجو,high,معطرات المنزل والمفارش والجو,home-linen-air,high,explicit home fragrance,name=معطر جو افيكشن 300 مل / لطافة برايد; product_type=معطر منزل وجو,approved,explicit home fragrance,2026-08-02T07:33:46Z,ready,proposed_child,NO,NO,NO
ARD-4813,4813,معطر جو عشق الشيوخ سلفر 300 مل / لطافة برايد,Lattafa,300 مل,3000,معطر منزل وجو,معطرات المنزل والمفارش والجو,high,معطرات المنزل والمفارش والجو,home-linen-air,high,explicit home fragrance,name=معطر جو عشق الشيوخ سلفر 300 مل / لطافة برايد; product_type=معطر منزل وجو,approved,explicit home fragrance,2026-08-02T07:33:46Z,ready,proposed_child,NO,NO,NO
ARD-4814,4814,معطر جو اترنال عود 300 مل / لطافة برايد,Lattafa,300 مل,3000,معطر منزل وجو,معطرات المنزل والمفارش والجو,high,معطرات المنزل والمفارش والجو,home-linen-air,high,explicit home fragrance,name=معطر جو اترنال عود 300 مل / لطافة برايد; product_type=معطر منزل وجو,approved,explicit home fragrance,2026-08-02T07:33:46Z,ready,proposed_child,NO,NO,NO
ARD-4815,4815,معطر جو شاهين ذهبي 300 مل / لطافة برايد,Lattafa,300 مل,3000,معطر منزل وجو,معطرات المنزل والمفارش والجو,high,معطرات المنزل والمفارش والجو,home-linen-air,high,explicit home fragrance,name=معطر جو شاهين ذهبي 300 مل / لطافة برايد; product_type=معطر منزل وجو,approved,explicit home fragrance,2026-08-02T07:33:46Z,ready,proposed_child,NO,NO,NO
ARD-4816,4816,معطر جو ارت اوف ارابيا 1 300 مل / لطافة برايد,Lattafa,300 مل,3000,معطر منزل وجو,معطرات المنزل والمفارش والجو,high,معطرات المنزل والمفارش والجو,home-linen-air,high,explicit home fragrance,name=معطر جو ارت اوف ارابيا 1 300 مل / لطافة برايد; product_type=معطر منزل وجو,approved,explicit home fragrance,2026-08-02T07:33:46Z,ready,proposed_child,NO,NO,NO
ARD-4817,4817,معطر جو القيم ذهبي 300 مل / لطافة برايد,Lattafa,300 مل,3000,معطر منزل وجو,معطرات المنزل والمفارش والجو,high,معطرات المنزل والمفارش والجو,home-linen-air,high,explicit home fragrance,name=معطر جو القيم ذهبي 300 مل / لطافة برايد; product_type=معطر منزل وجو,approved,explicit home fragrance,2026-08-02T07:33:46Z,ready,proposed_child,NO,NO,NO
ARD-4818,4818,معطر جو فنتاج راديو 300 مل / لطافة برايد,Lattafa,300 مل,3000,معطر منزل وجو,معطرات المنزل والمفارش والجو,high,معطرات المنزل والمفارش والجو,home-linen-air,high,explicit home fragrance,name=معطر جو فنتاج راديو 300 مل / لطافة برايد; product_type=معطر منزل وجو,approved,explicit home fragrance,2026-08-02T07:33:46Z,ready,proposed_child,NO,NO,NO
ARD-3531,3531,عطر اجواء 90 مل,Lattafa,90 مل,45000,عطر,العطور,high,العطور,perfumes,high,standard perfume,name=عطر اجواء 90 مل; product_type=عطر,approved,standard perfume,2026-08-02T07:33:46Z,ready,proposed_child,NO,NO,NO
ARD-3533,3533,عطر راو هيومان 100 مل,Lattafa,100 مل,45000,عطر,العطور,high,العطور,perfumes,high,standard perfume,name=عطر راو هيومان 100 مل; product_type=عطر,approved,standard perfume,2026-08-02T07:33:46Z,ready,proposed_child,NO,NO,NO
ARD-3534,3534,عطر ماسا 100 مل,Lattafa,100 مل,45000,عطر,العطور,high,العطور,perfumes,high,standard perfume,name=عطر ماسا 100 مل; product_type=عطر,approved,standard perfume,2026-08-02T07:33:46Z,ready,proposed_child,NO,NO,NO
ARD-3535,3535,عطر بريز 100 مل,Lattafa,100 مل,45000,عطر,العطور,high,العطور,perfumes,high,standard perfume,name=عطر بريز 100 مل; product_type=عطر,approved,standard perfume,2026-08-02T07:33:46Z,ready,proposed_child,NO,NO,NO
ARD-3536,3536,عطر فنتاج راديو 100 مل,Lattafa,100 مل,45000,عطر,العطور,high,العطور,perfumes,high,standard perfume,name=عطر فنتاج راديو 100 مل; product_type=عطر,approved,standard perfume,2026-08-02T07:33:46Z,ready,proposed_child,NO,NO,NO
ARD-3537,3537,عطر افيكشن 100 مل,Lattafa,100 مل,45000,عطر,العطور,high,العطور,perfumes,high,standard perfume,name=عطر افيكشن 100 مل; product_type=عطر,approved,standard perfume,2026-08-02T07:33:46Z,ready,proposed_child,NO,NO,NO
ARD-3627,3627,عطر لا كولكشن 1910 بايك 100 مل,Lattafa,100 مل,65000,عطر,العطور,high,العطور,perfumes,high,standard perfume,name=عطر لا كولكشن 1910 بايك 100 مل; product_type=عطر,approved,standard perfume,2026-08-02T07:33:46Z,ready,proposed_child,NO,NO,NO
ARD-3628,3628,عطر لا كولكشن 1886 كار 100 مل,Lattafa,100 مل,65000,عطر,العطور,high,العطور,perfumes,high,standard perfume,name=عطر لا كولكشن 1886 كار 100 مل; product_type=عطر,approved,standard perfume,2026-08-02T07:33:46Z,ready,proposed_child,NO,NO,NO
ARD-3699,3699,عطر غرام 100 مل / لطافة برايد,Lattafa,100 مل,65000,عطر,العطور,high,العطور,perfumes,high,standard perfume,name=عطر غرام 100 مل / لطافة برايد; product_type=عطر,approved,standard perfume,2026-08-02T07:33:46Z,ready,proposed_child,NO,NO,NO
ARD-3700,3700,عطر امبريس 100 مل / لطافة برايد,Lattafa,100 مل,45000,عطر,العطور,high,العطور,perfumes,high,standard perfume,name=عطر امبريس 100 مل / لطافة برايد; product_type=عطر,approved,standard perfume,2026-08-02T07:33:46Z,ready,proposed_child,NO,NO,NO
ARD-3701,3701,عطر ارت اوف ارابيا 1 100 مل / لطافة برايد,Lattafa,100 مل,65000,عطر,العطور,high,العطور,perfumes,high,standard perfume,name=عطر ارت اوف ارابيا 1 100 مل / لطافة برايد; product_type=عطر,approved,standard perfume,2026-08-02T07:33:46Z,ready,proposed_child,NO,NO,NO
ARD-3702,3702,عطر ارت اوف ارابيا 111 100 مل / لطافة برايد,Lattafa,100 مل,65000,عطر,العطور,high,العطور,perfumes,high,standard perfume,name=عطر ارت اوف ارابيا 111 100 مل / لطافة برايد; product_type=عطر,approved,standard perfume,2026-08-02T07:33:46Z,ready,proposed_child,NO,NO,NO
ARD-4218,4218,عطر لا افريكان درمر 100 مل,Lattafa,100 مل,65000,عطر,العطور,high,العطور,perfumes,high,standard perfume,name=عطر لا افريكان درمر 100 مل; product_type=عطر,approved,standard perfume,2026-08-02T07:33:46Z,ready,proposed_child,NO,NO,NO
ARD-4223,4223,عطر لين 100 مل / لطافة برايد,Lattafa,100 مل,65000,عطر,العطور,high,العطور,perfumes,high,standard perfume,name=عطر لين 100 مل / لطافة برايد; product_type=عطر,approved,standard perfume,2026-08-02T07:33:46Z,ready,proposed_child,NO,NO,NO
ARD-4224,4224,عطر ارت اوف ارابيا 11 100 مل / لطافة برايد,Lattafa,100 مل,65000,عطر,العطور,high,العطور,perfumes,high,standard perfume,name=عطر ارت اوف ارابيا 11 100 مل / لطافة برايد; product_type=عطر,approved,standard perfume,2026-08-02T07:33:46Z,ready,proposed_child,NO,NO,NO
ARD-4225,4225,عطر بيس اند لوف 100 مل,Lattafa,100 مل,65000,عطر,العطور,high,العطور,perfumes,high,standard perfume,name=عطر بيس اند لوف 100 مل; product_type=عطر,approved,standard perfume,2026-08-02T07:33:46Z,ready,proposed_child,NO,NO,NO
ARD-4226,4226,عطر بيبي هابي بروش 75 مل,Lattafa,75 مل,19000,عطر,العطور,high,العطور,perfumes,high,standard perfume,name=عطر بيبي هابي بروش 75 مل; product_type=عطر,approved,standard perfume,2026-08-02T07:33:46Z,ready,proposed_child,NO,NO,YES
ARD-4227,4227,عطر بيبي هابي تايم 75 مل,Lattafa,75 مل,19000,عطر,العطور,high,العطور,perfumes,high,standard perfume,name=عطر بيبي هابي تايم 75 مل; product_type=عطر,approved,standard perfume,2026-08-02T07:33:46Z,ready,proposed_child,NO,NO,YES
ARD-4228,4228,عطر بيبي ستوب ويت كو 75 مل,Lattafa,75 مل,19000,عطر,العطور,high,العطور,perfumes,high,standard perfume,name=عطر بيبي ستوب ويت كو 75 مل; product_type=عطر,approved,standard perfume,2026-08-02T07:33:46Z,ready,proposed_child,NO,NO,YES
ARD-4229,4229,عطر بيبي سينغ 75 مل,Lattafa,75 مل,19000,عطر,العطور,high,العطور,perfumes,high,standard perfume,name=عطر بيبي سينغ 75 مل; product_type=عطر,approved,standard perfume,2026-08-02T07:33:46Z,ready,proposed_child,NO,NO,YES
ARD-4232,4232,عطر بيزا 100 مل,Lattafa,100 مل,65000,عطر,العطور,high,العطور,perfumes,high,standard perfume,name=عطر بيزا 100 مل; product_type=عطر,approved,standard perfume,2026-08-02T07:33:46Z,ready,proposed_child,NO,NO,NO
ARD-4233,4233,عطر ارت اوف نايتور 1 100 مل / لطافة برايد,Lattafa,100 مل,65000,عطر,العطور,high,العطور,perfumes,high,standard perfume,name=عطر ارت اوف نايتور 1 100 مل / لطافة برايد; product_type=عطر,approved,standard perfume,2026-08-02T07:33:46Z,ready,proposed_child,NO,NO,NO
ARD-4234,4234,عطر كاشان 100 مل,Lattafa,100 مل,45000,عطر,العطور,high,العطور,perfumes,high,standard perfume,name=عطر كاشان 100 مل; product_type=عطر,approved,standard perfume,2026-08-02T07:33:46Z,ready,proposed_child,NO,NO,NO
ARD-4235,4235,عطر ارت اوف نايتور 11هورس 100 مل / لطافة برايد,Lattafa,100 مل,65000,عطر,العطور,high,العطور,perfumes,high,standard perfume,name=عطر ارت اوف نايتور 11هورس 100 مل / لطافة برايد; product_type=عطر,approved,standard perfume,2026-08-02T07:33:46Z,ready,proposed_child,NO,NO,NO
ARD-4236,4236,عطر بيبي رايدرز 75 مل,Lattafa,75 مل,19000,عطر,العطور,high,العطور,perfumes,high,standard perfume,name=عطر بيبي رايدرز 75 مل; product_type=عطر,approved,standard perfume,2026-08-02T07:33:46Z,ready,proposed_child,NO,NO,YES
ARD-4237,4237,عطر بيبي بلاي 75 مل,Lattafa,75 مل,19000,عطر,العطور,high,العطور,perfumes,high,standard perfume,name=عطر بيبي بلاي 75 مل; product_type=عطر,approved,standard perfume,2026-08-02T07:33:46Z,ready,proposed_child,NO,NO,YES
ARD-4238,4238,عطر ارت اوف وود 100 مل / لطافة برايد,Lattafa,100 مل,45000,عطر,العطور,high,العطور,perfumes,high,standard perfume,name=عطر ارت اوف وود 100 مل / لطافة برايد; product_type=عطر,approved,standard perfume,2026-08-02T07:33:46Z,ready,proposed_child,NO,NO,NO
ARD-4257,4257,عطر لا كولكشن 1505 واتش 100 مل,Lattafa,100 مل,65000,عطر,العطور,high,العطور,perfumes,high,standard perfume,name=عطر لا كولكشن 1505 واتش 100 مل; product_type=عطر,approved,standard perfume,2026-08-02T07:33:46Z,ready,proposed_child,NO,NO,NO
ARD-4258,4258,عطر بريوتشي فانيلا 100 مل / لطافة برايد,Lattafa,100 مل,45000,عطر,العطور,high,العطور,perfumes,high,standard perfume,name=عطر بريوتشي فانيلا 100 مل / لطافة برايد; product_type=عطر,approved,standard perfume,2026-08-02T07:33:46Z,ready,proposed_child,NO,NO,NO
ARD-4449,4449,عطر سور ميسور نوير 100 مل / لطافة برايد,Lattafa,100 مل,65000,عطر,العطور,high,العطور,perfumes,high,standard perfume,name=عطر سور ميسور نوير 100 مل / لطافة برايد; product_type=عطر,approved,standard perfume,2026-08-02T07:33:46Z,ready,proposed_child,NO,NO,NO
ARD-4450,4450,عطر حلم الضباب 100 مل / لطافة برايد,Lattafa,100 مل,65000,عطر,العطور,high,العطور,perfumes,high,standard perfume,name=عطر حلم الضباب 100 مل / لطافة برايد; product_type=عطر,approved,standard perfume,2026-08-02T07:33:46Z,ready,proposed_child,NO,NO,NO
ARD-4451,4451,عطر ملكة العرب 100 مل / لطافة برايد,Lattafa,100 مل,65000,عطر,العطور,high,العطور,perfumes,high,standard perfume,name=عطر ملكة العرب 100 مل / لطافة برايد; product_type=عطر,approved,standard perfume,2026-08-02T07:33:46Z,ready,proposed_child,NO,NO,NO
ARD-4536,4536,عطر ملك العرب 100 مل / لطافة برايد,Lattafa,100 مل,65000,عطر,العطور,high,العطور,perfumes,high,standard perfume,name=عطر ملك العرب 100 مل / لطافة برايد; product_type=عطر,approved,standard perfume,2026-08-02T07:33:46Z,ready,proposed_child,NO,NO,NO
ARD-4746,4746,عطر تاوريو دي كومبات / لطافة برايد,Lattafa,,65000,عطر,العطور,high,العطور,perfumes,high,standard perfume,name=عطر تاوريو دي كومبات / لطافة برايد; product_type=عطر,approved,standard perfume,2026-08-02T07:33:46Z,ready,proposed_child,NO,NO,NO
ARD-4756,4756,عطر ارت اوف يونيفيرس 100 مل / لطافة برايد,Lattafa,100 مل,60000,عطر,العطور,high,العطور,perfumes,high,standard perfume,name=عطر ارت اوف يونيفيرس 100 مل / لطافة برايد; product_type=عطر,approved,standard perfume,2026-08-02T07:33:46Z,ready,proposed_child,NO,NO,NO
ARD-4757,4757,عطر ناتورال عود 100 مل / لطافة برايد,Lattafa,100 مل,45000,عطر,العطور,high,العطور,perfumes,high,standard perfume,name=عطر ناتورال عود 100 مل / لطافة برايد; product_type=عطر,approved,standard perfume,2026-08-02T07:33:46Z,ready,proposed_child,NO,NO,NO
ARD-4759,4759,عطر كوين اوف روز / لطافة برايد,Lattafa,,65000,عطر,العطور,high,العطور,perfumes,high,standard perfume,name=عطر كوين اوف روز / لطافة برايد; product_type=عطر,approved,standard perfume,2026-08-02T07:33:46Z,ready,proposed_child,NO,NO,NO
ARD-4918,4918,عطر اترنال فانيلا 100 مل / لطافة برايد,Lattafa,100 مل,55000,عطر,العطور,high,العطور,perfumes,high,standard perfume,name=عطر اترنال فانيلا 100 مل / لطافة برايد; product_type=عطر,approved,standard perfume,2026-08-02T07:33:46Z,ready,proposed_child,NO,NO,NO
ARD-1400,1400,عطر اورا دكلات,Alhambra,,12000,عطر,العطور,high,العطور,perfumes,high,standard perfume,name=عطر اورا دكلات; product_type=عطر,approved,standard perfume,2026-08-02T07:33:46Z,ready,proposed_child,NO,NO,NO
ARD-1403,1403,عطر مونوكلين,Alhambra,,15000,عطر,العطور,high,العطور,perfumes,high,standard perfume,name=عطر مونوكلين; product_type=عطر,approved,standard perfume,2026-08-02T07:33:46Z,ready,proposed_child,NO,NO,NO
ARD-1405,1405,عطر ارمتك روج,Alhambra,,12000,عطر,العطور,high,العطور,perfumes,high,standard perfume,name=عطر ارمتك روج; product_type=عطر,approved,standard perfume,2026-08-02T07:33:46Z,ready,proposed_child,NO,NO,NO
ARD-1406,1406,عطر كلاتا,Alhambra,,13000,عطر,العطور,high,العطور,perfumes,high,standard perfume,name=عطر كلاتا; product_type=عطر,approved,standard perfume,2026-08-02T07:33:46Z,ready,proposed_child,NO,NO,NO
ARD-1407,1407,عطر هيركولس,Alhambra,,12000,عطر,العطور,high,العطور,perfumes,high,standard perfume,name=عطر هيركولس; product_type=عطر,approved,standard perfume,2026-08-02T07:33:46Z,ready,proposed_child,NO,NO,NO
ARD-1408,1408,عطر جانس تندرين,Alhambra,,13000,عطر,العطور,high,العطور,perfumes,high,standard perfume,name=عطر جانس تندرين; product_type=عطر,approved,standard perfume,2026-08-02T07:33:46Z,ready,proposed_child,NO,NO,NO
ARD-1409,1409,عطر فيلوس اوبس نوير,Alhambra,,15000,عطر,العطور,high,العطور,perfumes,high,standard perfume,name=عطر فيلوس اوبس نوير; product_type=عطر,approved,standard perfume,2026-08-02T07:33:46Z,ready,proposed_child,NO,NO,NO
ARD-1410,1410,عطر فيلوس بور,Alhambra,,16000,عطر,العطور,high,العطور,perfumes,high,standard perfume,name=عطر فيلوس بور; product_type=عطر,approved,standard perfume,2026-08-02T07:33:46Z,ready,proposed_child,NO,NO,NO
ARD-1411,1411,عطر فيلوس روزو,Alhambra,,16000,عطر,العطور,high,العطور,perfumes,high,standard perfume,name=عطر فيلوس روزو; product_type=عطر,approved,standard perfume,2026-08-02T07:33:46Z,ready,proposed_child,NO,NO,NO
ARD-1443,1443,عطر فيرزاجي روج,Alhambra,,11000,عطر,العطور,high,العطور,perfumes,high,standard perfume,name=عطر فيرزاجي روج; product_type=عطر,approved,standard perfume,2026-08-02T07:33:46Z,ready,proposed_child,NO,NO,NO
ARD-1444,1444,عطر فيرزاجي اورو,Alhambra,,14000,عطر,العطور,high,العطور,perfumes,high,standard perfume,name=عطر فيرزاجي اورو; product_type=عطر,approved,standard perfume,2026-08-02T07:33:46Z,ready,proposed_child,NO,NO,NO
ARD-1447,1447,عطر ايزونا,Alhambra,,14000,عطر,العطور,high,العطور,perfumes,high,standard perfume,name=عطر ايزونا; product_type=عطر,approved,standard perfume,2026-08-02T07:33:46Z,ready,proposed_child,NO,NO,NO
ARD-1448,1448,عطر انجور بلاك,Alhambra,,13000,عطر,العطور,high,العطور,perfumes,high,standard perfume,name=عطر انجور بلاك; product_type=عطر,approved,standard perfume,2026-08-02T07:33:46Z,ready,proposed_child,NO,NO,NO
ARD-1452,1452,عطر سالفو,Alhambra,,14000,عطر,العطور,high,العطور,perfumes,high,standard perfume,name=عطر سالفو; product_type=عطر,approved,standard perfume,2026-08-02T07:33:46Z,ready,proposed_child,NO,NO,NO
ARD-1454,1454,عطر ناروتك فلور,Alhambra,,13000,عطر,العطور,high,العطور,perfumes,high,standard perfume,name=عطر ناروتك فلور; product_type=عطر,approved,standard perfume,2026-08-02T07:33:46Z,ready,proposed_child,NO,NO,NO
ARD-1465,1465,عطر لمبريسيو111 فيم,Alhambra,,14000,عطر,العطور,high,العطور,perfumes,high,standard perfume,name=عطر لمبريسيو111 فيم; product_type=عطر,approved,standard perfume,2026-08-02T07:33:46Z,ready,proposed_child,NO,NO,NO
ARD-1466,1466,عطر بينك شيمر,Alhambra,,14000,عطر,العطور,high,العطور,perfumes,high,standard perfume,name=عطر بينك شيمر; product_type=عطر,approved,standard perfume,2026-08-02T07:33:46Z,ready,proposed_child,NO,NO,NO
ARD-1467,1467,عطر انكود,Alhambra,,13000,عطر,العطور,high,العطور,perfumes,high,standard perfume,name=عطر انكود; product_type=عطر,approved,standard perfume,2026-08-02T07:33:46Z,ready,proposed_child,NO,NO,NO
ARD-1468,1468,مونوكلين 02,Alhambra,,13000,عطر,العطور,medium,العطور,perfumes,high,standard perfume,name=مونوكلين 02; product_type=عطر,approved,standard perfume,2026-08-02T07:33:46Z,ready,proposed_child,NO,NO,NO
ARD-1469,1469,عطر لينترود,Alhambra,,14000,عطر,العطور,high,العطور,perfumes,high,standard perfume,name=عطر لينترود; product_type=عطر,approved,standard perfume,2026-08-02T07:33:46Z,ready,proposed_child,NO,NO,NO
ARD-1680,1680,عطر فيلوس سنترو,Alhambra,,16000,عطر,العطور,high,العطور,perfumes,high,standard perfume,name=عطر فيلوس سنترو; product_type=عطر,approved,standard perfume,2026-08-02T07:33:46Z,ready,proposed_child,NO,NO,NO
ARD-1682,1682,عطر تورو هوم,Alhambra,,13000,عطر,العطور,high,العطور,perfumes,high,standard perfume,name=عطر تورو هوم; product_type=عطر,approved,standard perfume,2026-08-02T07:33:46Z,ready,proposed_child,NO,NO,NO
ARD-1683,1683,عطر امبر اند ليذر,Alhambra,,14000,عطر,العطور,high,العطور,perfumes,high,standard perfume,name=عطر امبر اند ليذر; product_type=عطر,approved,standard perfume,2026-08-02T07:33:46Z,ready,proposed_child,NO,NO,NO
ARD-1691,1691,عطر فيرزنيا كرستال,Alhambra,,13000,عطر,العطور,high,العطور,perfumes,high,standard perfume,name=عطر فيرزنيا كرستال; product_type=عطر,approved,standard perfume,2026-08-02T07:33:46Z,ready,proposed_child,NO,NO,NO
ARD-1695,1695,عطر مان بلاك,Alhambra,,14000,عطر,العطور,high,العطور,perfumes,high,standard perfume,name=عطر مان بلاك; product_type=عطر,approved,standard perfume,2026-08-02T07:33:46Z,ready,proposed_child,NO,NO,NO
ARD-1698,1698,عطر جورج دي بروفومو,Alhambra,,14000,عطر,العطور,high,العطور,perfumes,high,standard perfume,name=عطر جورج دي بروفومو; product_type=عطر,approved,standard perfume,2026-08-02T07:33:46Z,ready,proposed_child,NO,NO,NO
ARD-1720,1720,عطر كنك مان,Alhambra,,14000,عطر,العطور,high,العطور,perfumes,high,standard perfume,name=عطر كنك مان; product_type=عطر,approved,standard perfume,2026-08-02T07:33:46Z,ready,proposed_child,NO,NO,NO
ARD-1721,1721,عطر موديرن موسك,Alhambra,,12000,عطر,العطور,high,العطور,perfumes,high,standard perfume,name=عطر موديرن موسك; product_type=عطر,approved,standard perfume,2026-08-02T07:33:46Z,ready,proposed_child,NO,NO,NO
ARD-1722,1722,عطر نارسي روج,Alhambra,,13000,عطر,العطور,high,العطور,perfumes,high,standard perfume,name=عطر نارسي روج; product_type=عطر,approved,standard perfume,2026-08-02T07:33:46Z,ready,proposed_child,NO,NO,NO
ARD-1724,1724,عطر انارج,Alhambra,,17000,عطر,العطور,high,العطور,perfumes,high,standard perfume,name=عطر انارج; product_type=عطر,approved,standard perfume,2026-08-02T07:33:46Z,ready,proposed_child,NO,NO,NO
ARD-1725,1725,عطر افانت,Alhambra,,14000,عطر,العطور,high,العطور,perfumes,high,standard perfume,name=عطر افانت; product_type=عطر,approved,standard perfume,2026-08-02T07:33:46Z,ready,proposed_child,NO,NO,NO
ARD-1726,1726,عطر باد هوم,Alhambra,,12000,عطر,العطور,high,العطور,perfumes,high,standard perfume,name=عطر باد هوم; product_type=عطر,approved,standard perfume,2026-08-02T07:33:46Z,ready,proposed_child,NO,NO,NO
ARD-1728,1728,عطر بلاك اوريجامي,Alhambra,,14000,عطر,العطور,high,العطور,perfumes,high,standard perfume,name=عطر بلاك اوريجامي; product_type=عطر,approved,standard perfume,2026-08-02T07:33:46Z,ready,proposed_child,NO,NO,NO
ARD-1730,1730,عطر ياه,Alhambra,,14000,عطر,العطور,high,العطور,perfumes,high,standard perfume,name=عطر ياه; product_type=عطر,approved,standard perfume,2026-08-02T07:33:46Z,ready,proposed_child,NO,NO,NO
ARD-1732,1732,عطر ناريسا,Alhambra,,13000,عطر,العطور,high,العطور,perfumes,high,standard perfume,name=عطر ناريسا; product_type=عطر,approved,standard perfume,2026-08-02T07:33:46Z,ready,proposed_child,NO,NO,NO
ARD-1734,1734,عطر زينو,Alhambra,,12000,عطر,العطور,high,العطور,perfumes,high,standard perfume,name=عطر زينو; product_type=عطر,approved,standard perfume,2026-08-02T07:33:46Z,ready,proposed_child,NO,NO,NO
ARD-1741,1741,عطر دوبلن ليذر,Alhambra,,12000,عطر,العطور,high,العطور,perfumes,high,standard perfume,name=عطر دوبلن ليذر; product_type=عطر,approved,standard perfume,2026-08-02T07:33:46Z,ready,proposed_child,NO,NO,NO
ARD-1748,1748,عطر رقم2 رجال,Alhambra,,13000,عطر,العطور,high,العطور,perfumes,high,standard perfume,name=عطر رقم2 رجال; product_type=عطر,approved,standard perfume,2026-08-02T07:33:46Z,ready,proposed_child,NO,NO,NO
ARD-1749,1749,عطر فكتوريا فلور,Alhambra,,14000,عطر,العطور,high,العطور,perfumes,high,standard perfume,name=عطر فكتوريا فلور; product_type=عطر,approved,standard perfume,2026-08-02T07:33:46Z,ready,proposed_child,NO,NO,NO
ARD-1750,1750,عطر اوفشال كلوب انتنس 100 مل,Alhambra,100 مل,17000,عطر,العطور,high,العطور,perfumes,high,standard perfume,name=عطر اوفشال كلوب انتنس 100 مل; product_type=عطر,approved,standard perfume,2026-08-02T07:33:46Z,ready,proposed_child,NO,NO,NO
ARD-1751,1751,عطر كوستال بور فيم,Alhambra,,13000,عطر,العطور,high,العطور,perfumes,high,standard perfume,name=عطر كوستال بور فيم; product_type=عطر,approved,standard perfume,2026-08-02T07:33:46Z,ready,proposed_child,NO,NO,NO
ARD-1752,1752,عطر فيرزينيا ايسنس,Alhambra,,12000,عطر,العطور,high,العطور,perfumes,high,standard perfume,name=عطر فيرزينيا ايسنس; product_type=عطر,approved,standard perfume,2026-08-02T07:33:46Z,ready,proposed_child,NO,NO,NO
ARD-1754,1754,عطر قسمت نسائي,Alhambra,,23000,عطر,العطور,high,العطور,perfumes,high,standard perfume,name=عطر قسمت نسائي; product_type=عطر,approved,standard perfume,2026-08-02T07:33:46Z,ready,proposed_child,NO,NO,NO
ARD-1755,1755,عطر باد فيم,Alhambra,,14000,عطر,العطور,high,العطور,perfumes,high,standard perfume,name=عطر باد فيم; product_type=عطر,approved,standard perfume,2026-08-02T07:33:46Z,ready,proposed_child,NO,NO,NO
ARD-1756,1756,عطر قسمت رجالي,Alhambra,,23000,عطر,العطور,high,العطور,perfumes,high,standard perfume,name=عطر قسمت رجالي; product_type=عطر,approved,standard perfume,2026-08-02T07:33:46Z,ready,proposed_child,NO,NO,NO
ARD-1757,1757,عطر فلورال بلوم,Alhambra,,13000,عطر,العطور,high,العطور,perfumes,high,standard perfume,name=عطر فلورال بلوم; product_type=عطر,approved,standard perfume,2026-08-02T07:33:46Z,ready,proposed_child,NO,NO,NO
ARD-1829,1829,عطر ايثنك عود 100 مل,Alhambra,100 مل,15000,عطر,العطور,high,العطور,perfumes,high,standard perfume,name=عطر ايثنك عود 100 مل; product_type=عطر,approved,standard perfume,2026-08-02T07:33:46Z,ready,proposed_child,NO,NO,NO
ARD-1831,1831,عطر اكوا رويال بلانك,Alhambra,,11000,عطر,العطور,high,العطور,perfumes,high,standard perfume,name=عطر اكوا رويال بلانك; product_type=عطر,approved,standard perfume,2026-08-02T07:33:46Z,ready,proposed_child,NO,NO,NO
ARD-1842,1842,عطر عود برستيجيوم,Alhambra,,11000,عطر,العطور,high,العطور,perfumes,high,standard perfume,name=عطر عود برستيجيوم; product_type=عطر,approved,standard perfume,2026-08-02T07:33:46Z,ready,proposed_child,NO,NO,NO
ARD-1843,1843,عطر فليم بيور وود,Alhambra,,13000,عطر,العطور,high,العطور,perfumes,high,standard perfume,name=عطر فليم بيور وود; product_type=عطر,approved,standard perfume,2026-08-02T07:33:46Z,ready,proposed_child,NO,NO,NO
ARD-1846,1846,عطر نوت رويال اصدار حصري,Alhambra,,13000,عطر,العطور,high,العطور,perfumes,high,standard perfume,name=عطر نوت رويال اصدار حصري; product_type=عطر,approved,standard perfume,2026-08-02T07:33:46Z,ready,proposed_child,NO,NO,NO
ARD-1849,1849,عطر ناروتك فلور روج,Alhambra,,12000,عطر,العطور,high,العطور,perfumes,high,standard perfume,name=عطر ناروتك فلور روج; product_type=عطر,approved,standard perfume,2026-08-02T07:33:46Z,ready,proposed_child,NO,NO,NO
ARD-1859,1859,عطر نوت دي فولي,Alhambra,,13000,عطر,العطور,high,العطور,perfumes,high,standard perfume,name=عطر نوت دي فولي; product_type=عطر,approved,standard perfume,2026-08-02T07:33:46Z,ready,proposed_child,NO,NO,NO
ARD-1860,1860,عطر امباير دي اورو,Alhambra,,11000,عطر,العطور,high,العطور,perfumes,high,standard perfume,name=عطر امباير دي اورو; product_type=عطر,approved,standard perfume,2026-08-02T07:33:46Z,ready,proposed_child,NO,NO,NO
ARD-1861,1861,عطر لي كارمن بور فيم,Alhambra,,11000,عطر,العطور,high,العطور,perfumes,high,standard perfume,name=عطر لي كارمن بور فيم; product_type=عطر,approved,standard perfume,2026-08-02T07:33:46Z,ready,proposed_child,NO,NO,NO
ARD-1870,1870,عطر لافيتا 100 مل,Alhambra,100 مل,13000,عطر,العطور,high,العطور,perfumes,high,standard perfume,name=عطر لافيتا 100 مل; product_type=عطر,approved,standard perfume,2026-08-02T07:33:46Z,ready,proposed_child,NO,NO,NO
ARD-1872,1872,عطر لاكي ومن,Alhambra,,12000,عطر,العطور,high,العطور,perfumes,high,standard perfume,name=عطر لاكي ومن; product_type=عطر,approved,standard perfume,2026-08-02T07:33:46Z,ready,proposed_child,NO,NO,NO
ARD-1891,1891,عطر ماي بارتي,Alhambra,,14000,عطر,العطور,high,العطور,perfumes,high,standard perfume,name=عطر ماي بارتي; product_type=عطر,approved,standard perfume,2026-08-02T07:33:46Z,ready,proposed_child,NO,NO,NO
ARD-1892,1892,عطر اكسترا وودز,Alhambra,,11000,عطر,العطور,high,العطور,perfumes,high,standard perfume,name=عطر اكسترا وودز; product_type=عطر,approved,standard perfume,2026-08-02T07:33:46Z,ready,proposed_child,NO,NO,NO
ARD-1893,1893,عطر برونز رجالي,Alhambra,,13000,عطر,العطور,high,العطور,perfumes,high,standard perfume,name=عطر برونز رجالي; product_type=عطر,approved,standard perfume,2026-08-02T07:33:46Z,ready,proposed_child,NO,NO,NO
ARD-1894,1894,عطر لنتنس روج,Alhambra,,12000,عطر,العطور,high,العطور,perfumes,high,standard perfume,name=عطر لنتنس روج; product_type=عطر,approved,standard perfume,2026-08-02T07:33:46Z,ready,proposed_child,NO,NO,NO
ARD-1913,1913,عطر لوف سترينغ نسائي,Alhambra,,11000,عطر,العطور,high,العطور,perfumes,high,standard perfume,name=عطر لوف سترينغ نسائي; product_type=عطر,approved,standard perfume,2026-08-02T07:33:46Z,ready,proposed_child,NO,NO,NO
ARD-1943,1943,عطر فيوشن كيل,Alhambra,,13000,عطر,العطور,high,العطور,perfumes,high,standard perfume,name=عطر فيوشن كيل; product_type=عطر,approved,standard perfume,2026-08-02T07:33:46Z,ready,proposed_child,NO,NO,NO
ARD-1949,1949,عطر نيش رويال روج,Alhambra,,11000,عطر,العطور,high,العطور,perfumes,high,standard perfume,name=عطر نيش رويال روج; product_type=عطر,approved,standard perfume,2026-08-02T07:33:46Z,ready,proposed_child,NO,NO,NO
ARD-1950,1950,عطر نيش رويال فيرت,Alhambra,,12000,عطر,العطور,high,العطور,perfumes,high,standard perfume,name=عطر نيش رويال فيرت; product_type=عطر,approved,standard perfume,2026-08-02T07:33:46Z,ready,proposed_child,NO,NO,NO
ARD-2005,2005,عطر اوليفيا,Alhambra,,14000,عطر,العطور,high,العطور,perfumes,high,standard perfume,name=عطر اوليفيا; product_type=عطر,approved,standard perfume,2026-08-02T07:33:46Z,ready,proposed_child,NO,NO,NO
ARD-2014,2014,عطر سولامينتي,Alhambra,,11000,عطر,العطور,high,العطور,perfumes,high,standard perfume,name=عطر سولامينتي; product_type=عطر,approved,standard perfume,2026-08-02T07:33:46Z,ready,proposed_child,NO,NO,NO
ARD-2037,2037,عطر لاكي مان,Alhambra,,13000,عطر,العطور,high,العطور,perfumes,high,standard perfume,name=عطر لاكي مان; product_type=عطر,approved,standard perfume,2026-08-02T07:33:46Z,ready,proposed_child,NO,NO,NO
ARD-2041,2041,عطر نوت دي فولي دايموند,Alhambra,,12000,عطر,العطور,high,العطور,perfumes,high,standard perfume,name=عطر نوت دي فولي دايموند; product_type=عطر,approved,standard perfume,2026-08-02T07:33:46Z,ready,proposed_child,NO,NO,NO
ARD-2043,2043,عطر انستانت توباكو 85 مل,Alhambra,85 مل,14000,عطر,العطور,high,العطور,perfumes,high,standard perfume,name=عطر انستانت توباكو 85 مل; product_type=عطر,approved,standard perfume,2026-08-02T07:33:46Z,ready,proposed_child,NO,NO,YES
ARD-2085,2085,عطر برايد 100 مل,Alhambra,100 مل,14000,عطر,العطور,high,العطور,perfumes,high,standard perfume,name=عطر برايد 100 مل; product_type=عطر,approved,standard perfume,2026-08-02T07:33:46Z,ready,proposed_child,NO,NO,NO
ARD-2137,2137,عطر فليم ارومتك,Alhambra,,11000,عطر,العطور,high,العطور,perfumes,high,standard perfume,name=عطر فليم ارومتك; product_type=عطر,approved,standard perfume,2026-08-02T07:33:46Z,ready,proposed_child,NO,NO,NO
ARD-2432,2432,عطر هونور بلو ايسنس ومن,Alhambra,,12000,عطر,العطور,high,العطور,perfumes,high,standard perfume,name=عطر هونور بلو ايسنس ومن; product_type=عطر,approved,standard perfume,2026-08-02T07:33:46Z,ready,proposed_child,NO,NO,NO
ARD-2496,2496,عطر مونوكلين 05,Alhambra,,13000,عطر,العطور,high,العطور,perfumes,high,standard perfume,name=عطر مونوكلين 05; product_type=عطر,approved,standard perfume,2026-08-02T07:33:46Z,ready,proposed_child,NO,NO,NO
ARD-2507,2507,عطر افرو لذر 80 مل,Alhambra,80 مل,15000,عطر,العطور,high,العطور,perfumes,high,standard perfume,name=عطر افرو لذر 80 مل; product_type=عطر,approved,standard perfume,2026-08-02T07:33:46Z,ready,proposed_child,NO,NO,NO
ARD-2508,2508,عطر روزي لذر 80 مل,Alhambra,80 مل,14000,عطر,العطور,high,العطور,perfumes,high,standard perfume,name=عطر روزي لذر 80 مل; product_type=عطر,approved,standard perfume,2026-08-02T07:33:46Z,ready,proposed_child,NO,NO,NO
ARD-2509,2509,عطر فويسيز 100 مل,Alhambra,100 مل,15000,عطر,العطور,high,العطور,perfumes,high,standard perfume,name=عطر فويسيز 100 مل; product_type=عطر,approved,standard perfume,2026-08-02T07:33:46Z,ready,proposed_child,NO,NO,NO
ARD-2514,2514,عطر باروك ساتين عود 100 مل,Alhambra,100 مل,15000,عطر,العطور,high,العطور,perfumes,high,standard perfume,name=عطر باروك ساتين عود 100 مل; product_type=عطر,approved,standard perfume,2026-08-02T07:33:46Z,ready,proposed_child,NO,NO,NO
ARD-2516,2516,عطر مينيرفا 80 مل,Alhambra,80 مل,13000,عطر صغير أو ميني,العطور الصغيرة والميني,medium,العطور,perfumes,medium,explicit mini token but size>30ml — treat as standard perfume,name=عطر مينيرفا 80 مل; product_type=عطر صغير أو ميني,corrected,explicit mini token but size>30ml — treat as standard perfume,2026-08-02T07:33:46Z,ready,proposed_child,NO,YES,NO
ARD-2518,2518,عطر فكتوريوسو فكتوري 100 مل,Alhambra,100 مل,13000,عطر,العطور,high,العطور,perfumes,high,standard perfume,name=عطر فكتوريوسو فكتوري 100 مل; product_type=عطر,approved,standard perfume,2026-08-02T07:33:46Z,ready,proposed_child,NO,NO,NO
ARD-2520,2520,عطر فلورال بيرفومو 100 مل,Alhambra,100 مل,12000,عطر,العطور,high,العطور,perfumes,high,standard perfume,name=عطر فلورال بيرفومو 100 مل; product_type=عطر,approved,standard perfume,2026-08-02T07:33:46Z,ready,proposed_child,NO,NO,NO
ARD-2521,2521,عطر باروك روج اكستراكت 100 مل,Alhambra,100 مل,16000,عطر,العطور,high,العطور,perfumes,high,standard perfume,name=عطر باروك روج اكستراكت 100 مل; product_type=عطر,approved,standard perfume,2026-08-02T07:33:46Z,ready,proposed_child,NO,NO,NO
ARD-2523,2523,عطر روز سدكشن vip بور فيم 100 مل,Alhambra,100 مل,14000,عطر,العطور,high,العطور,perfumes,high,standard perfume,name=عطر روز سدكشن vip بور فيم 100 مل; product_type=عطر,approved,standard perfume,2026-08-02T07:33:46Z,ready,proposed_child,NO,NO,NO
ARD-2591,2591,عطر جست ماريد 100 مل,Alhambra,100 مل,13000,عطر,العطور,high,العطور,perfumes,high,standard perfume,name=عطر جست ماريد 100 مل; product_type=عطر,approved,standard perfume,2026-08-02T07:33:46Z,ready,proposed_child,NO,NO,NO
ARD-2658,2658,عطر فلورال امبرسي 100 مل,Alhambra,100 مل,13000,عطر,العطور,high,العطور,perfumes,high,standard perfume,name=عطر فلورال امبرسي 100 مل; product_type=عطر,approved,standard perfume,2026-08-02T07:33:46Z,ready,proposed_child,NO,NO,NO
ARD-2662,2662,عطر باي سافرون 100 مل,Alhambra,100 مل,19000,عطر,العطور,high,العطور,perfumes,high,standard perfume,name=عطر باي سافرون 100 مل; product_type=عطر,approved,standard perfume,2026-08-02T07:33:46Z,ready,proposed_child,NO,NO,NO
ARD-2676,2676,عطر اكسبوس انتينس 100 مل,Alhambra,100 مل,14000,عطر,العطور,high,العطور,perfumes,high,standard perfume,name=عطر اكسبوس انتينس 100 مل; product_type=عطر,approved,standard perfume,2026-08-02T07:33:46Z,ready,proposed_child,NO,NO,NO
ARD-2677,2677,عطر اكسبوس بلانك 100 مل,Alhambra,100 مل,14000,عطر,العطور,high,العطور,perfumes,high,standard perfume,name=عطر اكسبوس بلانك 100 مل; product_type=عطر,approved,standard perfume,2026-08-02T07:33:46Z,ready,proposed_child,NO,NO,NO
ARD-2684,2684,عطر امبرلي اومبري بلو 100 مل,Alhambra,100 مل,32000,عطر,العطور,high,العطور,perfumes,high,standard perfume,name=عطر امبرلي اومبري بلو 100 مل; product_type=عطر,approved,standard perfume,2026-08-02T07:33:46Z,ready,proposed_child,NO,NO,NO
ARD-2686,2686,عطر امبرلي اموروس 100 مل,Alhambra,100 مل,33000,عطر,العطور,high,العطور,perfumes,high,standard perfume,name=عطر امبرلي اموروس 100 مل; product_type=عطر,approved,standard perfume,2026-08-02T07:33:46Z,ready,proposed_child,NO,NO,NO
ARD-2722,2722,عطر رقم 1 -50 مل,Alhambra,50 مل,16000,عطر,العطور,high,العطور,perfumes,high,standard perfume,name=عطر رقم 1 -50 مل; product_type=عطر,approved,standard perfume,2026-08-02T07:33:46Z,ready,proposed_child,NO,NO,NO
ARD-2723,2723,عطر رقم 2 - 50 مل,Alhambra,50 مل,17000,عطر,العطور,high,العطور,perfumes,high,standard perfume,name=عطر رقم 2 - 50 مل; product_type=عطر,approved,standard perfume,2026-08-02T07:33:46Z,ready,proposed_child,NO,NO,NO
ARD-2724,2724,عطر رقم 3 - 50 مل,Alhambra,50 مل,19000,عطر,العطور,high,العطور,perfumes,high,standard perfume,name=عطر رقم 3 - 50 مل; product_type=عطر,approved,standard perfume,2026-08-02T07:33:46Z,ready,proposed_child,NO,NO,NO
ARD-2725,2725,عطر رقم 4 -50 مل,Alhambra,50 مل,17000,عطر,العطور,high,العطور,perfumes,high,standard perfume,name=عطر رقم 4 -50 مل; product_type=عطر,approved,standard perfume,2026-08-02T07:33:46Z,ready,proposed_child,NO,NO,NO
ARD-2728,2728,عطر سيروليان بلو 100 مل,Alhambra,100 مل,13000,عطر,العطور,high,العطور,perfumes,high,standard perfume,name=عطر سيروليان بلو 100 مل; product_type=عطر,approved,standard perfume,2026-08-02T07:33:46Z,ready,proposed_child,NO,NO,NO
ARD-2729,2729,عطر اوليفيا بلوسوم 100 مل,Alhambra,100 مل,14000,عطر,العطور,high,العطور,perfumes,high,standard perfume,name=عطر اوليفيا بلوسوم 100 مل; product_type=عطر,approved,standard perfume,2026-08-02T07:33:46Z,ready,proposed_child,NO,NO,NO
ARD-2735,2735,عطر سو كانديد بور فيم,Alhambra,,19000,عطر,العطور,high,العطور,perfumes,high,standard perfume,name=عطر سو كانديد بور فيم; product_type=عطر,approved,standard perfume,2026-08-02T07:33:46Z,ready,proposed_child,NO,NO,NO
ARD-2736,2736,عطر امبرلي بور عود 100 مل,Alhambra,100 مل,34000,عطر,العطور,high,العطور,perfumes,high,standard perfume,name=عطر امبرلي بور عود 100 مل; product_type=عطر,approved,standard perfume,2026-08-02T07:33:46Z,ready,proposed_child,NO,NO,NO
ARD-2738,2738,عطر اوبتس V / همبرا / 100 مل,Alhambra,100 مل,23000,عطر,العطور,high,العطور,perfumes,high,standard perfume,name=عطر اوبتس V / همبرا / 100 مل; product_type=عطر,approved,standard perfume,2026-08-02T07:33:46Z,ready,proposed_child,NO,NO,NO
ARD-2740,2740,عطر اوبتس V11 / همبرا / 100 مل,Alhambra,100 مل,24000,عطر,العطور,high,العطور,perfumes,high,standard perfume,name=عطر اوبتس V11 / همبرا / 100 مل; product_type=عطر,approved,standard perfume,2026-08-02T07:33:46Z,ready,proposed_child,NO,NO,NO
ARD-2741,2741,عطر بورتو نيرولي 80 مل توم فورد,Alhambra,80 مل,17000,عطر,العطور,high,العطور,perfumes,high,standard perfume,name=عطر بورتو نيرولي 80 مل توم فورد; product_type=عطر,approved,standard perfume,2026-08-02T07:33:46Z,ready,proposed_child,NO,NO,NO
ARD-2742,2742,عطر فابولو انتنس 80 مل توم فورد,Alhambra,80 مل,18000,عطر,العطور,high,العطور,perfumes,high,standard perfume,name=عطر فابولو انتنس 80 مل توم فورد; product_type=عطر,approved,standard perfume,2026-08-02T07:33:46Z,ready,proposed_child,NO,NO,NO
ARD-2743,2743,عطر روز بيتالاس 80 مل توم فورد,Alhambra,80 مل,18000,عطر,العطور,high,العطور,perfumes,high,standard perfume,name=عطر روز بيتالاس 80 مل توم فورد; product_type=عطر,approved,standard perfume,2026-08-02T07:33:46Z,ready,proposed_child,NO,NO,NO
ARD-2744,2744,عطر توسكانو لذر 80 مل توم فورد,Alhambra,80 مل,18000,عطر,العطور,high,العطور,perfumes,high,standard perfume,name=عطر توسكانو لذر 80 مل توم فورد; product_type=عطر,approved,standard perfume,2026-08-02T07:33:46Z,ready,proposed_child,NO,NO,NO
ARD-2747,2747,عطر جيان لوي ماتيري 100 مل,Alhambra,100 مل,26000,عطر,العطور,high,العطور,perfumes,high,standard perfume,name=عطر جيان لوي ماتيري 100 مل; product_type=عطر,approved,standard perfume,2026-08-02T07:33:46Z,ready,proposed_child,NO,NO,NO
ARD-2749,2749,عطر يور تج ومن 100 مل,Alhambra,100 مل,14000,عطر,العطور,high,العطور,perfumes,high,standard perfume,name=عطر يور تج ومن 100 مل; product_type=عطر,approved,standard perfume,2026-08-02T07:33:46Z,ready,proposed_child,NO,NO,NO
ARD-2754,2754,عطر جيان لوي امورتال 100 مل,Alhambra,100 مل,27000,عطر,العطور,high,العطور,perfumes,high,standard perfume,name=عطر جيان لوي امورتال 100 مل; product_type=عطر,approved,standard perfume,2026-08-02T07:33:46Z,ready,proposed_child,NO,NO,NO
ARD-2755,2755,عطر انفيني روز 100 مل,Alhambra,100 مل,24000,عطر,العطور,high,العطور,perfumes,high,standard perfume,name=عطر انفيني روز 100 مل; product_type=عطر,approved,standard perfume,2026-08-02T07:33:46Z,ready,proposed_child,NO,NO,NO
ARD-2756,2756,عطر البين هوم سبورت 100 مل,Alhambra,100 مل,16000,عطر,العطور,high,العطور,perfumes,high,standard perfume,name=عطر البين هوم سبورت 100 مل; product_type=عطر,approved,standard perfume,2026-08-02T07:33:46Z,ready,proposed_child,NO,NO,NO
ARD-2761,2761,عطر اكسكلوسف روز 100 مل,Alhambra,100 مل,27000,عطر,العطور,high,العطور,perfumes,high,standard perfume,name=عطر اكسكلوسف روز 100 مل; product_type=عطر,approved,standard perfume,2026-08-02T07:33:46Z,ready,proposed_child,NO,NO,NO
ARD-2762,2762,عطر برايت بيج 80 مل توم فورد,Alhambra,80 مل,18000,عطر,العطور,high,العطور,perfumes,high,standard perfume,name=عطر برايت بيج 80 مل توم فورد; product_type=عطر,approved,standard perfume,2026-08-02T07:33:46Z,ready,proposed_child,NO,NO,NO
ARD-2763,2763,عطر لوفلي جيري 80 مل توم فورد,Alhambra,80 مل,18000,عطر,العطور,high,العطور,perfumes,high,standard perfume,name=عطر لوفلي جيري 80 مل توم فورد; product_type=عطر,approved,standard perfume,2026-08-02T07:33:46Z,ready,proposed_child,NO,NO,NO
ARD-2764,2764,عطر اكسكلوسف سافرون 100 مل,Alhambra,100 مل,26000,عطر,العطور,high,العطور,perfumes,high,standard perfume,name=عطر اكسكلوسف سافرون 100 مل; product_type=عطر,approved,standard perfume,2026-08-02T07:33:46Z,ready,proposed_child,NO,NO,NO
ARD-2766,2766,عطر اكسكلوسف عود 100 مل,Alhambra,100 مل,26000,عطر,العطور,high,العطور,perfumes,high,standard perfume,name=عطر اكسكلوسف عود 100 مل; product_type=عطر,approved,standard perfume,2026-08-02T07:33:46Z,ready,proposed_child,NO,NO,NO
ARD-2767,2767,عطر رومان لذر 80 مل,Alhambra,80 مل,15000,عطر,العطور,high,العطور,perfumes,high,standard perfume,name=عطر رومان لذر 80 مل; product_type=عطر,approved,standard perfume,2026-08-02T07:33:46Z,ready,proposed_child,NO,NO,NO
ARD-2769,2769,عطر فري فلفت نوير 100 مل,Alhambra,100 مل,24000,عطر,العطور,high,العطور,perfumes,high,standard perfume,name=عطر فري فلفت نوير 100 مل; product_type=عطر,approved,standard perfume,2026-08-02T07:33:46Z,ready,proposed_child,NO,NO,NO
ARD-2774,2774,عطر اكسكلوسف تاباك 100 مل,Alhambra,100 مل,26000,عطر,العطور,high,العطور,perfumes,high,standard perfume,name=عطر اكسكلوسف تاباك 100 مل; product_type=عطر,approved,standard perfume,2026-08-02T07:33:46Z,ready,proposed_child,NO,NO,NO
ARD-2777,2777,عطر ذاارتست رقم2 100 مل,Alhambra,100 مل,23000,عطر,العطور,high,العطور,perfumes,high,standard perfume,name=عطر ذاارتست رقم2 100 مل; product_type=عطر,approved,standard perfume,2026-08-02T07:33:46Z,ready,proposed_child,NO,NO,NO
ARD-2778,2778,عطر تيرا 50 مل,Alhambra,50 مل,36000,عطر,العطور,high,العطور,perfumes,high,standard perfume,name=عطر تيرا 50 مل; product_type=عطر,approved,standard perfume,2026-08-02T07:33:46Z,ready,proposed_child,NO,NO,NO
ARD-2779,2779,عطر ال عود 100 مل,Alhambra,100 مل,26000,عطر,العطور,high,العطور,perfumes,high,standard perfume,name=عطر ال عود 100 مل; product_type=عطر,approved,standard perfume,2026-08-02T07:33:46Z,ready,proposed_child,NO,NO,NO
ARD-2781,2781,عطر ماغارا 50 مل,Alhambra,50 مل,40000,عطر,العطور,high,العطور,perfumes,high,standard perfume,name=عطر ماغارا 50 مل; product_type=عطر,approved,standard perfume,2026-08-02T07:33:46Z,ready,proposed_child,NO,NO,NO
ARD-2782,2782,عطر بينك شيمر انتينس 100 مل,Alhambra,100 مل,14000,عطر,العطور,high,العطور,perfumes,high,standard perfume,name=عطر بينك شيمر انتينس 100 مل; product_type=عطر,approved,standard perfume,2026-08-02T07:33:46Z,ready,proposed_child,NO,NO,NO
ARD-2783,2783,عطر بينك شيمر عود 100 مل,Alhambra,100 مل,13000,عطر,العطور,high,العطور,perfumes,high,standard perfume,name=عطر بينك شيمر عود 100 مل; product_type=عطر,approved,standard perfume,2026-08-02T07:33:46Z,ready,proposed_child,NO,NO,NO
ARD-2786,2786,عطر وودي عود 80 مل توم فورد,Alhambra,80 مل,18000,عطر,العطور,high,العطور,perfumes,high,standard perfume,name=عطر وودي عود 80 مل توم فورد; product_type=عطر,approved,standard perfume,2026-08-02T07:33:46Z,ready,proposed_child,NO,NO,NO
ARD-2801,2801,عطر جورج دي بروفيندو,Alhambra,,13000,عطر,العطور,high,العطور,perfumes,high,standard perfume,name=عطر جورج دي بروفيندو; product_type=عطر,approved,standard perfume,2026-08-02T07:33:46Z,ready,proposed_child,NO,NO,NO
ARD-2802,2802,عطر ذا توكس 90 مل,Alhambra,90 مل,24000,عطر,العطور,high,العطور,perfumes,high,standard perfume,name=عطر ذا توكس 90 مل; product_type=عطر,approved,standard perfume,2026-08-02T07:33:46Z,ready,proposed_child,NO,NO,NO
ARD-2814,2814,عطر روزي عود,Alhambra,,24000,عطر,العطور,high,العطور,perfumes,high,standard perfume,name=عطر روزي عود; product_type=عطر,approved,standard perfume,2026-08-02T07:33:46Z,ready,proposed_child,NO,NO,NO
ARD-2825,2825,عطر انفيني عود 100 مل,Alhambra,100 مل,25000,عطر,العطور,high,العطور,perfumes,high,standard perfume,name=عطر انفيني عود 100 مل; product_type=عطر,approved,standard perfume,2026-08-02T07:33:46Z,ready,proposed_child,NO,NO,NO
ARD-2874,2874,عطر قسمت انجل 100 مل,Alhambra,100 مل,21000,عطر,العطور,high,العطور,perfumes,high,standard perfume,name=عطر قسمت انجل 100 مل; product_type=عطر,approved,standard perfume,2026-08-02T07:33:46Z,ready,proposed_child,NO,NO,NO
ARD-2944,2944,عطر انكود بلو,Alhambra,,13000,عطر,العطور,high,العطور,perfumes,high,standard perfume,name=عطر انكود بلو; product_type=عطر,approved,standard perfume,2026-08-02T07:33:46Z,ready,proposed_child,NO,NO,NO
ARD-2945,2945,عطر فيرونا ومن 100 مل,Alhambra,100 مل,14000,عطر,العطور,high,العطور,perfumes,high,standard perfume,name=عطر فيرونا ومن 100 مل; product_type=عطر,approved,standard perfume,2026-08-02T07:33:46Z,ready,proposed_child,NO,NO,NO
ARD-2946,2946,عطر زافيرو كولكشن عود 100 مل,Alhambra,100 مل,23000,عطر,العطور,high,العطور,perfumes,high,standard perfume,name=عطر زافيرو كولكشن عود 100 مل; product_type=عطر,approved,standard perfume,2026-08-02T07:33:46Z,ready,proposed_child,NO,NO,NO
ARD-2947,2947,عطر زافيرو كولكشن رياكل 100 مل,Alhambra,100 مل,23000,عطر,العطور,high,العطور,perfumes,high,standard perfume,name=عطر زافيرو كولكشن رياكل 100 مل; product_type=عطر,approved,standard perfume,2026-08-02T07:33:46Z,ready,proposed_child,NO,NO,NO
ARD-2963,2963,عطر فري فلفت اكوا 100 مل,Alhambra,100 مل,24000,عطر,العطور,high,العطور,perfumes,high,standard perfume,name=عطر فري فلفت اكوا 100 مل; product_type=عطر,approved,standard perfume,2026-08-02T07:33:46Z,ready,proposed_child,NO,NO,NO
ARD-2965,2965,عطر فري فلفت اوركيد 100 مل,Alhambra,100 مل,26000,عطر,العطور,high,العطور,perfumes,high,standard perfume,name=عطر فري فلفت اوركيد 100 مل; product_type=عطر,approved,standard perfume,2026-08-02T07:33:46Z,ready,proposed_child,NO,NO,NO
ARD-2966,2966,عطر فري فلفت روج 100 مل,Alhambra,100 مل,24000,عطر,العطور,high,العطور,perfumes,high,standard perfume,name=عطر فري فلفت روج 100 مل; product_type=عطر,approved,standard perfume,2026-08-02T07:33:46Z,ready,proposed_child,NO,NO,NO
ARD-2982,2982,عطر ذاارتست رقم1 100 مل,Alhambra,100 مل,24000,عطر,العطور,high,العطور,perfumes,high,standard perfume,name=عطر ذاارتست رقم1 100 مل; product_type=عطر,approved,standard perfume,2026-08-02T07:33:46Z,ready,proposed_child,NO,NO,NO
ARD-3121,3121,عطر سويدي 100 مل,Alhambra,100 مل,15000,عطر,العطور,high,العطور,perfumes,high,standard perfume,name=عطر سويدي 100 مل; product_type=عطر,approved,standard perfume,2026-08-02T07:33:46Z,ready,proposed_child,NO,NO,NO
ARD-3230,3230,عطر الايف ناو 100 مل,Alhambra,100 مل,15000,عطر,العطور,high,العطور,perfumes,high,standard perfume,name=عطر الايف ناو 100 مل; product_type=عطر,approved,standard perfume,2026-08-02T07:33:46Z,ready,proposed_child,NO,NO,NO
ARD-3243,3243,عطر ناريسا امبري 100 مل,Alhambra,100 مل,14000,عطر,العطور,high,العطور,perfumes,high,standard perfume,name=عطر ناريسا امبري 100 مل; product_type=عطر,approved,standard perfume,2026-08-02T07:33:46Z,ready,proposed_child,NO,NO,NO
ARD-3246,3246,عطر انفيني الكسير 100 مل,Alhambra,100 مل,25000,عطر,العطور,high,العطور,perfumes,high,standard perfume,name=عطر انفيني الكسير 100 مل; product_type=عطر,approved,standard perfume,2026-08-02T07:33:46Z,ready,proposed_child,NO,NO,NO
ARD-3253,3253,عطر كلاسير لي نوير 100 مل,Alhambra,100 مل,19000,عطر,العطور,high,العطور,perfumes,high,standard perfume,name=عطر كلاسير لي نوير 100 مل; product_type=عطر,approved,standard perfume,2026-08-02T07:33:46Z,ready,proposed_child,NO,NO,NO
ARD-3254,3254,عطر كلاسير الترا 100 مل,Alhambra,100 مل,19000,عطر,العطور,high,العطور,perfumes,high,standard perfume,name=عطر كلاسير الترا 100 مل; product_type=عطر,approved,standard perfume,2026-08-02T07:33:46Z,ready,proposed_child,NO,NO,NO
ARD-3257,3257,عطر سالفو الكسير 60 مل,Alhambra,60 مل,14000,عطر,العطور,high,العطور,perfumes,high,standard perfume,name=عطر سالفو الكسير 60 مل; product_type=عطر,approved,standard perfume,2026-08-02T07:33:46Z,ready,proposed_child,NO,NO,NO
ARD-3258,3258,عطر بانثر بور هوم 100 مل,Alhambra,100 مل,14000,عطر,العطور,high,العطور,perfumes,high,standard perfume,name=عطر بانثر بور هوم 100 مل; product_type=عطر,approved,standard perfume,2026-08-02T07:33:46Z,ready,proposed_child,NO,NO,NO
ARD-3268,3268,عطر كلاسير بيلا 100 مل,Alhambra,100 مل,19000,عطر,العطور,high,العطور,perfumes,high,standard perfume,name=عطر كلاسير بيلا 100 مل; product_type=عطر,approved,standard perfume,2026-08-02T07:33:46Z,ready,proposed_child,NO,NO,NO
ARD-3271,3271,عطر كلاسير بولد 100 مل,Alhambra,100 مل,19000,عطر,العطور,high,العطور,perfumes,high,standard perfume,name=عطر كلاسير بولد 100 مل; product_type=عطر,approved,standard perfume,2026-08-02T07:33:46Z,ready,proposed_child,NO,NO,NO
ARD-3272,3272,عطر جيك فلفت فيرت سيكرت 100 مل,Alhambra,100 مل,18000,عطر,العطور,high,العطور,perfumes,high,standard perfume,name=عطر جيك فلفت فيرت سيكرت 100 مل; product_type=عطر,approved,standard perfume,2026-08-02T07:33:46Z,ready,proposed_child,NO,NO,NO
ARD-3285,3285,عطر وايت ليدي اوروس 100 مل,Alhambra,100 مل,13000,عطر,العطور,high,العطور,perfumes,high,standard perfume,name=عطر وايت ليدي اوروس 100 مل; product_type=عطر,approved,standard perfume,2026-08-02T07:33:46Z,ready,proposed_child,NO,NO,NO
ARD-3286,3286,عطر ذا سيربينت 100 مل,Alhambra,100 مل,24000,عطر,العطور,high,العطور,perfumes,high,standard perfume,name=عطر ذا سيربينت 100 مل; product_type=عطر,approved,standard perfume,2026-08-02T07:33:46Z,ready,proposed_child,NO,NO,NO
ARD-3294,3294,عطر كلاسير بور هوم 100 مل,Alhambra,100 مل,18000,عطر,العطور,high,العطور,perfumes,high,standard perfume,name=عطر كلاسير بور هوم 100 مل; product_type=عطر,approved,standard perfume,2026-08-02T07:33:46Z,ready,proposed_child,NO,NO,NO
ARD-3297,3297,عطر بريشيوس كولد 80 مل,Alhambra,80 مل,13000,عطر,العطور,high,العطور,perfumes,high,standard perfume,name=عطر بريشيوس كولد 80 مل; product_type=عطر,approved,standard perfume,2026-08-02T07:33:46Z,ready,proposed_child,NO,NO,NO
ARD-3365,3365,عطر رينا بور فيم 100 مل,Alhambra,100 مل,16000,عطر,العطور,high,العطور,perfumes,high,standard perfume,name=عطر رينا بور فيم 100 مل; product_type=عطر,approved,standard perfume,2026-08-02T07:33:46Z,ready,proposed_child,NO,NO,NO
ARD-3366,3366,عطر هيركوليان لذر 80 مل,Alhambra,80 مل,14000,عطر,العطور,high,العطور,perfumes,high,standard perfume,name=عطر هيركوليان لذر 80 مل; product_type=عطر,approved,standard perfume,2026-08-02T07:33:46Z,ready,proposed_child,NO,NO,NO
ARD-3378,3378,عطر ذا ترايل 100 مل,Alhambra,100 مل,24000,عطر,العطور,high,العطور,perfumes,high,standard perfume,name=عطر ذا ترايل 100 مل; product_type=عطر,approved,standard perfume,2026-08-02T07:33:46Z,ready,proposed_child,NO,NO,NO
ARD-3379,3379,عطر جيك فلفت وردي سيكرت 100 مل,Alhambra,100 مل,19000,عطر,العطور,high,العطور,perfumes,high,standard perfume,name=عطر جيك فلفت وردي سيكرت 100 مل; product_type=عطر,approved,standard perfume,2026-08-02T07:33:46Z,ready,proposed_child,NO,NO,NO
ARD-3384,3384,عطر بريشيوس اكسكلوسف 100 مل,Alhambra,100 مل,13000,عطر,العطور,high,العطور,perfumes,high,standard perfume,name=عطر بريشيوس اكسكلوسف 100 مل; product_type=عطر,approved,standard perfume,2026-08-02T07:33:46Z,ready,proposed_child,NO,NO,NO
ARD-3404,3404,عطر دارلنك بلو فور لايف هوم 100 مل,Alhambra,100 مل,14000,عطر,العطور,high,العطور,perfumes,high,standard perfume,name=عطر دارلنك بلو فور لايف هوم 100 مل; product_type=عطر,approved,standard perfume,2026-08-02T07:33:46Z,ready,proposed_child,NO,NO,NO
ARD-3405,3405,عطر كانديد هوم 100 مل,Alhambra,100 مل,18000,عطر,العطور,high,العطور,perfumes,high,standard perfume,name=عطر كانديد هوم 100 مل; product_type=عطر,approved,standard perfume,2026-08-02T07:33:46Z,ready,proposed_child,NO,NO,NO
ARD-3481,3481,عطر مونتايجن فانيلا 100 مل,Alhambra,100 مل,15000,عطر,العطور,high,العطور,perfumes,high,standard perfume,name=عطر مونتايجن فانيلا 100 مل; product_type=عطر,approved,standard perfume,2026-08-02T07:33:46Z,ready,proposed_child,NO,NO,NO
ARD-3602,3602,عطر دارك دور سبورت 100 مل,Alhambra,100 مل,14000,عطر,العطور,high,العطور,perfumes,high,standard perfume,name=عطر دارك دور سبورت 100 مل; product_type=عطر,approved,standard perfume,2026-08-02T07:33:46Z,ready,proposed_child,NO,NO,NO
ARD-3604,3604,عطر فكتوريوسو مايث 100 مل,Alhambra,100 مل,14000,عطر,العطور,high,العطور,perfumes,high,standard perfume,name=عطر فكتوريوسو مايث 100 مل; product_type=عطر,approved,standard perfume,2026-08-02T07:33:46Z,ready,proposed_child,NO,NO,NO
ARD-3605,3605,عطر ذا جانت 100 مل,Alhambra,100 مل,25000,عطر,العطور,high,العطور,perfumes,high,standard perfume,name=عطر ذا جانت 100 مل; product_type=عطر,approved,standard perfume,2026-08-02T07:33:46Z,ready,proposed_child,NO,NO,NO
ARD-3606,3606,عطر ذا مايث 100 مل,Alhambra,100 مل,25000,عطر,العطور,high,العطور,perfumes,high,standard perfume,name=عطر ذا مايث 100 مل; product_type=عطر,approved,standard perfume,2026-08-02T07:33:46Z,ready,proposed_child,NO,NO,NO
ARD-3630,3630,عطر كالوس 100 مل,Alhambra,100 مل,13000,عطر,العطور,high,العطور,perfumes,high,standard perfume,name=عطر كالوس 100 مل; product_type=عطر,approved,standard perfume,2026-08-02T07:33:46Z,ready,proposed_child,NO,NO,NO
ARD-3644,3644,عطر اكويلو هوم 100 مل,Alhambra,100 مل,19000,عطر,العطور,high,العطور,perfumes,high,standard perfume,name=عطر اكويلو هوم 100 مل; product_type=عطر,approved,standard perfume,2026-08-02T07:33:46Z,ready,proposed_child,NO,NO,NO
ARD-3645,3645,عطر قسمت موسكو 100 مل / همبر,Alhambra,100 مل,26000,عطر,العطور,high,العطور,perfumes,high,standard perfume,name=عطر قسمت موسكو 100 مل / همبر; product_type=عطر,approved,standard perfume,2026-08-02T07:33:46Z,ready,proposed_child,NO,NO,NO
ARD-3646,3646,عطر انفيني عود جويوس 100 مل,Alhambra,100 مل,26000,عطر,العطور,high,العطور,perfumes,high,standard perfume,name=عطر انفيني عود جويوس 100 مل; product_type=عطر,approved,standard perfume,2026-08-02T07:33:46Z,ready,proposed_child,NO,NO,NO
ARD-3652,3652,عطر جورج دي بروفومو ديب بلو,Alhambra,,14000,عطر,العطور,high,العطور,perfumes,high,standard perfume,name=عطر جورج دي بروفومو ديب بلو; product_type=عطر,approved,standard perfume,2026-08-02T07:33:46Z,ready,proposed_child,NO,NO,NO
ARD-3718,3718,عطر جوبلنت نوير 100 مل,Alhambra,100 مل,14000,عطر,العطور,high,العطور,perfumes,high,standard perfume,name=عطر جوبلنت نوير 100 مل; product_type=عطر,approved,standard perfume,2026-08-02T07:33:46Z,ready,proposed_child,NO,NO,NO
ARD-3719,3719,عطر مونتايجن كوكو 100 مل,Alhambra,100 مل,15000,عطر,العطور,high,العطور,perfumes,high,standard perfume,name=عطر مونتايجن كوكو 100 مل; product_type=عطر,approved,standard perfume,2026-08-02T07:33:46Z,ready,proposed_child,NO,NO,NO
ARD-3720,3720,عطر ناريسا بيج 100 مل,Alhambra,100 مل,14000,عطر,العطور,high,العطور,perfumes,high,standard perfume,name=عطر ناريسا بيج 100 مل; product_type=عطر,approved,standard perfume,2026-08-02T07:33:46Z,ready,proposed_child,NO,NO,NO
ARD-3721,3721,عطر فكتوريا فلور اوركيد 100 مل,Alhambra,100 مل,14000,عطر,العطور,high,العطور,perfumes,high,standard perfume,name=عطر فكتوريا فلور اوركيد 100 مل; product_type=عطر,approved,standard perfume,2026-08-02T07:33:46Z,ready,proposed_child,NO,NO,NO
ARD-3844,3844,عطر ناريسا روبي 100 مل,Alhambra,100 مل,14000,عطر,العطور,high,العطور,perfumes,high,standard perfume,name=عطر ناريسا روبي 100 مل; product_type=عطر,approved,standard perfume,2026-08-02T07:33:46Z,ready,proposed_child,NO,NO,NO
ARD-3861,3861,عطر لاروج باروك 100 مل,Alhambra,100 مل,16000,عطر,العطور,high,العطور,perfumes,high,standard perfume,name=عطر لاروج باروك 100 مل; product_type=عطر,approved,standard perfume,2026-08-02T07:33:46Z,ready,proposed_child,NO,NO,NO
ARD-3862,3862,عطر فلور اديكشن 100 مل,Alhambra,100 مل,14000,عطر,العطور,high,العطور,perfumes,high,standard perfume,name=عطر فلور اديكشن 100 مل; product_type=عطر,approved,standard perfume,2026-08-02T07:33:46Z,ready,proposed_child,NO,NO,NO
ARD-3863,3863,عطر ماتيري دي بلو 100 مل,Alhambra,100 مل,14000,عطر,العطور,high,العطور,perfumes,high,standard perfume,name=عطر ماتيري دي بلو 100 مل; product_type=عطر,approved,standard perfume,2026-08-02T07:33:46Z,ready,proposed_child,NO,NO,NO
ARD-3869,3869,عطر فكتوريوسو نيرو 100 مل,Alhambra,100 مل,14000,عطر,العطور,high,العطور,perfumes,high,standard perfume,name=عطر فكتوريوسو نيرو 100 مل; product_type=عطر,approved,standard perfume,2026-08-02T07:33:46Z,ready,proposed_child,NO,NO,NO
ARD-3870,3870,عطر قسمت ماجيك 100 مل,Alhambra,100 مل,27000,عطر,العطور,high,العطور,perfumes,high,standard perfume,name=عطر قسمت ماجيك 100 مل; product_type=عطر,approved,standard perfume,2026-08-02T07:33:46Z,ready,proposed_child,NO,NO,NO
ARD-3946,3946,عطر اوبلنس لذز 100 مل,Alhambra,100 مل,14000,عطر,العطور,high,العطور,perfumes,high,standard perfume,name=عطر اوبلنس لذز 100 مل; product_type=عطر,approved,standard perfume,2026-08-02T07:33:46Z,ready,proposed_child,NO,NO,NO
ARD-3947,3947,عطر لاروج باروك اكستريم 100 مل,Alhambra,100 مل,16000,عطر,العطور,high,العطور,perfumes,high,standard perfume,name=عطر لاروج باروك اكستريم 100 مل; product_type=عطر,approved,standard perfume,2026-08-02T07:33:46Z,ready,proposed_child,NO,NO,NO
ARD-4139,4139,عطر مان دولسيزا 100 مل,Alhambra,100 مل,20000,عطر,العطور,high,العطور,perfumes,high,standard perfume,name=عطر مان دولسيزا 100 مل; product_type=عطر,approved,standard perfume,2026-08-02T07:33:46Z,ready,proposed_child,NO,NO,NO
ARD-4140,4140,عطر ايبيني 90 مل / هامبرا,Alhambra,90 مل,27000,عطر,العطور,high,العطور,perfumes,high,standard perfume,name=عطر ايبيني 90 مل / هامبرا; product_type=عطر,approved,standard perfume,2026-08-02T07:33:46Z,ready,proposed_child,NO,NO,NO
ARD-4146,4146,عطر شوكر سيكرت 100 مل,Alhambra,100 مل,12000,عطر,العطور,high,العطور,perfumes,high,standard perfume,name=عطر شوكر سيكرت 100 مل; product_type=عطر,approved,standard perfume,2026-08-02T07:33:46Z,ready,proposed_child,NO,NO,NO
ARD-4151,4151,عطر لافيفاسيتي 100 مل,Alhambra,100 مل,14000,عطر,العطور,high,العطور,perfumes,high,standard perfume,name=عطر لافيفاسيتي 100 مل; product_type=عطر,approved,standard perfume,2026-08-02T07:33:46Z,ready,proposed_child,NO,NO,NO
ARD-4153,4153,عطر غراي اش 100 مل,Alhambra,100 مل,27000,عطر,العطور,high,العطور,perfumes,high,standard perfume,name=عطر غراي اش 100 مل; product_type=عطر,approved,standard perfume,2026-08-02T07:33:46Z,ready,proposed_child,NO,NO,NO
ARD-4154,4154,عطر فيوشن انتنس 80 مل,Alhambra,80 مل,27000,عطر,العطور,high,العطور,perfumes,high,standard perfume,name=عطر فيوشن انتنس 80 مل; product_type=عطر,approved,standard perfume,2026-08-02T07:33:46Z,ready,proposed_child,NO,NO,NO
ARD-4162,4162,عطر ونسوم 90 مل,Alhambra,90 مل,27000,عطر,العطور,high,العطور,perfumes,high,standard perfume,name=عطر ونسوم 90 مل; product_type=عطر,approved,standard perfume,2026-08-02T07:33:46Z,ready,proposed_child,NO,NO,NO
ARD-4163,4163,عطر لافا 100 مل,Alhambra,100 مل,18000,عطر,العطور,high,العطور,perfumes,high,standard perfume,name=عطر لافا 100 مل; product_type=عطر,approved,standard perfume,2026-08-02T07:33:46Z,ready,proposed_child,NO,NO,NO
ARD-4164,4164,عطر جوبلنت روز 100 مل,Alhambra,100 مل,14000,عطر,العطور,high,العطور,perfumes,high,standard perfume,name=عطر جوبلنت روز 100 مل; product_type=عطر,approved,standard perfume,2026-08-02T07:33:46Z,ready,proposed_child,NO,NO,NO
ARD-4168,4168,عطر لاجارمانتي اكلاتانت 100 مل,Alhambra,100 مل,24000,عطر,العطور,high,العطور,perfumes,high,standard perfume,name=عطر لاجارمانتي اكلاتانت 100 مل; product_type=عطر,approved,standard perfume,2026-08-02T07:33:46Z,ready,proposed_child,NO,NO,NO
ARD-4170,4170,عطر جوبلنت ايسنس 100 مل,Alhambra,100 مل,14000,عطر,العطور,high,العطور,perfumes,high,standard perfume,name=عطر جوبلنت ايسنس 100 مل; product_type=عطر,approved,standard perfume,2026-08-02T07:33:46Z,ready,proposed_child,NO,NO,NO
ARD-4171,4171,عطر ناريسا موي 100 مل,Alhambra,100 مل,16000,عطر,العطور,high,العطور,perfumes,high,standard perfume,name=عطر ناريسا موي 100 مل; product_type=عطر,approved,standard perfume,2026-08-02T07:33:46Z,ready,proposed_child,NO,NO,NO
ARD-4173,4173,عطر فوجي نايت 100 مل,Alhambra,100 مل,22000,عطر,العطور,high,العطور,perfumes,high,standard perfume,name=عطر فوجي نايت 100 مل; product_type=عطر,approved,standard perfume,2026-08-02T07:33:46Z,ready,proposed_child,NO,NO,NO
ARD-4174,4174,عطر كاميل 100 مل,Alhambra,100 مل,20000,عطر,العطور,high,العطور,perfumes,high,standard perfume,name=عطر كاميل 100 مل; product_type=عطر,approved,standard perfume,2026-08-02T07:33:46Z,ready,proposed_child,NO,NO,NO
ARD-4175,4175,عطر بينك ايكلبس 100 مل,Alhambra,100 مل,21000,عطر,العطور,high,العطور,perfumes,high,standard perfume,name=عطر بينك ايكلبس 100 مل; product_type=عطر,approved,standard perfume,2026-08-02T07:33:46Z,ready,proposed_child,NO,NO,NO
ARD-4176,4176,عطر سنشوال فانيلا 100 مل,Alhambra,100 مل,27000,عطر,العطور,high,العطور,perfumes,high,standard perfume,name=عطر سنشوال فانيلا 100 مل; product_type=عطر,approved,standard perfume,2026-08-02T07:33:46Z,ready,proposed_child,NO,NO,NO
ARD-4177,4177,عطر سيليستي 100 مل,Alhambra,100 مل,20000,عطر,العطور,high,العطور,perfumes,high,standard perfume,name=عطر سيليستي 100 مل; product_type=عطر,approved,standard perfume,2026-08-02T07:33:46Z,ready,proposed_child,NO,NO,NO
ARD-4178,4178,عطر لاجارمانتي 100 مل,Alhambra,100 مل,24000,عطر,العطور,high,العطور,perfumes,high,standard perfume,name=عطر لاجارمانتي 100 مل; product_type=عطر,approved,standard perfume,2026-08-02T07:33:46Z,ready,proposed_child,NO,NO,NO
ARD-4188,4188,ديسدنت وندر 100 مل,Alhambra,100 مل,24000,عطر,العطور,medium,العطور,perfumes,high,standard perfume,name=ديسدنت وندر 100 مل; product_type=عطر,approved,standard perfume,2026-08-02T07:33:46Z,ready,proposed_child,NO,NO,NO
ARD-4190,4190,عطر يور تج عود 100 مل,Alhambra,100 مل,14000,عطر,العطور,high,العطور,perfumes,high,standard perfume,name=عطر يور تج عود 100 مل; product_type=عطر,approved,standard perfume,2026-08-02T07:33:46Z,ready,proposed_child,NO,NO,NO
ARD-4192,4192,عطر اكسكويسايت كلوب 100 مل,Alhambra,100 مل,15000,عطر,العطور,high,العطور,perfumes,high,standard perfume,name=عطر اكسكويسايت كلوب 100 مل; product_type=عطر,approved,standard perfume,2026-08-02T07:33:46Z,ready,proposed_child,NO,NO,NO
ARD-4194,4194,عطر روز اورجامي 100 مل,Alhambra,100 مل,15000,عطر,العطور,high,العطور,perfumes,high,standard perfume,name=عطر روز اورجامي 100 مل; product_type=عطر,approved,standard perfume,2026-08-02T07:33:46Z,ready,proposed_child,NO,NO,NO
ARD-4195,4195,عطر يور تج توباكو 100 مل,Alhambra,100 مل,14000,عطر,العطور,high,العطور,perfumes,high,standard perfume,name=عطر يور تج توباكو 100 مل; product_type=عطر,approved,standard perfume,2026-08-02T07:33:46Z,ready,proposed_child,NO,NO,NO
ARD-4199,4199,عطر يور تج امبر 100 مل,Alhambra,100 مل,14000,عطر,العطور,high,العطور,perfumes,high,standard perfume,name=عطر يور تج امبر 100 مل; product_type=عطر,approved,standard perfume,2026-08-02T07:33:46Z,ready,proposed_child,NO,NO,NO
ARD-4207,4207,عطر فكتوريوسو هيرويك 100 مل,Alhambra,100 مل,17000,عطر,العطور,high,العطور,perfumes,high,standard perfume,name=عطر فكتوريوسو هيرويك 100 مل; product_type=عطر,approved,standard perfume,2026-08-02T07:33:46Z,ready,proposed_child,NO,NO,NO
ARD-4208,4208,عطر فكتوريوسو فيرلس 100 مل,Alhambra,100 مل,17000,عطر,العطور,high,العطور,perfumes,high,standard perfume,name=عطر فكتوريوسو فيرلس 100 مل; product_type=عطر,approved,standard perfume,2026-08-02T07:33:46Z,ready,proposed_child,NO,NO,NO
ARD-4209,4209,عطر سموكي تج 80 مل,Alhambra,80 مل,27000,عطر,العطور,high,العطور,perfumes,high,standard perfume,name=عطر سموكي تج 80 مل; product_type=عطر,approved,standard perfume,2026-08-02T07:33:46Z,ready,proposed_child,NO,NO,NO
ARD-4210,4210,عطر جاردين دي رايف 100 مل,Alhambra,100 مل,14000,عطر,العطور,high,العطور,perfumes,high,standard perfume,name=عطر جاردين دي رايف 100 مل; product_type=عطر,approved,standard perfume,2026-08-02T07:33:46Z,ready,proposed_child,NO,NO,NO
ARD-4211,4211,عطر اثينا 100 مل,Alhambra,100 مل,20000,عطر,العطور,high,العطور,perfumes,high,standard perfume,name=عطر اثينا 100 مل; product_type=عطر,approved,standard perfume,2026-08-02T07:33:46Z,ready,proposed_child,NO,NO,NO
ARD-4217,4217,عطر فكتوريوسو لاغاسي 100 مل,Alhambra,100 مل,17000,عطر,العطور,high,العطور,perfumes,high,standard perfume,name=عطر فكتوريوسو لاغاسي 100 مل; product_type=عطر,approved,standard perfume,2026-08-02T07:33:46Z,ready,proposed_child,NO,NO,NO
ARD-4240,4240,عطر ايسنس ايبوني 80 مل,Alhambra,80 مل,27000,عطر,العطور,high,العطور,perfumes,high,standard perfume,name=عطر ايسنس ايبوني 80 مل; product_type=عطر,approved,standard perfume,2026-08-02T07:33:46Z,ready,proposed_child,NO,NO,NO
ARD-4241,4241,عطر تورو كلاس 100 مل,Alhambra,100 مل,17000,عطر,العطور,high,العطور,perfumes,high,standard perfume,name=عطر تورو كلاس 100 مل; product_type=عطر,approved,standard perfume,2026-08-02T07:33:46Z,ready,proposed_child,NO,NO,NO
ARD-4243,4243,عطر سيبتري اوسيانا 100 مل,Alhambra,100 مل,27000,عطر,العطور,high,العطور,perfumes,high,standard perfume,name=عطر سيبتري اوسيانا 100 مل; product_type=عطر,approved,standard perfume,2026-08-02T07:33:46Z,ready,proposed_child,NO,NO,NO
ARD-4244,4244,عطر فليمنك الكسير 80 مل,Alhambra,80 مل,26000,عطر,العطور,high,العطور,perfumes,high,standard perfume,name=عطر فليمنك الكسير 80 مل; product_type=عطر,approved,standard perfume,2026-08-02T07:33:46Z,ready,proposed_child,NO,NO,NO
ARD-4245,4245,عطر اكلات دي لون 100 مل,Alhambra,100 مل,20000,عطر,العطور,high,العطور,perfumes,high,standard perfume,name=عطر اكلات دي لون 100 مل; product_type=عطر,approved,standard perfume,2026-08-02T07:33:46Z,ready,proposed_child,NO,NO,NO
ARD-4247,4247,عطر جيان لوي فرايجي 100 مل,Alhambra,100 مل,26000,عطر,العطور,high,العطور,perfumes,high,standard perfume,name=عطر جيان لوي فرايجي 100 مل; product_type=عطر,approved,standard perfume,2026-08-02T07:33:46Z,ready,proposed_child,NO,NO,NO
ARD-4248,4248,عطر سيبتري برونزايت 100 مل,Alhambra,100 مل,27000,عطر,العطور,high,العطور,perfumes,high,standard perfume,name=عطر سيبتري برونزايت 100 مل; product_type=عطر,approved,standard perfume,2026-08-02T07:33:46Z,ready,proposed_child,NO,NO,NO
ARD-4249,4249,عطر سيبتري امازونايت 100 مل,Alhambra,100 مل,27000,عطر,العطور,high,العطور,perfumes,high,standard perfume,name=عطر سيبتري امازونايت 100 مل; product_type=عطر,approved,standard perfume,2026-08-02T07:33:46Z,ready,proposed_child,NO,NO,NO
ARD-4250,4250,عطر مايستيريوس امبر 80 مل,Alhambra,80 مل,26000,عطر,العطور,high,العطور,perfumes,high,standard perfume,name=عطر مايستيريوس امبر 80 مل; product_type=عطر,approved,standard perfume,2026-08-02T07:33:46Z,ready,proposed_child,NO,NO,NO
ARD-4251,4251,عطر لوف سبارك 80 مل,Alhambra,80 مل,26000,عطر,العطور,high,العطور,perfumes,high,standard perfume,name=عطر لوف سبارك 80 مل; product_type=عطر,approved,standard perfume,2026-08-02T07:33:46Z,ready,proposed_child,NO,NO,NO
ARD-4252,4252,عطر انفيني مسك 100 مل,Alhambra,100 مل,26000,عطر,العطور,high,المسك والمخمريات والعطور الزيتية,musk-oils-mukhammaria,high,explicit musk/oil/mukhammaria,name=عطر انفيني مسك 100 مل; product_type=عطر,corrected,explicit musk/oil/mukhammaria,2026-08-02T07:33:46Z,ready,proposed_child,NO,YES,YES
ARD-4253,4253,عطر سبيكتروم 100 مل,Alhambra,100 مل,24000,عطر,العطور,high,العطور,perfumes,high,standard perfume,name=عطر سبيكتروم 100 مل; product_type=عطر,approved,standard perfume,2026-08-02T07:33:46Z,ready,proposed_child,NO,NO,NO
ARD-4254,4254,عطر انكود مونتاين 100 مل,Alhambra,100 مل,15000,عطر,العطور,high,العطور,perfumes,high,standard perfume,name=عطر انكود مونتاين 100 مل; product_type=عطر,approved,standard perfume,2026-08-02T07:33:46Z,ready,proposed_child,NO,NO,NO
ARD-4267,4267,عطر جوبلنت اورو,Alhambra,,14000,عطر,العطور,high,العطور,perfumes,high,standard perfume,name=عطر جوبلنت اورو; product_type=عطر,approved,standard perfume,2026-08-02T07:33:46Z,ready,proposed_child,NO,NO,NO
ARD-4268,4268,عطر ليوني انتنس 100 مل,Alhambra,100 مل,14000,عطر,العطور,high,العطور,perfumes,high,standard perfume,name=عطر ليوني انتنس 100 مل; product_type=عطر,approved,standard perfume,2026-08-02T07:33:46Z,ready,proposed_child,NO,NO,NO
ARD-4270,4270,عطر مونوكلين سيريس 2,Alhambra,,16000,عطر,العطور,high,العطور,perfumes,high,standard perfume,name=عطر مونوكلين سيريس 2; product_type=عطر,approved,standard perfume,2026-08-02T07:33:46Z,ready,proposed_child,NO,NO,NO
ARD-4271,4271,عطر كوينز تاون بور فيم انتنس 100 مل,Alhambra,100 مل,15000,عطر,العطور,high,العطور,perfumes,high,standard perfume,name=عطر كوينز تاون بور فيم انتنس 100 مل; product_type=عطر,approved,standard perfume,2026-08-02T07:33:46Z,ready,proposed_child,NO,NO,NO
ARD-4272,4272,عطر لومينوس فيفيد 100 مل,Alhambra,100 مل,24000,عطر,العطور,high,العطور,perfumes,high,standard perfume,name=عطر لومينوس فيفيد 100 مل; product_type=عطر,approved,standard perfume,2026-08-02T07:33:46Z,ready,proposed_child,NO,NO,NO
ARD-4275,4275,عطر جيان لوي فايب 100 مل,Alhambra,100 مل,27000,عطر,العطور,high,العطور,perfumes,high,standard perfume,name=عطر جيان لوي فايب 100 مل; product_type=عطر,approved,standard perfume,2026-08-02T07:33:46Z,ready,proposed_child,NO,NO,NO
ARD-4279,4279,عطر ديليلا بلانك,Alhambra,,16000,عطر,العطور,high,العطور,perfumes,high,standard perfume,name=عطر ديليلا بلانك; product_type=عطر,approved,standard perfume,2026-08-02T07:33:46Z,ready,proposed_child,NO,NO,NO
ARD-4283,4283,عطر سموكي 80 مل,Alhambra,80 مل,27000,عطر,العطور,high,العطور,perfumes,high,standard perfume,name=عطر سموكي 80 مل; product_type=عطر,approved,standard perfume,2026-08-02T07:33:46Z,ready,proposed_child,NO,NO,NO
ARD-4284,4284,عطر ميا دولسيزا فيردي 100 مل,Alhambra,100 مل,20000,عطر,العطور,high,العطور,perfumes,high,standard perfume,name=عطر ميا دولسيزا فيردي 100 مل; product_type=عطر,approved,standard perfume,2026-08-02T07:33:46Z,ready,proposed_child,NO,NO,NO
ARD-4285,4285,عطر فكتوريا فلور روزا ليليوم 100 مل,Alhambra,100 مل,15000,عطر,العطور,high,العطور,perfumes,high,standard perfume,name=عطر فكتوريا فلور روزا ليليوم 100 مل; product_type=عطر,approved,standard perfume,2026-08-02T07:33:46Z,ready,proposed_child,NO,NO,NO
ARD-4288,4288,عطر افانت روبي 100 مل,Alhambra,100 مل,24000,عطر,العطور,high,العطور,perfumes,high,standard perfume,name=عطر افانت روبي 100 مل; product_type=عطر,approved,standard perfume,2026-08-02T07:33:46Z,ready,proposed_child,NO,NO,NO
ARD-4289,4289,عطر ترو ورد 100 مل,Alhambra,100 مل,24000,عطر,العطور,high,العطور,perfumes,high,standard perfume,name=عطر ترو ورد 100 مل; product_type=عطر,approved,standard perfume,2026-08-02T07:33:46Z,ready,proposed_child,NO,NO,NO
ARD-4290,4290,عطر فيلوس شاين 100 مل,Alhambra,100 مل,24000,عطر,العطور,high,العطور,perfumes,high,standard perfume,name=عطر فيلوس شاين 100 مل; product_type=عطر,approved,standard perfume,2026-08-02T07:33:46Z,ready,proposed_child,NO,NO,NO
ARD-4291,4291,عطر امبريوم 100 مل,Alhambra,100 مل,20000,عطر,العطور,high,العطور,perfumes,high,standard perfume,name=عطر امبريوم 100 مل; product_type=عطر,approved,standard perfume,2026-08-02T07:33:46Z,ready,proposed_child,NO,NO,NO
ARD-4292,4292,عطر ان بيرفكت هارموني 60 مل / هامبرا,Alhambra,60 مل,27000,عطر,العطور,high,العطور,perfumes,high,standard perfume,name=عطر ان بيرفكت هارموني 60 مل / هامبرا; product_type=عطر,approved,standard perfume,2026-08-02T07:33:46Z,ready,proposed_child,NO,NO,NO
ARD-4301,4301,عطر انفيني انتوكسيكايتنك جيري 100 مل,Alhambra,100 مل,26000,عطر,العطور,high,العطور,perfumes,high,standard perfume,name=عطر انفيني انتوكسيكايتنك جيري 100 مل; product_type=عطر,approved,standard perfume,2026-08-02T07:33:46Z,ready,proposed_child,NO,NO,NO
ARD-4302,4302,عطر دومينو ايسنس 100 مل,Alhambra,100 مل,26000,عطر,العطور,high,العطور,perfumes,high,standard perfume,name=عطر دومينو ايسنس 100 مل; product_type=عطر,approved,standard perfume,2026-08-02T07:33:46Z,ready,proposed_child,NO,NO,NO
ARD-4322,4322,عطر ديسرابل اديكشن 100 مل,Alhambra,100 مل,17000,عطر,العطور,high,العطور,perfumes,high,standard perfume,name=عطر ديسرابل اديكشن 100 مل; product_type=عطر,approved,standard perfume,2026-08-02T07:33:46Z,ready,proposed_child,NO,NO,NO
ARD-4323,4323,عطر فوجي بارتي 100 مل,Alhambra,100 مل,22000,عطر,العطور,high,العطور,perfumes,high,standard perfume,name=عطر فوجي بارتي 100 مل; product_type=عطر,approved,standard perfume,2026-08-02T07:33:46Z,ready,proposed_child,NO,NO,NO
ARD-4324,4324,عطر يور تج لذر 100 مل,Alhambra,100 مل,14000,عطر,العطور,high,العطور,perfumes,high,standard perfume,name=عطر يور تج لذر 100 مل; product_type=عطر,approved,standard perfume,2026-08-02T07:33:46Z,ready,proposed_child,NO,NO,NO
ARD-4327,4327,عطر تونك مالت 100 مل,Alhambra,100 مل,20000,عطر,العطور,high,العطور,perfumes,high,standard perfume,name=عطر تونك مالت 100 مل; product_type=عطر,approved,standard perfume,2026-08-02T07:33:46Z,ready,proposed_child,NO,NO,NO
ARD-4328,4328,عطر كوستا 100 مل,Alhambra,100 مل,27000,عطر,العطور,high,العطور,perfumes,high,standard perfume,name=عطر كوستا 100 مل; product_type=عطر,approved,standard perfume,2026-08-02T07:33:46Z,ready,proposed_child,NO,NO,NO
ARD-4331,4331,عطر تونيك ايس 100 مل,Alhambra,100 مل,20000,عطر,العطور,high,العطور,perfumes,high,standard perfume,name=عطر تونيك ايس 100 مل; product_type=عطر,approved,standard perfume,2026-08-02T07:33:46Z,ready,proposed_child,NO,NO,NO
ARD-4332,4332,عطر كالاكتك مين الكسير 100 مل,Alhambra,100 مل,16000,عطر,العطور,high,العطور,perfumes,high,standard perfume,name=عطر كالاكتك مين الكسير 100 مل; product_type=عطر,approved,standard perfume,2026-08-02T07:33:46Z,ready,proposed_child,NO,NO,NO
ARD-4361,4361,عطر يور تج سينتال 100 مل,Alhambra,100 مل,14000,عطر,العطور,high,العطور,perfumes,high,standard perfume,name=عطر يور تج سينتال 100 مل; product_type=عطر,approved,standard perfume,2026-08-02T07:33:46Z,ready,proposed_child,NO,NO,NO
ARD-4362,4362,عطر ريني كارمن 100 مل,Alhambra,100 مل,28000,عطر,العطور,high,العطور,perfumes,high,standard perfume,name=عطر ريني كارمن 100 مل; product_type=عطر,approved,standard perfume,2026-08-02T07:33:46Z,ready,proposed_child,NO,NO,NO
ARD-4365,4365,عطر مندسيت 100 مل,Alhambra,100 مل,20000,مجموعة عطرية,العطور,high,العطور,perfumes,high,standard perfume,name=عطر مندسيت 100 مل; product_type=مجموعة عطرية,approved,standard perfume,2026-08-02T07:33:46Z,ready,proposed_child,NO,NO,NO
ARD-4385,4385,عطر سو كانديد هوم 100 مل,Alhambra,100 مل,19000,عطر,العطور,high,العطور,perfumes,high,standard perfume,name=عطر سو كانديد هوم 100 مل; product_type=عطر,approved,standard perfume,2026-08-02T07:33:46Z,ready,proposed_child,NO,NO,NO
ARD-4448,4448,عطر سيبتري ديزرت 100 مل,Alhambra,100 مل,28000,عطر,العطور,high,العطور,perfumes,high,standard perfume,name=عطر سيبتري ديزرت 100 مل; product_type=عطر,approved,standard perfume,2026-08-02T07:33:46Z,ready,proposed_child,NO,NO,NO
ARD-4480,4480,عطر نيبولا 11 / 100 مل / هامبرا,Alhambra,100 مل,22000,عطر,العطور,high,العطور,perfumes,high,standard perfume,name=عطر نيبولا 11 / 100 مل / هامبرا; product_type=عطر,approved,standard perfume,2026-08-02T07:33:46Z,ready,proposed_child,NO,NO,NO
ARD-4481,4481,عطر نيبولا 1 / 100 مل / هامبرا,Alhambra,100 مل,22000,عطر,العطور,high,العطور,perfumes,high,standard perfume,name=عطر نيبولا 1 / 100 مل / هامبرا; product_type=عطر,approved,standard perfume,2026-08-02T07:33:46Z,ready,proposed_child,NO,NO,NO
ARD-4487,4487,عطر نيبولا 111 / 100 مل / هامبرا,Alhambra,100 مل,22000,عطر,العطور,high,العطور,perfumes,high,standard perfume,name=عطر نيبولا 111 / 100 مل / هامبرا; product_type=عطر,approved,standard perfume,2026-08-02T07:33:46Z,ready,proposed_child,NO,NO,NO
ARD-4514,4514,عطر سو كانديد روج 100 مل,Alhambra,100 مل,18000,عطر,العطور,high,العطور,perfumes,high,standard perfume,name=عطر سو كانديد روج 100 مل; product_type=عطر,approved,standard perfume,2026-08-02T07:33:46Z,ready,proposed_child,NO,NO,NO
ARD-4586,4586,عطر سيبتري مالاجيتي 100 مل,Alhambra,100 مل,27000,عطر,العطور,high,العطور,perfumes,high,standard perfume,name=عطر سيبتري مالاجيتي 100 مل; product_type=عطر,approved,standard perfume,2026-08-02T07:33:46Z,ready,proposed_child,NO,NO,NO
ARD-4619,4619,عطر فوجي روج 100 مل,Alhambra,100 مل,22000,عطر,العطور,high,العطور,perfumes,high,standard perfume,name=عطر فوجي روج 100 مل; product_type=عطر,approved,standard perfume,2026-08-02T07:33:46Z,ready,proposed_child,NO,NO,NO
ARD-4620,4620,عطر اترنال تج 80 مل,Alhambra,80 مل,27000,عطر,العطور,high,العطور,perfumes,high,standard perfume,name=عطر اترنال تج 80 مل; product_type=عطر,approved,standard perfume,2026-08-02T07:33:46Z,ready,proposed_child,NO,NO,NO
ARD-4621,4621,عطر دارك عود 80 مل,Alhambra,80 مل,27000,عطر,العطور,high,العطور,perfumes,high,standard perfume,name=عطر دارك عود 80 مل; product_type=عطر,approved,standard perfume,2026-08-02T07:33:46Z,ready,proposed_child,NO,NO,NO
ARD-4622,4622,عطر افانت سيلك 100 مل,Alhambra,100 مل,25000,عطر,العطور,high,العطور,perfumes,high,standard perfume,name=عطر افانت سيلك 100 مل; product_type=عطر,approved,standard perfume,2026-08-02T07:33:46Z,ready,proposed_child,NO,NO,NO
ARD-4623,4623,عطر ميموري اوف عود 100 مل,Alhambra,100 مل,27000,عطر,العطور,high,العطور,perfumes,high,standard perfume,name=عطر ميموري اوف عود 100 مل; product_type=عطر,approved,standard perfume,2026-08-02T07:33:46Z,ready,proposed_child,NO,NO,NO
ARD-4678,4678,عطر ذا وايت كلاود 100 مل,Alhambra,100 مل,20000,عطر,العطور,high,العطور,perfumes,high,standard perfume,name=عطر ذا وايت كلاود 100 مل; product_type=عطر,approved,standard perfume,2026-08-02T07:33:46Z,ready,proposed_child,NO,NO,NO
ARD-4683,4683,عطر ذا اوروم لوكسورا 100 مل,Alhambra,100 مل,21000,عطر,العطور,high,العطور,perfumes,high,standard perfume,name=عطر ذا اوروم لوكسورا 100 مل; product_type=عطر,approved,standard perfume,2026-08-02T07:33:46Z,ready,proposed_child,NO,NO,NO
ARD-4687,4687,عطر شوكر مي كريم برولي 100 مل,Alhambra,100 مل,25000,عطر,العطور,high,العطور,perfumes,high,standard perfume,name=عطر شوكر مي كريم برولي 100 مل; product_type=عطر,approved,standard perfume,2026-08-02T07:33:46Z,ready,proposed_child,NO,NO,NO
ARD-4688,4688,عطر شوكر مي دولتشي دي ليتشي 100 مل,Alhambra,100 مل,25000,عطر,العطور,high,العطور,perfumes,high,standard perfume,name=عطر شوكر مي دولتشي دي ليتشي 100 مل; product_type=عطر,approved,standard perfume,2026-08-02T07:33:46Z,ready,proposed_child,NO,NO,NO
ARD-4689,4689,عطر شوكر مي كاروت كيك 100 مل,Alhambra,100 مل,25000,عطر,العطور,high,العطور,perfumes,high,standard perfume,name=عطر شوكر مي كاروت كيك 100 مل; product_type=عطر,approved,standard perfume,2026-08-02T07:33:46Z,ready,proposed_child,NO,NO,NO
ARD-4690,4690,عطر شوكر مي بيستاشيو جوكليت 100 مل,Alhambra,100 مل,25000,عطر,العطور,high,العطور,perfumes,high,standard perfume,name=عطر شوكر مي بيستاشيو جوكليت 100 مل; product_type=عطر,approved,standard perfume,2026-08-02T07:33:46Z,ready,proposed_child,NO,NO,NO
ARD-4691,4691,عطر شوكر مي كاندي فلوس 100 مل,Alhambra,100 مل,25000,عطر,العطور,high,العطور,perfumes,high,standard perfume,name=عطر شوكر مي كاندي فلوس 100 مل; product_type=عطر,approved,standard perfume,2026-08-02T07:33:46Z,ready,proposed_child,NO,NO,NO
ARD-4692,4692,عطر شوكر مي مارشملو دريم 100 مل,Alhambra,100 مل,25000,عطر,العطور,high,العطور,perfumes,high,standard perfume,name=عطر شوكر مي مارشملو دريم 100 مل; product_type=عطر,approved,standard perfume,2026-08-02T07:33:46Z,ready,proposed_child,NO,NO,NO
ARD-4708,4708,عطر كلاسير كولد 100 مل,Alhambra,100 مل,18000,عطر,العطور,high,العطور,perfumes,high,standard perfume,name=عطر كلاسير كولد 100 مل; product_type=عطر,approved,standard perfume,2026-08-02T07:33:46Z,ready,proposed_child,NO,NO,NO
ARD-4729,4729,عطر ان ناون نوديب وودز,Alhambra,,22000,عطر,العطور,high,العطور,perfumes,high,standard perfume,name=عطر ان ناون نوديب وودز; product_type=عطر,approved,standard perfume,2026-08-02T07:33:46Z,ready,proposed_child,NO,NO,NO
ARD-4794,4794,عطر لومينوس ساهارا 100 مل,Alhambra,100 مل,17000,عطر,العطور,high,العطور,perfumes,high,standard perfume,name=عطر لومينوس ساهارا 100 مل; product_type=عطر,approved,standard perfume,2026-08-02T07:33:46Z,ready,proposed_child,NO,NO,NO
ARD-4796,4796,عطر قسمت لونار ماجيك 100 مل,Alhambra,100 مل,27000,عطر,العطور,high,العطور,perfumes,high,standard perfume,name=عطر قسمت لونار ماجيك 100 مل; product_type=عطر,approved,standard perfume,2026-08-02T07:33:46Z,ready,proposed_child,NO,NO,NO
ARD-4920,4920,عطر بابيلون ديور فيم 100 مل,Alhambra,100 مل,17000,عطر,العطور,high,العطور,perfumes,high,standard perfume,name=عطر بابيلون ديور فيم 100 مل; product_type=عطر,approved,standard perfume,2026-08-02T07:33:46Z,ready,proposed_child,NO,NO,NO
ARD-4929,4929,عطر مون دريفت بلو انتينس 100 مل,Alhambra,100 مل,19000,عطر,العطور,high,العطور,perfumes,high,standard perfume,name=عطر مون دريفت بلو انتينس 100 مل; product_type=عطر,approved,standard perfume,2026-08-02T07:33:46Z,ready,proposed_child,NO,NO,NO
ARD-4961,4961,عطر ونسوم اكسكلوسف 90 مل,Alhambra,90 مل,27000,عطر,العطور,high,العطور,perfumes,high,standard perfume,name=عطر ونسوم اكسكلوسف 90 مل; product_type=عطر,approved,standard perfume,2026-08-02T07:33:46Z,ready,proposed_child,NO,NO,NO
ARD-4991,4991,عطر كلاسير هيفن 100 مل,Alhambra,100 مل,18000,عطر,العطور,high,العطور,perfumes,high,standard perfume,name=عطر كلاسير هيفن 100 مل; product_type=عطر,approved,standard perfume,2026-08-02T07:33:46Z,ready,proposed_child,NO,NO,NO
ARD-4992,4992,عطر كلاسير فلورا 100 مل,Alhambra,100 مل,18000,عطر,العطور,high,العطور,perfumes,high,standard perfume,name=عطر كلاسير فلورا 100 مل; product_type=عطر,approved,standard perfume,2026-08-02T07:33:46Z,ready,proposed_child,NO,NO,NO
ARD-4993,4993,عطر جيان لوي فانتازمي 100 مل,Alhambra,100 مل,27000,عطر,العطور,high,العطور,perfumes,high,standard perfume,name=عطر جيان لوي فانتازمي 100 مل; product_type=عطر,approved,standard perfume,2026-08-02T07:33:46Z,ready,proposed_child,NO,NO,NO
ARD-4994,4994,عطر جيان لوي سمر فايبس 100 مل,Alhambra,100 مل,27000,عطر,العطور,high,العطور,perfumes,high,standard perfume,name=عطر جيان لوي سمر فايبس 100 مل; product_type=عطر,approved,standard perfume,2026-08-02T07:33:46Z,ready,proposed_child,NO,NO,NO
ARD-4995,4995,عطر جيان لوي فيردي اورا 100 مل,Alhambra,100 مل,27000,عطر,العطور,high,العطور,perfumes,high,standard perfume,name=عطر جيان لوي فيردي اورا 100 مل; product_type=عطر,approved,standard perfume,2026-08-02T07:33:46Z,ready,proposed_child,NO,NO,NO
ARD-4998,4998,عطر سوميت الكسير 100 مل,Alhambra,100 مل,20000,عطر,العطور,high,العطور,perfumes,high,standard perfume,name=عطر سوميت الكسير 100 مل; product_type=عطر,approved,standard perfume,2026-08-02T07:33:46Z,ready,proposed_child,NO,NO,NO
ARD-5052,5052,عطر لومينوس وارم سايج 100 مل,Alhambra,100 مل,17000,عطر,العطور,high,العطور,perfumes,high,standard perfume,name=عطر لومينوس وارم سايج 100 مل; product_type=عطر,approved,standard perfume,2026-08-02T07:33:46Z,ready,proposed_child,NO,NO,NO
ARD-5053,5053,عطر دومينايت ابسلو 100 مل,Alhambra,100 مل,20000,عطر,العطور,high,العطور,perfumes,high,standard perfume,name=عطر دومينايت ابسلو 100 مل; product_type=عطر,approved,standard perfume,2026-08-02T07:33:46Z,ready,proposed_child,NO,NO,NO
ARD-5056,5056,عطر بتوين از 100 مل,Alhambra,100 مل,18000,عطر,العطور,high,العطور,perfumes,high,standard perfume,name=عطر بتوين از 100 مل; product_type=عطر,approved,standard perfume,2026-08-02T07:33:46Z,ready,proposed_child,NO,NO,NO
ARD-5057,5057,عطر فانيلا بلوش 80 مل,Alhambra,80 مل,27000,عطر,العطور,high,العطور,perfumes,high,standard perfume,name=عطر فانيلا بلوش 80 مل; product_type=عطر,approved,standard perfume,2026-08-02T07:33:46Z,ready,proposed_child,NO,NO,NO
ARD-5074,5074,عطر افتر كلو بيتال روش 100 مل,Alhambra,100 مل,22000,عطر,العطور,high,العطور,perfumes,high,standard perfume,name=عطر افتر كلو بيتال روش 100 مل; product_type=عطر,approved,standard perfume,2026-08-02T07:33:46Z,ready,proposed_child,NO,NO,NO
ARD-2325,2325,معطر دبدوب همبرا رقم 2 رجال,Alhambra,,4000,معطر دبدوب,معطرات المنزل والمفارش والجو,medium,معطرات المنزل والمفارش والجو,home-linen-air,medium,workbook category retained after rules miss,name=معطر دبدوب همبرا رقم 2 رجال; product_type=معطر دبدوب,approved,workbook category retained after rules miss,2026-08-02T07:33:46Z,ready,proposed_child,NO,NO,YES
ARD-2326,2326,معطر دبدوب كنك مان,Alhambra,,4000,معطر دبدوب,معطرات المنزل والمفارش والجو,medium,معطرات المنزل والمفارش والجو,home-linen-air,medium,workbook category retained after rules miss,name=معطر دبدوب كنك مان; product_type=معطر دبدوب,approved,workbook category retained after rules miss,2026-08-02T07:33:46Z,ready,proposed_child,NO,NO,YES
ARD-2327,2327,معطر دبدوب فلورال بلوم,Alhambra,,4000,معطر دبدوب,معطرات المنزل والمفارش والجو,medium,معطرات المنزل والمفارش والجو,home-linen-air,medium,workbook category retained after rules miss,name=معطر دبدوب فلورال بلوم; product_type=معطر دبدوب,approved,workbook category retained after rules miss,2026-08-02T07:33:46Z,ready,proposed_child,NO,NO,YES
ARD-2328,2328,معطر دبدوب برونز رجالي,Alhambra,,4000,معطر دبدوب,معطرات المنزل والمفارش والجو,medium,معطرات المنزل والمفارش والجو,home-linen-air,medium,workbook category retained after rules miss,name=معطر دبدوب برونز رجالي; product_type=معطر دبدوب,approved,workbook category retained after rules miss,2026-08-02T07:33:46Z,ready,proposed_child,NO,NO,YES
ARD-2363,2363,معطر دبدوب فلورنس,Alhambra,,4000,معطر دبدوب,معطرات المنزل والمفارش والجو,medium,معطرات المنزل والمفارش والجو,home-linen-air,medium,workbook category retained after rules miss,name=معطر دبدوب فلورنس; product_type=معطر دبدوب,approved,workbook category retained after rules miss,2026-08-02T07:33:46Z,ready,proposed_child,NO,NO,YES
ARD-2364,2364,معطر دبدوب امبر لذر,Alhambra,,4000,معطر دبدوب,معطرات المنزل والمفارش والجو,medium,معطرات المنزل والمفارش والجو,home-linen-air,medium,workbook category retained after rules miss,name=معطر دبدوب امبر لذر; product_type=معطر دبدوب,approved,workbook category retained after rules miss,2026-08-02T07:33:46Z,ready,proposed_child,NO,NO,YES
ARD-2421,2421,معطر دبدوب جورج دي بيرفوم,Alhambra,,4000,معطر دبدوب,معطرات المنزل والمفارش والجو,medium,معطرات المنزل والمفارش والجو,home-linen-air,medium,workbook category retained after rules miss,name=معطر دبدوب جورج دي بيرفوم; product_type=معطر دبدوب,approved,workbook category retained after rules miss,2026-08-02T07:33:46Z,ready,proposed_child,NO,NO,YES
ARD-2585,2585,معطر دبدوب تورو هوم,Alhambra,,4000,معطر دبدوب,معطرات المنزل والمفارش والجو,medium,معطرات المنزل والمفارش والجو,home-linen-air,medium,workbook category retained after rules miss,name=معطر دبدوب تورو هوم; product_type=معطر دبدوب,approved,workbook category retained after rules miss,2026-08-02T07:33:46Z,ready,proposed_child,NO,NO,YES
ARD-2587,2587,معطر دبدوب كانديد,Alhambra,,4000,معطر دبدوب,معطرات المنزل والمفارش والجو,medium,معطرات المنزل والمفارش والجو,home-linen-air,medium,workbook category retained after rules miss,name=معطر دبدوب كانديد; product_type=معطر دبدوب,approved,workbook category retained after rules miss,2026-08-02T07:33:46Z,ready,proposed_child,NO,NO,YES
ARD-2588,2588,معطر دبدوب باد فيم,Alhambra,,4000,معطر دبدوب,معطرات المنزل والمفارش والجو,medium,معطرات المنزل والمفارش والجو,home-linen-air,medium,workbook category retained after rules miss,name=معطر دبدوب باد فيم; product_type=معطر دبدوب,approved,workbook category retained after rules miss,2026-08-02T07:33:46Z,ready,proposed_child,NO,NO,YES
ARD-2589,2589,معطر دبدوب لينترود,Alhambra,,4000,معطر دبدوب,معطرات المنزل والمفارش والجو,medium,معطرات المنزل والمفارش والجو,home-linen-air,medium,workbook category retained after rules miss,name=معطر دبدوب لينترود; product_type=معطر دبدوب,approved,workbook category retained after rules miss,2026-08-02T07:33:46Z,ready,proposed_child,NO,NO,YES
ARD-3124,3124,معطر فكتوريا فلور 200 مل,Alhambra,200 مل,3000,معطر,معطرات الجسم والبودي مست,medium,معطرات الجسم والبودي مست,body-mist-splash,medium,workbook category retained after rules miss,name=معطر فكتوريا فلور 200 مل; product_type=معطر,approved,workbook category retained after rules miss,2026-08-02T07:33:46Z,ready,proposed_child,NO,NO,YES
ARD-3125,3125,معطر يور تج ومن 200 مل,Alhambra,200 مل,3000,معطر,معطرات الجسم والبودي مست,medium,معطرات الجسم والبودي مست,body-mist-splash,medium,workbook category retained after rules miss,name=معطر يور تج ومن 200 مل; product_type=معطر,approved,workbook category retained after rules miss,2026-08-02T07:33:46Z,ready,proposed_child,NO,NO,YES
ARD-3126,3126,معطر افانت 200 مل,Alhambra,200 مل,3000,معطر,معطرات الجسم والبودي مست,medium,معطرات الجسم والبودي مست,body-mist-splash,medium,workbook category retained after rules miss,name=معطر افانت 200 مل; product_type=معطر,approved,workbook category retained after rules miss,2026-08-02T07:33:46Z,ready,proposed_child,NO,NO,YES
ARD-3129,3129,معطر جورج دي بيروم 200 مل,Alhambra,200 مل,3000,معطر منزل وجو,معطرات المنزل والمفارش والجو,high,معطرات المنزل والمفارش والجو,home-linen-air,high,explicit home fragrance,name=معطر جورج دي بيروم 200 مل; product_type=معطر منزل وجو,approved,explicit home fragrance,2026-08-02T07:33:46Z,ready,proposed_child,NO,NO,NO
ARD-3130,3130,معطر باروك روج 200 مل,Alhambra,200 مل,3000,معطر,معطرات الجسم والبودي مست,medium,معطرات الجسم والبودي مست,body-mist-splash,medium,workbook category retained after rules miss,name=معطر باروك روج 200 مل; product_type=معطر,approved,workbook category retained after rules miss,2026-08-02T07:33:46Z,ready,proposed_child,NO,NO,YES
ARD-3134,3134,معطر فكتوريوسو فكتوري 200 مل,Alhambra,200 مل,3000,معطر,معطرات الجسم والبودي مست,medium,معطرات الجسم والبودي مست,body-mist-splash,medium,workbook category retained after rules miss,name=معطر فكتوريوسو فكتوري 200 مل; product_type=معطر,approved,workbook category retained after rules miss,2026-08-02T07:33:46Z,ready,proposed_child,NO,NO,YES
ARD-3136,3136,معطر كانديد 200 مل,Alhambra,200 مل,3000,معطر,معطرات الجسم والبودي مست,medium,معطرات الجسم والبودي مست,body-mist-splash,medium,workbook category retained after rules miss,name=معطر كانديد 200 مل; product_type=معطر,approved,workbook category retained after rules miss,2026-08-02T07:33:46Z,ready,proposed_child,NO,NO,YES
ARD-3138,3138,معطر سو كانديد 200 مل,Alhambra,200 مل,3000,معطر,معطرات الجسم والبودي مست,medium,معطرات الجسم والبودي مست,body-mist-splash,medium,workbook category retained after rules miss,name=معطر سو كانديد 200 مل; product_type=معطر,approved,workbook category retained after rules miss,2026-08-02T07:33:46Z,ready,proposed_child,NO,NO,YES
ARD-3139,3139,معطر فري فلفت اوركيد 200 مل,Alhambra,200 مل,3000,معطر,معطرات الجسم والبودي مست,medium,معطرات الجسم والبودي مست,body-mist-splash,medium,workbook category retained after rules miss,name=معطر فري فلفت اوركيد 200 مل; product_type=معطر,approved,workbook category retained after rules miss,2026-08-02T07:33:46Z,ready,proposed_child,NO,NO,YES
ARD-3140,3140,معطر فري فلفت روج 200 مل,Alhambra,200 مل,3000,معطر,معطرات الجسم والبودي مست,medium,معطرات الجسم والبودي مست,body-mist-splash,medium,workbook category retained after rules miss,name=معطر فري فلفت روج 200 مل; product_type=معطر,approved,workbook category retained after rules miss,2026-08-02T07:33:46Z,ready,proposed_child,NO,NO,YES
ARD-3141,3141,معطر فري فلفت نوير 200 مل,Alhambra,200 مل,3000,معطر,معطرات الجسم والبودي مست,medium,معطرات الجسم والبودي مست,body-mist-splash,medium,workbook category retained after rules miss,name=معطر فري فلفت نوير 200 مل; product_type=معطر,approved,workbook category retained after rules miss,2026-08-02T07:33:46Z,ready,proposed_child,NO,NO,YES
ARD-3142,3142,معطر فويسيز 200 مل,Alhambra,200 مل,3000,معطر,معطرات الجسم والبودي مست,medium,معطرات الجسم والبودي مست,body-mist-splash,medium,workbook category retained after rules miss,name=معطر فويسيز 200 مل; product_type=معطر,approved,workbook category retained after rules miss,2026-08-02T07:33:46Z,ready,proposed_child,NO,NO,YES
ARD-3143,3143,معطر انفيني عود 200 مل,Alhambra,200 مل,3000,معطر,معطرات الجسم والبودي مست,medium,معطرات الجسم والبودي مست,body-mist-splash,medium,workbook category retained after rules miss,name=معطر انفيني عود 200 مل; product_type=معطر,approved,workbook category retained after rules miss,2026-08-02T07:33:46Z,ready,proposed_child,NO,NO,YES
ARD-3145,3145,معطر يور تج 200 مل,Alhambra,200 مل,3000,معطر,معطرات الجسم والبودي مست,medium,معطرات الجسم والبودي مست,body-mist-splash,medium,workbook category retained after rules miss,name=معطر يور تج 200 مل; product_type=معطر,approved,workbook category retained after rules miss,2026-08-02T07:33:46Z,ready,proposed_child,NO,NO,YES
ARD-3538,3538,عطر تولين 80 مل,Niche,80 مل,56000,عطر,العطور,high,العطور,perfumes,high,standard perfume,name=عطر تولين 80 مل; product_type=عطر,approved,standard perfume,2026-08-02T07:33:46Z,ready,proposed_child,NO,NO,NO
ARD-3539,3539,عطر خالد 80 مل,Niche,80 مل,56000,عطر,العطور,high,العطور,perfumes,high,standard perfume,name=عطر خالد 80 مل; product_type=عطر,approved,standard perfume,2026-08-02T07:33:46Z,ready,proposed_child,NO,NO,NO
ARD-3540,3540,عطر انتيك 100 مل,Niche,100 مل,56000,عطر,العطور,high,العطور,perfumes,high,standard perfume,name=عطر انتيك 100 مل; product_type=عطر,approved,standard perfume,2026-08-02T07:33:46Z,ready,proposed_child,NO,NO,NO
ARD-3541,3541,عطر موغال فورت 100 مل,Niche,100 مل,56000,عطر,العطور,high,العطور,perfumes,high,standard perfume,name=عطر موغال فورت 100 مل; product_type=عطر,approved,standard perfume,2026-08-02T07:33:46Z,ready,proposed_child,NO,NO,NO
ARD-3625,3625,عطر الدانة 100 مل,Niche,100 مل,56000,عطر,العطور,high,العطور,perfumes,high,standard perfume,name=عطر الدانة 100 مل; product_type=عطر,approved,standard perfume,2026-08-02T07:33:46Z,ready,proposed_child,NO,NO,NO
ARD-3626,3626,عطر ريماس 100 مل,Niche,100 مل,56000,عطر,العطور,high,العطور,perfumes,high,standard perfume,name=عطر ريماس 100 مل; product_type=عطر,approved,standard perfume,2026-08-02T07:33:46Z,ready,proposed_child,NO,NO,NO
ARD-3665,3665,عطر خنجر 85 مل,Niche,85 مل,57000,عطر,العطور,high,العطور,perfumes,high,standard perfume,name=عطر خنجر 85 مل; product_type=عطر,approved,standard perfume,2026-08-02T07:33:46Z,ready,proposed_child,NO,NO,YES
ARD-4452,4452,عطر سفير 100 مل,Niche,100 مل,60000,عطر,العطور,high,العطور,perfumes,high,standard perfume,name=عطر سفير 100 مل; product_type=عطر,approved,standard perfume,2026-08-02T07:33:46Z,ready,proposed_child,NO,NO,NO
ARD-4453,4453,عطر نادرة 100 مل,Niche,100 مل,30000,عطر,العطور,high,العطور,perfumes,high,standard perfume,name=عطر نادرة 100 مل; product_type=عطر,approved,standard perfume,2026-08-02T07:33:46Z,ready,proposed_child,NO,NO,NO
ARD-4454,4454,عطر ترف 100 مل,Niche,100 مل,39000,عطر,العطور,high,العطور,perfumes,high,standard perfume,name=عطر ترف 100 مل; product_type=عطر,approved,standard perfume,2026-08-02T07:33:46Z,ready,proposed_child,NO,NO,NO
ARD-4455,4455,عطر درة 100 مل,Niche,100 مل,60000,عطر,العطور,high,العطور,perfumes,high,standard perfume,name=عطر درة 100 مل; product_type=عطر,approved,standard perfume,2026-08-02T07:33:46Z,ready,proposed_child,NO,NO,NO
ARD-4535,4535,عطر النرجس 100 مل,Niche,100 مل,55000,عطر,العطور,high,العطور,perfumes,high,standard perfume,name=عطر النرجس 100 مل; product_type=عطر,approved,standard perfume,2026-08-02T07:33:46Z,ready,proposed_child,NO,NO,NO
ARD-4537,4537,عطر غنوة 100 مل,Niche,100 مل,73000,عطر,العطور,high,العطور,perfumes,high,standard perfume,name=عطر غنوة 100 مل; product_type=عطر,approved,standard perfume,2026-08-02T07:33:46Z,ready,proposed_child,NO,NO,NO
ARD-4538,4538,عطر فنتاج كاسل 100 مل / لطافة,Niche,100 مل,73000,عطر,العطور,high,العطور,perfumes,high,standard perfume,name=عطر فنتاج كاسل 100 مل / لطافة; product_type=عطر,approved,standard perfume,2026-08-02T07:33:46Z,ready,proposed_child,NO,NO,NO
ARD-4539,4539,عطر هيام 100 مل,Niche,100 مل,73000,عطر,العطور,high,العطور,perfumes,high,standard perfume,name=عطر هيام 100 مل; product_type=عطر,approved,standard perfume,2026-08-02T07:33:46Z,ready,proposed_child,NO,NO,NO
ARD-4540,4540,عطر الجوهرة 100 مل,Niche,100 مل,73000,عطر,العطور,high,العطور,perfumes,high,standard perfume,name=عطر الجوهرة 100 مل; product_type=عطر,approved,standard perfume,2026-08-02T07:33:46Z,ready,proposed_child,NO,NO,NO
ARD-4541,4541,عطر لجين 100 مل,Niche,100 مل,73000,عطر,العطور,high,العطور,perfumes,high,standard perfume,name=عطر لجين 100 مل; product_type=عطر,approved,standard perfume,2026-08-02T07:33:46Z,ready,proposed_child,NO,NO,NO
ARD-4542,4542,عطر كلاسك ستون 100 مل,Niche,100 مل,73000,عطر,العطور,high,العطور,perfumes,high,standard perfume,name=عطر كلاسك ستون 100 مل; product_type=عطر,approved,standard perfume,2026-08-02T07:33:46Z,ready,proposed_child,NO,NO,NO
ARD-4543,4543,عطر ذكرى 100 مل,Niche,100 مل,73000,عطر,العطور,high,العطور,perfumes,high,standard perfume,name=عطر ذكرى 100 مل; product_type=عطر,approved,standard perfume,2026-08-02T07:33:46Z,ready,proposed_child,NO,NO,NO
ARD-3027,3027,عطر شاهين ذهبي,Lattafa,,45000,عطر,العطور,high,العطور,perfumes,high,standard perfume,name=عطر شاهين ذهبي; product_type=عطر,approved,standard perfume,2026-08-02T07:33:46Z,ready,proposed_child,NO,NO,NO
ARD-3028,3028,عطر شاهين سلفر,Lattafa,,45000,عطر,العطور,high,العطور,perfumes,high,standard perfume,name=عطر شاهين سلفر; product_type=عطر,approved,standard perfume,2026-08-02T07:33:46Z,ready,proposed_child,NO,NO,NO
ARD-3029,3029,عطر اترنال عود,Lattafa,,55000,عطر,العطور,high,العطور,perfumes,high,standard perfume,name=عطر اترنال عود; product_type=عطر,approved,standard perfume,2026-08-02T07:33:46Z,ready,proposed_child,NO,NO,NO
ARD-3030,3030,عطر القيم سلفر,Lattafa,,45000,عطر,العطور,high,العطور,perfumes,high,standard perfume,name=عطر القيم سلفر; product_type=عطر,approved,standard perfume,2026-08-02T07:33:46Z,ready,proposed_child,NO,NO,NO
ARD-3031,3031,عطر نبراس / لطافة برايد,Lattafa,,45000,عطر,العطور,high,العطور,perfumes,high,standard perfume,name=عطر نبراس / لطافة برايد; product_type=عطر,approved,standard perfume,2026-08-02T07:33:46Z,ready,proposed_child,NO,NO,NO
ARD-3032,3032,عطر العريق ذهبي,Lattafa,,45000,عطر,العطور,high,العطور,perfumes,high,standard perfume,name=عطر العريق ذهبي; product_type=عطر,approved,standard perfume,2026-08-02T07:33:46Z,ready,proposed_child,NO,NO,NO
ARD-3033,3033,عطر عشق الشيوخ سلفر,Lattafa,,45000,عطر,العطور,high,العطور,perfumes,high,standard perfume,name=عطر عشق الشيوخ سلفر; product_type=عطر,approved,standard perfume,2026-08-02T07:33:46Z,ready,proposed_child,NO,NO,NO
ARD-3034,3034,عطر كاس الفائز سلفر,Lattafa,,45000,عطر,العطور,high,العطور,perfumes,high,standard perfume,name=عطر كاس الفائز سلفر; product_type=عطر,approved,standard perfume,2026-08-02T07:33:46Z,ready,proposed_child,NO,NO,NO
ARD-3035,3035,عطر العميد سلفر,Lattafa,,45000,عطر,العطور,high,العطور,perfumes,high,standard perfume,name=عطر العميد سلفر; product_type=عطر,approved,standard perfume,2026-08-02T07:33:46Z,ready,proposed_child,NO,NO,NO
ARD-3037,3037,عطر ثروة سلفر,Lattafa,,45000,عطر,العطور,high,العطور,perfumes,high,standard perfume,name=عطر ثروة سلفر; product_type=عطر,approved,standard perfume,2026-08-02T07:33:46Z,ready,proposed_child,NO,NO,NO
ARD-3038,3038,عطر القيم ذهبي,Lattafa,,45000,عطر,العطور,high,العطور,perfumes,high,standard perfume,name=عطر القيم ذهبي; product_type=عطر,approved,standard perfume,2026-08-02T07:33:46Z,ready,proposed_child,NO,NO,NO
ARD-3039,3039,عطر اوان ذهبي,Lattafa,,45000,عطر,العطور,high,العطور,perfumes,high,standard perfume,name=عطر اوان ذهبي; product_type=عطر,approved,standard perfume,2026-08-02T07:33:46Z,ready,proposed_child,NO,NO,NO
ARD-3117,3117,عطر انسام سلفر,Lattafa,,45000,عطر,العطور,high,العطور,perfumes,high,standard perfume,name=عطر انسام سلفر; product_type=عطر,approved,standard perfume,2026-08-02T07:33:46Z,ready,proposed_child,NO,NO,NO
ARD-3118,3118,عطر مهرجان سلفر,Lattafa,,55000,عطر,العطور,high,العطور,perfumes,high,standard perfume,name=عطر مهرجان سلفر; product_type=عطر,approved,standard perfume,2026-08-02T07:33:46Z,ready,proposed_child,NO,NO,NO
ARD-3119,3119,عطر وجود سلفر,Lattafa,,45000,عطر,العطور,high,العطور,perfumes,high,standard perfume,name=عطر وجود سلفر; product_type=عطر,approved,standard perfume,2026-08-02T07:33:46Z,ready,proposed_child,NO,NO,NO
ARD-3215,3215,عطر افاق ذهبي,Lattafa,,45000,عطر,العطور,high,العطور,perfumes,high,standard perfume,name=عطر افاق ذهبي; product_type=عطر,approved,standard perfume,2026-08-02T07:33:46Z,ready,proposed_child,NO,NO,NO
ARD-3216,3216,عطر هالة,Lattafa,,55000,عطر,العطور,high,العطور,perfumes,high,standard perfume,name=عطر هالة; product_type=عطر,approved,standard perfume,2026-08-02T07:33:46Z,ready,proposed_child,NO,NO,NO
ARD-3217,3217,عطر رويال سفاير,Lattafa,,45000,عطر,العطور,high,العطور,perfumes,high,standard perfume,name=عطر رويال سفاير; product_type=عطر,approved,standard perfume,2026-08-02T07:33:46Z,ready,proposed_child,NO,NO,NO
ARD-3218,3218,عطر بلو سافير,Lattafa,,45000,عطر,العطور,high,العطور,perfumes,high,standard perfume,name=عطر بلو سافير; product_type=عطر,approved,standard perfume,2026-08-02T07:33:46Z,ready,proposed_child,NO,NO,NO
ARD-3219,3219,عطر مهرجان ذهبي,Lattafa,,55000,عطر,العطور,high,العطور,perfumes,high,standard perfume,name=عطر مهرجان ذهبي; product_type=عطر,approved,standard perfume,2026-08-02T07:33:46Z,ready,proposed_child,NO,NO,NO
ARD-3220,3220,عطر انسام ذهبي,Lattafa,,45000,عطر,العطور,high,العطور,perfumes,high,standard perfume,name=عطر انسام ذهبي; product_type=عطر,approved,standard perfume,2026-08-02T07:33:46Z,ready,proposed_child,NO,NO,NO
ARD-3221,3221,عطر كاس الفائزذهبي,Lattafa,,45000,عطر,العطور,high,العطور,perfumes,high,standard perfume,name=عطر كاس الفائزذهبي; product_type=عطر,approved,standard perfume,2026-08-02T07:33:46Z,ready,proposed_child,NO,NO,NO
ARD-3274,3274,عطر ذوق 80 مل,Lattafa,80 مل,45000,عطر,العطور,high,العطور,perfumes,high,standard perfume,name=عطر ذوق 80 مل; product_type=عطر,approved,standard perfume,2026-08-02T07:33:46Z,ready,proposed_child,NO,NO,NO
ARD-3276,3276,عطر لحظات 100 مل / لطافة برايد,Lattafa,100 مل,55000,عطر,العطور,high,العطور,perfumes,high,standard perfume,name=عطر لحظات 100 مل / لطافة برايد; product_type=عطر,approved,standard perfume,2026-08-02T07:33:46Z,ready,proposed_child,NO,NO,NO
ARD-3278,3278,عطر العريق سلفر,Lattafa,,45000,عطر,العطور,high,العطور,perfumes,high,standard perfume,name=عطر العريق سلفر; product_type=عطر,approved,standard perfume,2026-08-02T07:33:46Z,ready,proposed_child,NO,NO,NO
ARD-3281,3281,عطر عشق الشيوخ ذهبي,Lattafa,,45000,عطر,العطور,high,العطور,perfumes,high,standard perfume,name=عطر عشق الشيوخ ذهبي; product_type=عطر,approved,standard perfume,2026-08-02T07:33:46Z,ready,proposed_child,NO,NO,NO
ARD-4664,4664,عطر نبراس الكسير 100 مل / لطافة برايد,Lattafa,100 مل,45000,عطر,العطور,high,العطور,perfumes,high,standard perfume,name=عطر نبراس الكسير 100 مل / لطافة برايد; product_type=عطر,approved,standard perfume,2026-08-02T07:33:46Z,ready,proposed_child,NO,NO,NO
ARD-4677,4677,عطر بيور كرستال / لطافة برايد,Lattafa,,46000,عطر,العطور,high,العطور,perfumes,high,standard perfume,name=عطر بيور كرستال / لطافة برايد; product_type=عطر,approved,standard perfume,2026-08-02T07:33:46Z,ready,proposed_child,NO,NO,NO
ARD-2607,2607,عطر الفارس 100 مل,الملكي,100 مل,27000,عطر,العطور,high,العطور,perfumes,high,standard perfume,name=عطر الفارس 100 مل; product_type=عطر,approved,standard perfume,2026-08-02T07:33:46Z,ready,proposed_child,NO,NO,NO
ARD-2608,2608,عطر كحيلة 100 مل,الملكي,100 مل,27000,عطر,العطور,high,العطور,perfumes,high,standard perfume,name=عطر كحيلة 100 مل; product_type=عطر,approved,standard perfume,2026-08-02T07:33:46Z,ready,proposed_child,NO,NO,NO
ARD-2609,2609,عطر الاشقر 100 مل,الملكي,100 مل,27000,عطر,العطور,high,العطور,perfumes,high,standard perfume,name=عطر الاشقر 100 مل; product_type=عطر,approved,standard perfume,2026-08-02T07:33:46Z,ready,proposed_child,NO,NO,NO
ARD-2660,2660,عطر ماي سيكسي نايتس 100 مل,غير محدد,100 مل,19000,عطر,العطور,high,العطور,perfumes,high,standard perfume,name=عطر ماي سيكسي نايتس 100 مل; product_type=عطر,approved,standard perfume,2026-08-02T07:33:46Z,merchant_confirmation,proposed_child,NO,NO,YES
ARD-2882,2882,عطر فرنسي فلوير دي مومنت / 100 مل,غير محدد,100 مل,20000,عطر,العطور,high,العطور,perfumes,high,standard perfume,name=عطر فرنسي فلوير دي مومنت / 100 مل; product_type=عطر,approved,standard perfume,2026-08-02T07:33:46Z,merchant_confirmation,proposed_child,NO,NO,YES
ARD-2883,2883,عطر فرنسي ديمور اليكسير / 100 مل,غير محدد,100 مل,19000,عطر,العطور,high,العطور,perfumes,high,standard perfume,name=عطر فرنسي ديمور اليكسير / 100 مل; product_type=عطر,approved,standard perfume,2026-08-02T07:33:46Z,merchant_confirmation,proposed_child,NO,NO,YES
ARD-2867,2867,معطر ناو 200 مل,RAVE,200 مل,3000,معطر جسم أو بودي مست,معطرات الجسم والبودي مست,high,معطرات الجسم والبودي مست,body-mist-splash,high,explicit body mist/splash,name=معطر ناو 200 مل; product_type=معطر جسم أو بودي مست,approved,explicit body mist/splash,2026-08-02T07:33:46Z,ready,proposed_child,NO,NO,NO
ARD-3854,3854,معطر ناو ابيض 200 مل,RAVE,200 مل,3000,معطر جسم أو بودي مست,معطرات الجسم والبودي مست,high,معطرات الجسم والبودي مست,body-mist-splash,high,explicit body mist/splash,name=معطر ناو ابيض 200 مل; product_type=معطر جسم أو بودي مست,approved,explicit body mist/splash,2026-08-02T07:33:46Z,ready,proposed_child,NO,NO,NO
ARD-4795,4795,معطر ناو ومن 200 مل,RAVE,200 مل,3000,معطر جسم أو بودي مست,معطرات الجسم والبودي مست,high,معطرات الجسم والبودي مست,body-mist-splash,high,explicit body mist/splash,name=معطر ناو ومن 200 مل; product_type=معطر جسم أو بودي مست,approved,explicit body mist/splash,2026-08-02T07:33:46Z,ready,proposed_child,NO,NO,NO
ARD-2366,2366,معطر دبدوب مني باريس بولش بلو,Mini Paris,,4000,معطر دبدوب,معطرات المنزل والمفارش والجو,medium,معطرات المنزل والمفارش والجو,home-linen-air,medium,workbook category retained after rules miss,name=معطر دبدوب مني باريس بولش بلو; product_type=معطر دبدوب,approved,workbook category retained after rules miss,2026-08-02T07:33:46Z,ready,proposed_child,NO,NO,YES
ARD-2367,2367,معطر دبدوب مني باريس جوي فل,Mini Paris,,4000,معطر دبدوب,معطرات المنزل والمفارش والجو,medium,معطرات المنزل والمفارش والجو,home-linen-air,medium,workbook category retained after rules miss,name=معطر دبدوب مني باريس جوي فل; product_type=معطر دبدوب,approved,workbook category retained after rules miss,2026-08-02T07:33:46Z,ready,proposed_child,NO,NO,YES
ARD-2369,2369,معطر دبدوب مني باريس شي جوزي,Mini Paris,,4000,معطر دبدوب,معطرات المنزل والمفارش والجو,medium,معطرات المنزل والمفارش والجو,home-linen-air,medium,workbook category retained after rules miss,name=معطر دبدوب مني باريس شي جوزي; product_type=معطر دبدوب,approved,workbook category retained after rules miss,2026-08-02T07:33:46Z,ready,proposed_child,NO,NO,YES
ARD-2371,2371,معطر دبدوب مني باريس لايف مان,Mini Paris,,4000,معطر دبدوب,معطرات المنزل والمفارش والجو,medium,معطرات المنزل والمفارش والجو,home-linen-air,medium,workbook category retained after rules miss,name=معطر دبدوب مني باريس لايف مان; product_type=معطر دبدوب,approved,workbook category retained after rules miss,2026-08-02T07:33:46Z,ready,proposed_child,NO,NO,YES
ARD-2372,2372,معطر دبدوب مني باريس لي جور,Mini Paris,,4000,معطر دبدوب,معطرات المنزل والمفارش والجو,medium,معطرات المنزل والمفارش والجو,home-linen-air,medium,workbook category retained after rules miss,name=معطر دبدوب مني باريس لي جور; product_type=معطر دبدوب,approved,workbook category retained after rules miss,2026-08-02T07:33:46Z,ready,proposed_child,NO,NO,YES
ARD-2373,2373,معطر دبدوب مني باريس هومي,Mini Paris,,4000,معطر دبدوب,معطرات المنزل والمفارش والجو,medium,معطرات المنزل والمفارش والجو,home-linen-air,medium,workbook category retained after rules miss,name=معطر دبدوب مني باريس هومي; product_type=معطر دبدوب,approved,workbook category retained after rules miss,2026-08-02T07:33:46Z,ready,proposed_child,NO,NO,YES
ARD-2375,2375,معطر دبدوب مني باريس ناركوتك,Mini Paris,,4000,معطر دبدوب,معطرات المنزل والمفارش والجو,medium,معطرات المنزل والمفارش والجو,home-linen-air,medium,workbook category retained after rules miss,name=معطر دبدوب مني باريس ناركوتك; product_type=معطر دبدوب,approved,workbook category retained after rules miss,2026-08-02T07:33:46Z,ready,proposed_child,NO,NO,YES
ARD-2377,2377,معطر دبدوب مني باريس فيرس بيور هوم,Mini Paris,,4000,معطر دبدوب,معطرات المنزل والمفارش والجو,medium,معطرات المنزل والمفارش والجو,home-linen-air,medium,workbook category retained after rules miss,name=معطر دبدوب مني باريس فيرس بيور هوم; product_type=معطر دبدوب,approved,workbook category retained after rules miss,2026-08-02T07:33:46Z,ready,proposed_child,NO,NO,YES
ARD-2378,2378,معطر دبدوب مني باريس اسبري,Mini Paris,,4000,معطر دبدوب,معطرات المنزل والمفارش والجو,medium,معطرات المنزل والمفارش والجو,home-linen-air,medium,workbook category retained after rules miss,name=معطر دبدوب مني باريس اسبري; product_type=معطر دبدوب,approved,workbook category retained after rules miss,2026-08-02T07:33:46Z,ready,proposed_child,NO,NO,YES
ARD-2379,2379,معطر دبدوب مني باريس اوبس بلاك,Mini Paris,,4000,معطر دبدوب,معطرات المنزل والمفارش والجو,medium,معطرات المنزل والمفارش والجو,home-linen-air,medium,workbook category retained after rules miss,name=معطر دبدوب مني باريس اوبس بلاك; product_type=معطر دبدوب,approved,workbook category retained after rules miss,2026-08-02T07:33:46Z,ready,proposed_child,NO,NO,YES
ARD-2380,2380,معطر دبدوب مني باريس اتراكتف,Mini Paris,,4000,معطر دبدوب,معطرات المنزل والمفارش والجو,medium,معطرات المنزل والمفارش والجو,home-linen-air,medium,workbook category retained after rules miss,name=معطر دبدوب مني باريس اتراكتف; product_type=معطر دبدوب,approved,workbook category retained after rules miss,2026-08-02T07:33:46Z,ready,proposed_child,NO,NO,YES
ARD-2381,2381,معطر دبدوب مني باريس اورجين نوير,Mini Paris,,4000,معطر دبدوب,معطرات المنزل والمفارش والجو,medium,معطرات المنزل والمفارش والجو,home-linen-air,medium,workbook category retained after rules miss,name=معطر دبدوب مني باريس اورجين نوير; product_type=معطر دبدوب,approved,workbook category retained after rules miss,2026-08-02T07:33:46Z,ready,proposed_child,NO,NO,YES
ARD-2384,2384,معطر دبدوب مني باريس كول ليدي,Mini Paris,,4000,معطر دبدوب,معطرات المنزل والمفارش والجو,medium,معطرات المنزل والمفارش والجو,home-linen-air,medium,workbook category retained after rules miss,name=معطر دبدوب مني باريس كول ليدي; product_type=معطر دبدوب,approved,workbook category retained after rules miss,2026-08-02T07:33:46Z,ready,proposed_child,NO,NO,YES
ARD-2388,2388,معطر دبدوب مني باريس بلسما باريس,Mini Paris,,4000,معطر دبدوب,معطرات المنزل والمفارش والجو,medium,معطرات المنزل والمفارش والجو,home-linen-air,medium,workbook category retained after rules miss,name=معطر دبدوب مني باريس بلسما باريس; product_type=معطر دبدوب,approved,workbook category retained after rules miss,2026-08-02T07:33:46Z,ready,proposed_child,NO,NO,YES
ARD-2389,2389,معطر دبدوب مني باريس Eau Blue,Mini Paris,,4000,معطر دبدوب,معطرات المنزل والمفارش والجو,medium,معطرات المنزل والمفارش والجو,home-linen-air,medium,workbook category retained after rules miss,name=معطر دبدوب مني باريس Eau Blue; product_type=معطر دبدوب,approved,workbook category retained after rules miss,2026-08-02T07:33:46Z,ready,proposed_child,NO,NO,YES
ARD-2391,2391,معطر دبدوب مني باريس الايف,Mini Paris,,4000,معطر دبدوب,معطرات المنزل والمفارش والجو,medium,معطرات المنزل والمفارش والجو,home-linen-air,medium,workbook category retained after rules miss,name=معطر دبدوب مني باريس الايف; product_type=معطر دبدوب,approved,workbook category retained after rules miss,2026-08-02T07:33:46Z,ready,proposed_child,NO,NO,YES
ARD-2392,2392,معطر دبدوب مني باريس Mellennium Man,Mini Paris,,3000,معطر دبدوب,معطرات المنزل والمفارش والجو,medium,معطرات المنزل والمفارش والجو,home-linen-air,medium,workbook category retained after rules miss,name=معطر دبدوب مني باريس Mellennium Man; product_type=معطر دبدوب,approved,workbook category retained after rules miss,2026-08-02T07:33:46Z,ready,proposed_child,NO,NO,YES
ARD-2393,2393,معطر دبدوب مني باريس Carrere delegation,Mini Paris,,4000,معطر دبدوب,معطرات المنزل والمفارش والجو,medium,معطرات المنزل والمفارش والجو,home-linen-air,medium,workbook category retained after rules miss,name=معطر دبدوب مني باريس Carrere delegation; product_type=معطر دبدوب,approved,workbook category retained after rules miss,2026-08-02T07:33:46Z,ready,proposed_child,NO,NO,YES
ARD-2394,2394,معطر دبدوب مني باريس مون لكت,Mini Paris,,4000,معطر دبدوب,معطرات المنزل والمفارش والجو,medium,معطرات المنزل والمفارش والجو,home-linen-air,medium,workbook category retained after rules miss,name=معطر دبدوب مني باريس مون لكت; product_type=معطر دبدوب,approved,workbook category retained after rules miss,2026-08-02T07:33:46Z,ready,proposed_child,NO,NO,YES
ARD-2395,2395,معطر دبدوب مني باريس انتينستي,Mini Paris,,4000,معطر دبدوب,معطرات المنزل والمفارش والجو,medium,معطرات المنزل والمفارش والجو,home-linen-air,medium,workbook category retained after rules miss,name=معطر دبدوب مني باريس انتينستي; product_type=معطر دبدوب,approved,workbook category retained after rules miss,2026-08-02T07:33:46Z,ready,proposed_child,NO,NO,YES
ARD-2397,2397,معطر دبدوب مني باريس دانيس براون,Mini Paris,,4000,معطر دبدوب,معطرات المنزل والمفارش والجو,medium,معطرات المنزل والمفارش والجو,home-linen-air,medium,workbook category retained after rules miss,name=معطر دبدوب مني باريس دانيس براون; product_type=معطر دبدوب,approved,workbook category retained after rules miss,2026-08-02T07:33:46Z,ready,proposed_child,NO,NO,YES
ARD-2398,2398,معطر دبدوب مني باريس فلورال,Mini Paris,,4000,معطر دبدوب,معطرات المنزل والمفارش والجو,medium,معطرات المنزل والمفارش والجو,home-linen-air,medium,workbook category retained after rules miss,name=معطر دبدوب مني باريس فلورال; product_type=معطر دبدوب,approved,workbook category retained after rules miss,2026-08-02T07:33:46Z,ready,proposed_child,NO,NO,YES
ARD-2399,2399,معطر دبدوب مني باريس La Nina,Mini Paris,,4000,معطر دبدوب,معطرات المنزل والمفارش والجو,medium,معطرات المنزل والمفارش والجو,home-linen-air,medium,workbook category retained after rules miss,name=معطر دبدوب مني باريس La Nina; product_type=معطر دبدوب,approved,workbook category retained after rules miss,2026-08-02T07:33:46Z,ready,proposed_child,NO,NO,YES
ARD-2400,2400,معطر دبدوب مني باريس دريم روز,Mini Paris,,4000,معطر دبدوب,معطرات المنزل والمفارش والجو,medium,معطرات المنزل والمفارش والجو,home-linen-air,medium,workbook category retained after rules miss,name=معطر دبدوب مني باريس دريم روز; product_type=معطر دبدوب,approved,workbook category retained after rules miss,2026-08-02T07:33:46Z,ready,proposed_child,NO,NO,YES
ARD-2407,2407,معطر دبدوب مني باريس سيكرت انجل,Mini Paris,,4000,معطر دبدوب,معطرات المنزل والمفارش والجو,medium,معطرات المنزل والمفارش والجو,home-linen-air,medium,workbook category retained after rules miss,name=معطر دبدوب مني باريس سيكرت انجل; product_type=معطر دبدوب,approved,workbook category retained after rules miss,2026-08-02T07:33:46Z,ready,proposed_child,NO,NO,YES
ARD-2408,2408,معطر دبدوب مني باريس سافيور,Mini Paris,,3000,معطر دبدوب,معطرات المنزل والمفارش والجو,medium,معطرات المنزل والمفارش والجو,home-linen-air,medium,workbook category retained after rules miss,name=معطر دبدوب مني باريس سافيور; product_type=معطر دبدوب,approved,workbook category retained after rules miss,2026-08-02T07:33:46Z,ready,proposed_child,NO,NO,YES
ARD-2409,2409,معطر دبدوب مني باريس مني بلوم,Mini Paris,,4000,معطر دبدوب,معطرات المنزل والمفارش والجو,medium,معطرات المنزل والمفارش والجو,home-linen-air,medium,workbook category retained after rules miss,name=معطر دبدوب مني باريس مني بلوم; product_type=معطر دبدوب,approved,workbook category retained after rules miss,2026-08-02T07:33:46Z,ready,proposed_child,NO,NO,YES
ARD-2410,2410,معطر دبدوب مني باريس شي احمر,Mini Paris,,4000,معطر دبدوب,معطرات المنزل والمفارش والجو,medium,معطرات المنزل والمفارش والجو,home-linen-air,medium,workbook category retained after rules miss,name=معطر دبدوب مني باريس شي احمر; product_type=معطر دبدوب,approved,workbook category retained after rules miss,2026-08-02T07:33:46Z,ready,proposed_child,NO,NO,YES
ARD-2411,2411,معطر دبدوب مني باريس ميراج,Mini Paris,,4000,معطر دبدوب,معطرات المنزل والمفارش والجو,medium,معطرات المنزل والمفارش والجو,home-linen-air,medium,workbook category retained after rules miss,name=معطر دبدوب مني باريس ميراج; product_type=معطر دبدوب,approved,workbook category retained after rules miss,2026-08-02T07:33:46Z,ready,proposed_child,NO,NO,YES
ARD-2412,2412,معطر دبدوب مني باريس ترنت بارفوم,Mini Paris,,3000,معطر دبدوب,معطرات المنزل والمفارش والجو,medium,معطرات المنزل والمفارش والجو,home-linen-air,medium,workbook category retained after rules miss,name=معطر دبدوب مني باريس ترنت بارفوم; product_type=معطر دبدوب,approved,workbook category retained after rules miss,2026-08-02T07:33:46Z,ready,proposed_child,NO,NO,YES
ARD-2413,2413,معطر دبدوب مني باريس فايند مي,Mini Paris,,4000,معطر دبدوب,معطرات المنزل والمفارش والجو,medium,معطرات المنزل والمفارش والجو,home-linen-air,medium,workbook category retained after rules miss,name=معطر دبدوب مني باريس فايند مي; product_type=معطر دبدوب,approved,workbook category retained after rules miss,2026-08-02T07:33:46Z,ready,proposed_child,NO,NO,YES
ARD-2415,2415,معطر دبدوب مني باريس اليسا,Mini Paris,,4000,معطر دبدوب,معطرات المنزل والمفارش والجو,medium,معطرات المنزل والمفارش والجو,home-linen-air,medium,workbook category retained after rules miss,name=معطر دبدوب مني باريس اليسا; product_type=معطر دبدوب,approved,workbook category retained after rules miss,2026-08-02T07:33:46Z,ready,proposed_child,NO,NO,YES
ARD-2416,2416,معطر دبدوب مني باريس BASSION,Mini Paris,,4000,معطر دبدوب,معطرات المنزل والمفارش والجو,medium,معطرات المنزل والمفارش والجو,home-linen-air,medium,workbook category retained after rules miss,name=معطر دبدوب مني باريس BASSION; product_type=معطر دبدوب,approved,workbook category retained after rules miss,2026-08-02T07:33:46Z,ready,proposed_child,NO,NO,YES
ARD-2420,2420,معطر دبدوب مني باريس فيري سينس وردي,Mini Paris,,4000,معطر دبدوب,معطرات المنزل والمفارش والجو,medium,معطرات المنزل والمفارش والجو,home-linen-air,medium,workbook category retained after rules miss,name=معطر دبدوب مني باريس فيري سينس وردي; product_type=معطر دبدوب,approved,workbook category retained after rules miss,2026-08-02T07:33:46Z,ready,proposed_child,NO,NO,YES
ARD-2813,2813,معطر دبدوب مني باريس بلو انتينس,Mini Paris,,4000,معطر دبدوب,معطرات المنزل والمفارش والجو,medium,معطرات المنزل والمفارش والجو,home-linen-air,medium,workbook category retained after rules miss,name=معطر دبدوب مني باريس بلو انتينس; product_type=معطر دبدوب,approved,workbook category retained after rules miss,2026-08-02T07:33:46Z,ready,proposed_child,NO,NO,YES
ARD-3632,3632,معطر دبدوب مني باريس اي يو دي بلو هوم,Mini Paris,,4000,معطر دبدوب,معطرات المنزل والمفارش والجو,medium,معطرات المنزل والمفارش والجو,home-linen-air,medium,workbook category retained after rules miss,name=معطر دبدوب مني باريس اي يو دي بلو هوم; product_type=معطر دبدوب,approved,workbook category retained after rules miss,2026-08-02T07:33:46Z,ready,proposed_child,NO,NO,YES
ARD-3634,3634,معطر دبدوب مني باريس بلو انتنشن,Mini Paris,,4000,معطر دبدوب,معطرات المنزل والمفارش والجو,medium,معطرات المنزل والمفارش والجو,home-linen-air,medium,workbook category retained after rules miss,name=معطر دبدوب مني باريس بلو انتنشن; product_type=معطر دبدوب,approved,workbook category retained after rules miss,2026-08-02T07:33:46Z,ready,proposed_child,NO,NO,YES
ARD-3636,3636,معطر دبدوب مني باريس فيرسالي بيور هوم,Mini Paris,,4000,معطر دبدوب,معطرات المنزل والمفارش والجو,medium,معطرات المنزل والمفارش والجو,home-linen-air,medium,workbook category retained after rules miss,name=معطر دبدوب مني باريس فيرسالي بيور هوم; product_type=معطر دبدوب,approved,workbook category retained after rules miss,2026-08-02T07:33:46Z,ready,proposed_child,NO,NO,YES
ARD-3637,3637,معطر دبدوب مني باريس مايستري فور ومن,Mini Paris,,4000,معطر دبدوب,معطرات المنزل والمفارش والجو,medium,معطرات المنزل والمفارش والجو,home-linen-air,medium,workbook category retained after rules miss,name=معطر دبدوب مني باريس مايستري فور ومن; product_type=معطر دبدوب,approved,workbook category retained after rules miss,2026-08-02T07:33:46Z,ready,proposed_child,NO,NO,YES
ARD-3638,3638,معطر دبدوب مني باريس اكس اكس,Mini Paris,,4000,معطر دبدوب,معطرات المنزل والمفارش والجو,medium,معطرات المنزل والمفارش والجو,home-linen-air,medium,workbook category retained after rules miss,name=معطر دبدوب مني باريس اكس اكس; product_type=معطر دبدوب,approved,workbook category retained after rules miss,2026-08-02T07:33:46Z,ready,proposed_child,NO,NO,YES
ARD-3639,3639,معطر دبدوب مني باريس برايم,Mini Paris,,4000,معطر دبدوب,معطرات المنزل والمفارش والجو,medium,معطرات المنزل والمفارش والجو,home-linen-air,medium,workbook category retained after rules miss,name=معطر دبدوب مني باريس برايم; product_type=معطر دبدوب,approved,workbook category retained after rules miss,2026-08-02T07:33:46Z,ready,proposed_child,NO,NO,YES
ARD-3640,3640,معطر دبدوب مني باريس باشون هوم,Mini Paris,,4000,معطر دبدوب,معطرات المنزل والمفارش والجو,medium,معطرات المنزل والمفارش والجو,home-linen-air,medium,workbook category retained after rules miss,name=معطر دبدوب مني باريس باشون هوم; product_type=معطر دبدوب,approved,workbook category retained after rules miss,2026-08-02T07:33:46Z,ready,proposed_child,NO,NO,YES
ARD-3641,3641,معطر دبدوب مني باريس فري سنس بلاك كرستال,Mini Paris,,4000,معطر دبدوب,معطرات المنزل والمفارش والجو,medium,معطرات المنزل والمفارش والجو,home-linen-air,medium,workbook category retained after rules miss,name=معطر دبدوب مني باريس فري سنس بلاك كرستال; product_type=معطر دبدوب,approved,workbook category retained after rules miss,2026-08-02T07:33:46Z,ready,proposed_child,NO,NO,YES
ARD-1785,1785,عطر امبولس برايف مان,VURV,,15000,عطر,العطور,high,العطور,perfumes,high,standard perfume,name=عطر امبولس برايف مان; product_type=عطر,approved,standard perfume,2026-08-02T07:33:46Z,ready,proposed_child,NO,NO,NO
ARD-1786,1786,عطر امبولس انتنس مان,VURV,,15000,عطر,العطور,high,العطور,perfumes,high,standard perfume,name=عطر امبولس انتنس مان; product_type=عطر,approved,standard perfume,2026-08-02T07:33:46Z,ready,proposed_child,NO,NO,NO
ARD-14,14,عطر MINI 25 مل 1018 شانيل 5,غير محدد,25 مل,3000,عطر صغير أو ميني,العطور الصغيرة والميني,medium,العطور الصغيرة والميني,mini-travel-perfume,high,perfume with size<=30ml,name=عطر MINI 25 مل 1018 شانيل 5; product_type=عطر صغير أو ميني,approved,perfume with size<=30ml,2026-08-02T07:33:46Z,merchant_confirmation,proposed_child,NO,NO,YES
ARD-978,978,عطر 25 MINI مل 1032 جادور فويلي,غير محدد,,4000,عطر صغير أو ميني,العطور الصغيرة والميني,medium,العطور الصغيرة والميني,mini-travel-perfume,high,explicit mini/travel label,name=عطر 25 MINI مل 1032 جادور فويلي; product_type=عطر صغير أو ميني,approved,explicit mini/travel label,2026-08-02T07:33:46Z,merchant_confirmation,proposed_child,NO,NO,YES
ARD-997,997,عطر خالص ابيض,Asdaaf,,15000,عطر,العطور,high,العطور,perfumes,high,standard perfume,name=عطر خالص ابيض; product_type=عطر,approved,standard perfume,2026-08-02T07:33:46Z,ready,proposed_child,NO,NO,NO
ARD-1271,1271,عطر امير العرب,Asdaaf,,16000,عطر,العطور,high,العطور,perfumes,high,standard perfume,name=عطر امير العرب; product_type=عطر,approved,standard perfume,2026-08-02T07:33:46Z,ready,proposed_child,NO,NO,NO
ARD-1272,1272,عطر اميرة العرب,Asdaaf,,16000,عطر,العطور,high,العطور,perfumes,high,standard perfume,name=عطر اميرة العرب; product_type=عطر,approved,standard perfume,2026-08-02T07:33:46Z,ready,proposed_child,NO,NO,NO
ARD-1815,1815,عطر خالص ابيض ذهبي,Asdaaf,,11000,عطر,العطور,high,العطور,perfumes,high,standard perfume,name=عطر خالص ابيض ذهبي; product_type=عطر,approved,standard perfume,2026-08-02T07:33:46Z,ready,proposed_child,NO,NO,NO
ARD-1828,1828,عطر يقين 100 مل,Asdaaf,100 مل,12000,عطر,العطور,high,العطور,perfumes,high,standard perfume,name=عطر يقين 100 مل; product_type=عطر,approved,standard perfume,2026-08-02T07:33:46Z,ready,proposed_child,NO,NO,NO
ARD-1946,1946,عطر مودتي,Asdaaf,,11000,عطر,العطور,high,العطور,perfumes,high,standard perfume,name=عطر مودتي; product_type=عطر,approved,standard perfume,2026-08-02T07:33:46Z,ready,proposed_child,NO,NO,NO
ARD-1947,1947,عطر غيد,Asdaaf,,11000,عطر,العطور,high,العطور,perfumes,high,standard perfume,name=عطر غيد; product_type=عطر,approved,standard perfume,2026-08-02T07:33:46Z,ready,proposed_child,NO,NO,NO
ARD-1953,1953,عطر وصوف,Asdaaf,,14000,عطر,العطور,high,العطور,perfumes,high,standard perfume,name=عطر وصوف; product_type=عطر,approved,standard perfume,2026-08-02T07:33:46Z,ready,proposed_child,NO,NO,NO
ARD-1954,1954,عطر الليلة غير,Asdaaf,,14000,عطر,العطور,high,العطور,perfumes,high,standard perfume,name=عطر الليلة غير; product_type=عطر,approved,standard perfume,2026-08-02T07:33:46Z,ready,proposed_child,NO,NO,NO
ARD-1971,1971,عطر شمة ورد 100 مل,Asdaaf,100 مل,11000,عطر,العطور,high,العطور,perfumes,high,standard perfume,name=عطر شمة ورد 100 مل; product_type=عطر,approved,standard perfume,2026-08-02T07:33:46Z,ready,proposed_child,NO,NO,NO
ARD-2003,2003,عطر الاول,Asdaaf,,11000,عطر,العطور,high,العطور,perfumes,high,standard perfume,name=عطر الاول; product_type=عطر,approved,standard perfume,2026-08-02T07:33:46Z,ready,proposed_child,NO,NO,NO
ARD-2046,2046,عطر اهل الفخر 100 مل,Asdaaf,100 مل,13000,عطر,العطور,high,العطور,perfumes,high,standard perfume,name=عطر اهل الفخر 100 مل; product_type=عطر,approved,standard perfume,2026-08-02T07:33:46Z,ready,proposed_child,NO,NO,NO
ARD-2513,2513,عطر حياتي انت,Asdaaf,,13000,عطر,العطور,high,العطور,perfumes,high,standard perfume,name=عطر حياتي انت; product_type=عطر,approved,standard perfume,2026-08-02T07:33:46Z,ready,proposed_child,NO,NO,NO
ARD-3270,3270,عطر اميرة العرب برايف روز 100 مل,Asdaaf,100 مل,16000,عطر,العطور,high,العطور,perfumes,high,standard perfume,name=عطر اميرة العرب برايف روز 100 مل; product_type=عطر,approved,standard perfume,2026-08-02T07:33:46Z,ready,proposed_child,YES,NO,NO
ARD-4172,4172,عطر امير العرب امبريوم 100 مل,Asdaaf,100 مل,16000,عطر,العطور,high,العطور,perfumes,high,standard perfume,name=عطر امير العرب امبريوم 100 مل; product_type=عطر,approved,standard perfume,2026-08-02T07:33:46Z,ready,proposed_child,NO,NO,NO
ARD-4196,4196,عطر العندليب فلورا 100 مل,Asdaaf,100 مل,15000,عطر,العطور,high,العطور,perfumes,high,standard perfume,name=عطر العندليب فلورا 100 مل; product_type=عطر,approved,standard perfume,2026-08-02T07:33:46Z,ready,proposed_child,NO,NO,NO
ARD-4457,4457,عطر فؤاد 100 مل,Asdaaf,100 مل,26000,عطر,العطور,high,العطور,perfumes,high,standard perfume,name=عطر فؤاد 100 مل; product_type=عطر,approved,standard perfume,2026-08-02T07:33:46Z,ready,proposed_child,NO,NO,NO
ARD-4468,4468,عطر يا حبيبتي 100 مل,Asdaaf,100 مل,26000,عطر,العطور,high,العطور,perfumes,high,standard perfume,name=عطر يا حبيبتي 100 مل; product_type=عطر,approved,standard perfume,2026-08-02T07:33:46Z,ready,proposed_child,NO,NO,NO
ARD-4486,4486,عطر قرار 80 مل,Asdaaf,80 مل,27000,عطر,العطور,high,العطور,perfumes,high,standard perfume,name=عطر قرار 80 مل; product_type=عطر,approved,standard perfume,2026-08-02T07:33:46Z,ready,proposed_child,NO,NO,NO
ARD-4509,4509,عطر مجد السلطان بلاك انتيس,Asdaaf,,16000,عطر,العطور,high,العطور,perfumes,high,standard perfume,name=عطر مجد السلطان بلاك انتيس; product_type=عطر,approved,standard perfume,2026-08-02T07:33:46Z,ready,proposed_child,NO,NO,NO
ARD-4665,4665,عطر اعيان 100 مل,Asdaaf,100 مل,33000,عطر,العطور,high,العطور,perfumes,high,standard perfume,name=عطر اعيان 100 مل; product_type=عطر,approved,standard perfume,2026-08-02T07:33:46Z,ready,proposed_child,NO,NO,NO
ARD-1206,1206,جورجيوس بيور فيم اسود,غير محدد,,6000,غير محدد,العطور,low,العطور,perfumes,low,workbook category retained after rules miss,name=جورجيوس بيور فيم اسود; product_type=غير محدد,approved,workbook category retained after rules miss,2026-08-02T07:33:46Z,merchant_confirmation,proposed_child,NO,NO,YES
ARD-317,317,عطر ديرلنك كرييتف,ديرلنك,,34000,عطر,العطور,high,العطور,perfumes,high,standard perfume,name=عطر ديرلنك كرييتف; product_type=عطر,approved,standard perfume,2026-08-02T07:33:46Z,ready,proposed_child,NO,NO,NO
ARD-1708,1708,عطر شعر 50 مل دارك دزاير,VERT,50 مل,8000,عطر شعر,العناية بالشعر وعطور الشعر,high,العناية بالشعر وعطور الشعر,hair-care-fragrance,high,explicit hair fragrance,name=عطر شعر 50 مل دارك دزاير; product_type=عطر شعر,approved,explicit hair fragrance,2026-08-02T07:33:46Z,ready,proposed_child,NO,NO,NO
ARD-1709,1709,عطر شعر 50 مل سنسير,VERT,50 مل,8000,عطر شعر,العناية بالشعر وعطور الشعر,high,العناية بالشعر وعطور الشعر,hair-care-fragrance,high,explicit hair fragrance,name=عطر شعر 50 مل سنسير; product_type=عطر شعر,approved,explicit hair fragrance,2026-08-02T07:33:46Z,ready,proposed_child,NO,NO,NO
ARD-1845,1845,عطر اليكسير 50 مل,Portraits,50 مل,8000,عطر,العطور,high,العطور,perfumes,high,standard perfume,name=عطر اليكسير 50 مل; product_type=عطر,approved,standard perfume,2026-08-02T07:33:46Z,ready,proposed_child,NO,NO,NO
ARD-1992,1992,عطر شعر 50 مل بيور كولد,So Cute,50 مل,9000,عطر شعر,العناية بالشعر وعطور الشعر,high,العناية بالشعر وعطور الشعر,hair-care-fragrance,high,explicit hair fragrance,name=عطر شعر 50 مل بيور كولد; product_type=عطر شعر,approved,explicit hair fragrance,2026-08-02T07:33:46Z,ready,proposed_child,NO,NO,NO
ARD-2174,2174,عطر اوصاف / خيالي 100 مل,أوصاف,100 مل,5000,عطر,العطور,high,العطور,perfumes,high,standard perfume,name=عطر اوصاف / خيالي 100 مل; product_type=عطر,approved,standard perfume,2026-08-02T07:33:46Z,ready,proposed_child,NO,NO,NO
ARD-2177,2177,عطر اوصاف / سنه 100 مل,أوصاف,100 مل,5000,عطر,العطور,high,العطور,perfumes,high,standard perfume,name=عطر اوصاف / سنه 100 مل; product_type=عطر,approved,standard perfume,2026-08-02T07:33:46Z,ready,proposed_child,NO,NO,NO
ARD-2178,2178,عطر اوصاف / طلة 100 مل,أوصاف,100 مل,5000,عطر,العطور,high,العطور,perfumes,high,standard perfume,name=عطر اوصاف / طلة 100 مل; product_type=عطر,approved,standard perfume,2026-08-02T07:33:46Z,ready,proposed_child,NO,NO,NO
ARD-2183,2183,عطر اوصاف / مرجان 100 مل,أوصاف,100 مل,5000,عطر,العطور,high,العطور,perfumes,high,standard perfume,name=عطر اوصاف / مرجان 100 مل; product_type=عطر,approved,standard perfume,2026-08-02T07:33:46Z,ready,proposed_child,NO,NO,NO
ARD-2166,2166,عطر الهيبة مميز / نور 100 مل,الهيبة,100 مل,18000,عطر,العطور,high,العطور,perfumes,high,standard perfume,name=عطر الهيبة مميز / نور 100 مل; product_type=عطر,approved,standard perfume,2026-08-02T07:33:46Z,ready,proposed_child,NO,NO,NO
ARD-2346,2346,عطر برلين,Dukhni,,13000,عطر,العطور,high,العطور,perfumes,high,standard perfume,name=عطر برلين; product_type=عطر,approved,standard perfume,2026-08-02T07:33:46Z,ready,proposed_child,NO,NO,NO
ARD-2337,2337,عطر روز كولد,White Oud,,13000,عطر,العطور,high,العطور,perfumes,high,standard perfume,name=عطر روز كولد; product_type=عطر,approved,standard perfume,2026-08-02T07:33:46Z,ready,proposed_child,NO,NO,NO
ARD-2575,2575,كريم سحب لون,غير محدد,,4000,عناية وصبغات الشعر,العناية بالشعر وعطور الشعر,high,صبغة ومستلزمات صالون للشعر,pro-hair-color-care,high,explicit hair-color; reuse existing production category,name=كريم سحب لون; product_type=عناية وصبغات الشعر,corrected,explicit hair-color; reuse existing production category,2026-08-02T07:33:46Z,merchant_confirmation,existing_root,NO,YES,YES
ARD-2693,2693,معطر جسم ايكون / سماش,Icon,,2000,معطر جسم أو بودي مست,معطرات الجسم والبودي مست,high,معطرات الجسم والبودي مست,body-mist-splash,high,explicit body mist/splash,name=معطر جسم ايكون / سماش; product_type=معطر جسم أو بودي مست,approved,explicit body mist/splash,2026-08-02T07:33:46Z,ready,proposed_child,NO,NO,NO
ARD-2694,2694,معطر جسم ايكون / ريبل,Icon,,2000,معطر جسم أو بودي مست,معطرات الجسم والبودي مست,high,معطرات الجسم والبودي مست,body-mist-splash,high,explicit body mist/splash,name=معطر جسم ايكون / ريبل; product_type=معطر جسم أو بودي مست,approved,explicit body mist/splash,2026-08-02T07:33:46Z,ready,proposed_child,NO,NO,NO
ARD-2701,2701,معطر جسم ايكون / سبيد,Icon,,2000,معطر جسم أو بودي مست,معطرات الجسم والبودي مست,high,معطرات الجسم والبودي مست,body-mist-splash,high,explicit body mist/splash,name=معطر جسم ايكون / سبيد; product_type=معطر جسم أو بودي مست,approved,explicit body mist/splash,2026-08-02T07:33:46Z,ready,proposed_child,NO,NO,NO
ARD-2706,2706,معطر جسم ايكون / نيو,Icon,,2000,معطر جسم أو بودي مست,معطرات الجسم والبودي مست,high,معطرات الجسم والبودي مست,body-mist-splash,high,explicit body mist/splash,name=معطر جسم ايكون / نيو; product_type=معطر جسم أو بودي مست,approved,explicit body mist/splash,2026-08-02T07:33:46Z,ready,proposed_child,NO,NO,NO
ARD-2707,2707,معطر جسم ايكون / وايرور,Icon,,2000,معطر جسم أو بودي مست,معطرات الجسم والبودي مست,high,معطرات الجسم والبودي مست,body-mist-splash,high,explicit body mist/splash,name=معطر جسم ايكون / وايرور; product_type=معطر جسم أو بودي مست,approved,explicit body mist/splash,2026-08-02T07:33:46Z,ready,proposed_child,NO,NO,NO
ARD-2720,2720,معطر جسم ايكون / فايتر,Icon,,2000,معطر جسم أو بودي مست,معطرات الجسم والبودي مست,high,معطرات الجسم والبودي مست,body-mist-splash,high,explicit body mist/splash,name=معطر جسم ايكون / فايتر; product_type=معطر جسم أو بودي مست,approved,explicit body mist/splash,2026-08-02T07:33:46Z,ready,proposed_child,NO,NO,NO
ARD-2816,2816,عطر احلام 80 مل,Wasm,80 مل,38000,عطر,العطور,high,العطور,perfumes,high,standard perfume,name=عطر احلام 80 مل; product_type=عطر,approved,standard perfume,2026-08-02T07:33:46Z,ready,proposed_child,NO,NO,NO
ARD-2817,2817,عطر سفانة 80 مل,Wasm,80 مل,23000,عطر,العطور,high,العطور,perfumes,high,standard perfume,name=عطر سفانة 80 مل; product_type=عطر,approved,standard perfume,2026-08-02T07:33:46Z,ready,proposed_child,NO,NO,NO
ARD-2818,2818,عطر وجد 65 مل,Wasm,65 مل,31000,عطر,العطور,high,العطور,perfumes,high,standard perfume,name=عطر وجد 65 مل; product_type=عطر,approved,standard perfume,2026-08-02T07:33:46Z,ready,proposed_child,NO,NO,YES
ARD-2820,2820,عطر سرج 60 مل,Wasm,60 مل,31000,عطر,العطور,high,العطور,perfumes,high,standard perfume,name=عطر سرج 60 مل; product_type=عطر,approved,standard perfume,2026-08-02T07:33:46Z,ready,proposed_child,NO,NO,NO
ARD-2822,2822,عطر ياروحي 85 مل,Wasm,85 مل,23000,عطر,العطور,high,العطور,perfumes,high,standard perfume,name=عطر ياروحي 85 مل; product_type=عطر,approved,standard perfume,2026-08-02T07:33:46Z,ready,proposed_child,NO,NO,YES
ARD-2826,2826,عطر الفخر 100 مل,Wasm,100 مل,31000,عطر,العطور,high,العطور,perfumes,high,standard perfume,name=عطر الفخر 100 مل; product_type=عطر,approved,standard perfume,2026-08-02T07:33:46Z,ready,proposed_child,NO,NO,NO
ARD-2885,2885,عطر اوركيد 100 مل,Zebra,100 مل,9000,عطر,العطور,high,العطور,perfumes,high,standard perfume,name=عطر اوركيد 100 مل; product_type=عطر,approved,standard perfume,2026-08-02T07:33:46Z,ready,proposed_child,NO,NO,NO
ARD-2886,2886,عطر الترا بلو 100 مل,Zebra,100 مل,9000,عطر,العطور,high,العطور,perfumes,high,standard perfume,name=عطر الترا بلو 100 مل; product_type=عطر,approved,standard perfume,2026-08-02T07:33:46Z,ready,proposed_child,NO,NO,NO
ARD-2887,2887,عطر تيوب روز 100 مل,Zebra,100 مل,9000,عطر,العطور,high,العطور,perfumes,high,standard perfume,name=عطر تيوب روز 100 مل; product_type=عطر,approved,standard perfume,2026-08-02T07:33:46Z,ready,proposed_child,NO,NO,NO
ARD-2888,2888,عطر امبر نوير 100 مل,Zebra,100 مل,9000,عطر,العطور,high,العطور,perfumes,high,standard perfume,name=عطر امبر نوير 100 مل; product_type=عطر,approved,standard perfume,2026-08-02T07:33:46Z,ready,proposed_child,NO,NO,NO
ARD-2889,2889,عطر بودري 100 مل,Zebra,100 مل,9000,عطر,العطور,high,العطور,perfumes,high,standard perfume,name=عطر بودري 100 مل; product_type=عطر,approved,standard perfume,2026-08-02T07:33:46Z,ready,proposed_child,NO,NO,YES
ARD-2890,2890,عطر بيور وايت 100 مل,Zebra,100 مل,9000,عطر,العطور,high,العطور,perfumes,high,standard perfume,name=عطر بيور وايت 100 مل; product_type=عطر,approved,standard perfume,2026-08-02T07:33:46Z,ready,proposed_child,NO,NO,NO
ARD-2903,2903,عطر روز اكسبلوس,Zebra,,9000,عطر,العطور,high,العطور,perfumes,high,standard perfume,name=عطر روز اكسبلوس; product_type=عطر,approved,standard perfume,2026-08-02T07:33:46Z,ready,proposed_child,NO,NO,NO
ARD-2906,2906,عطر بلو سبيرت,Zebra,,9000,عطر,العطور,high,العطور,perfumes,high,standard perfume,name=عطر بلو سبيرت; product_type=عطر,approved,standard perfume,2026-08-02T07:33:46Z,ready,proposed_child,NO,NO,NO
ARD-2907,2907,عطر امبري روج,Zebra,,9000,عطر,العطور,high,العطور,perfumes,high,standard perfume,name=عطر امبري روج; product_type=عطر,approved,standard perfume,2026-08-02T07:33:46Z,ready,proposed_child,NO,NO,NO
ARD-2908,2908,عطر سويت مافي,Zebra,,9000,عطر,العطور,high,العطور,perfumes,high,standard perfume,name=عطر سويت مافي; product_type=عطر,approved,standard perfume,2026-08-02T07:33:46Z,ready,proposed_child,NO,NO,NO
ARD-2909,2909,عطر اميرلند,Zebra,,9000,عطر,العطور,high,العطور,perfumes,high,standard perfume,name=عطر اميرلند; product_type=عطر,approved,standard perfume,2026-08-02T07:33:46Z,ready,proposed_child,NO,NO,NO
ARD-2986,2986,معطر بلو ستورم 200 مل,VURV,200 مل,3000,معطر,معطرات الجسم والبودي مست,medium,معطرات الجسم والبودي مست,body-mist-splash,medium,workbook category retained after rules miss,name=معطر بلو ستورم 200 مل; product_type=معطر,approved,workbook category retained after rules miss,2026-08-02T07:33:46Z,ready,proposed_child,NO,NO,YES
ARD-2988,2988,معطر كلوريوس عود 200 مل,VURV,200 مل,3000,معطر,معطرات الجسم والبودي مست,medium,معطرات الجسم والبودي مست,body-mist-splash,medium,workbook category retained after rules miss,name=معطر كلوريوس عود 200 مل; product_type=معطر,approved,workbook category retained after rules miss,2026-08-02T07:33:46Z,ready,proposed_child,NO,NO,YES
ARD-2994,2994,معطر مون برايف 200 مل,VURV,200 مل,3000,معطر,معطرات الجسم والبودي مست,medium,معطرات الجسم والبودي مست,body-mist-splash,medium,workbook category retained after rules miss,name=معطر مون برايف 200 مل; product_type=معطر,approved,workbook category retained after rules miss,2026-08-02T07:33:46Z,ready,proposed_child,NO,NO,YES
ARD-2995,2995,معطر يورك 200 مل,VURV,200 مل,3000,معطر,معطرات الجسم والبودي مست,medium,معطرات الجسم والبودي مست,body-mist-splash,medium,workbook category retained after rules miss,name=معطر يورك 200 مل; product_type=معطر,approved,workbook category retained after rules miss,2026-08-02T07:33:46Z,ready,proposed_child,NO,NO,YES
ARD-2998,2998,معطر جينيس مان 200 مل,VURV,200 مل,3000,معطر,معطرات الجسم والبودي مست,medium,معطرات الجسم والبودي مست,body-mist-splash,medium,workbook category retained after rules miss,name=معطر جينيس مان 200 مل; product_type=معطر,approved,workbook category retained after rules miss,2026-08-02T07:33:46Z,ready,proposed_child,NO,NO,YES
ARD-3001,3001,معطر كنكلي 200 مل,VURV,200 مل,3000,معطر,معطرات الجسم والبودي مست,medium,معطرات الجسم والبودي مست,body-mist-splash,medium,workbook category retained after rules miss,name=معطر كنكلي 200 مل; product_type=معطر,approved,workbook category retained after rules miss,2026-08-02T07:33:46Z,ready,proposed_child,NO,NO,YES
ARD-3005,3005,معطر اوريانا 200 مل,VURV,200 مل,3000,معطر,معطرات الجسم والبودي مست,medium,معطرات الجسم والبودي مست,body-mist-splash,medium,workbook category retained after rules miss,name=معطر اوريانا 200 مل; product_type=معطر,approved,workbook category retained after rules miss,2026-08-02T07:33:46Z,ready,proposed_child,NO,NO,YES
ARD-3008,3008,معطر فورايفر يونك مان 200 مل,VURV,200 مل,3000,معطر,معطرات الجسم والبودي مست,medium,معطرات الجسم والبودي مست,body-mist-splash,medium,workbook category retained after rules miss,name=معطر فورايفر يونك مان 200 مل; product_type=معطر,approved,workbook category retained after rules miss,2026-08-02T07:33:46Z,ready,proposed_child,NO,NO,YES
ARD-3009,3009,معطر رومور هوم 200 مل,VURV,200 مل,3000,معطر,معطرات الجسم والبودي مست,medium,معطرات الجسم والبودي مست,body-mist-splash,medium,workbook category retained after rules miss,name=معطر رومور هوم 200 مل; product_type=معطر,approved,workbook category retained after rules miss,2026-08-02T07:33:46Z,ready,proposed_child,NO,NO,YES
ARD-3012,3012,معطر فونيكس 200 مل,VURV,200 مل,3000,معطر,معطرات الجسم والبودي مست,medium,معطرات الجسم والبودي مست,body-mist-splash,medium,workbook category retained after rules miss,name=معطر فونيكس 200 مل; product_type=معطر,approved,workbook category retained after rules miss,2026-08-02T07:33:46Z,ready,proposed_child,NO,NO,YES
ARD-3016,3016,معطر فيرزانت كرستال 200 مل,VURV,200 مل,3000,معطر,معطرات الجسم والبودي مست,medium,معطرات الجسم والبودي مست,body-mist-splash,medium,workbook category retained after rules miss,name=معطر فيرزانت كرستال 200 مل; product_type=معطر,approved,workbook category retained after rules miss,2026-08-02T07:33:46Z,ready,proposed_child,NO,NO,YES
ARD-285,285,عطر مريم,SMS,,11000,عطر,العطور,high,العطور,perfumes,high,standard perfume,name=عطر مريم; product_type=عطر,approved,standard perfume,2026-08-02T07:33:46Z,ready,proposed_child,NO,NO,NO
ARD-3151,3151,معطر جسم روز اكسبوس,Zebra,,3000,معطر جسم أو بودي مست,معطرات الجسم والبودي مست,high,معطرات الجسم والبودي مست,body-mist-splash,high,explicit body mist/splash,name=معطر جسم روز اكسبوس; product_type=معطر جسم أو بودي مست,approved,explicit body mist/splash,2026-08-02T07:33:46Z,ready,proposed_child,NO,NO,NO
ARD-3152,3152,معطر جسم بلو سبرايت,Zebra,,3000,معطر جسم أو بودي مست,معطرات الجسم والبودي مست,high,معطرات الجسم والبودي مست,body-mist-splash,high,explicit body mist/splash,name=معطر جسم بلو سبرايت; product_type=معطر جسم أو بودي مست,approved,explicit body mist/splash,2026-08-02T07:33:46Z,ready,proposed_child,NO,NO,NO
ARD-3153,3153,معطر جسم توب روز,Zebra,,3000,معطر جسم أو بودي مست,معطرات الجسم والبودي مست,high,معطرات الجسم والبودي مست,body-mist-splash,high,explicit body mist/splash,name=معطر جسم توب روز; product_type=معطر جسم أو بودي مست,approved,explicit body mist/splash,2026-08-02T07:33:46Z,ready,proposed_child,NO,NO,NO
ARD-3154,3154,معطر جسم سويت موافي,Zebra,,3000,معطر جسم أو بودي مست,معطرات الجسم والبودي مست,high,معطرات الجسم والبودي مست,body-mist-splash,high,explicit body mist/splash,name=معطر جسم سويت موافي; product_type=معطر جسم أو بودي مست,approved,explicit body mist/splash,2026-08-02T07:33:46Z,ready,proposed_child,NO,NO,NO
ARD-3155,3155,معطر جسم اوركيد,Zebra,,3000,معطر جسم أو بودي مست,معطرات الجسم والبودي مست,high,معطرات الجسم والبودي مست,body-mist-splash,high,explicit body mist/splash,name=معطر جسم اوركيد; product_type=معطر جسم أو بودي مست,approved,explicit body mist/splash,2026-08-02T07:33:46Z,ready,proposed_child,NO,NO,NO
ARD-3156,3156,معطر جسم بينك ميوسا,Zebra,,3000,معطر جسم أو بودي مست,معطرات الجسم والبودي مست,high,معطرات الجسم والبودي مست,body-mist-splash,high,explicit body mist/splash,name=معطر جسم بينك ميوسا; product_type=معطر جسم أو بودي مست,approved,explicit body mist/splash,2026-08-02T07:33:46Z,ready,proposed_child,NO,NO,NO
ARD-3157,3157,معطر جسم اميرلند,Zebra,,3000,معطر جسم أو بودي مست,معطرات الجسم والبودي مست,high,معطرات الجسم والبودي مست,body-mist-splash,high,explicit body mist/splash,name=معطر جسم اميرلند; product_type=معطر جسم أو بودي مست,approved,explicit body mist/splash,2026-08-02T07:33:46Z,ready,proposed_child,NO,NO,NO
ARD-3158,3158,معطر جسم بودري,Zebra,,3000,معطر جسم أو بودي مست,معطرات الجسم والبودي مست,high,معطرات الجسم والبودي مست,body-mist-splash,high,explicit body mist/splash,name=معطر جسم بودري; product_type=معطر جسم أو بودي مست,approved,explicit body mist/splash,2026-08-02T07:33:46Z,ready,proposed_child,NO,NO,YES
ARD-3159,3159,معطر جسم امبر نوير,Zebra,,3000,معطر جسم أو بودي مست,معطرات الجسم والبودي مست,high,معطرات الجسم والبودي مست,body-mist-splash,high,explicit body mist/splash,name=معطر جسم امبر نوير; product_type=معطر جسم أو بودي مست,approved,explicit body mist/splash,2026-08-02T07:33:46Z,ready,proposed_child,NO,NO,NO
ARD-3160,3160,معطر جسم امبري روج,Zebra,,3000,معطر جسم أو بودي مست,معطرات الجسم والبودي مست,high,معطرات الجسم والبودي مست,body-mist-splash,high,explicit body mist/splash,name=معطر جسم امبري روج; product_type=معطر جسم أو بودي مست,approved,explicit body mist/splash,2026-08-02T07:33:46Z,ready,proposed_child,NO,NO,NO
ARD-3161,3161,معطر جسم الترا بلو 100 مل,Zebra,100 مل,3000,معطر جسم أو بودي مست,معطرات الجسم والبودي مست,high,معطرات الجسم والبودي مست,body-mist-splash,high,explicit body mist/splash,name=معطر جسم الترا بلو 100 مل; product_type=معطر جسم أو بودي مست,approved,explicit body mist/splash,2026-08-02T07:33:46Z,ready,proposed_child,NO,NO,NO
ARD-3162,3162,معطر جسم بيور وايت 100 مل,Zebra,100 مل,3000,معطر جسم أو بودي مست,معطرات الجسم والبودي مست,high,معطرات الجسم والبودي مست,body-mist-splash,high,explicit body mist/splash,name=معطر جسم بيور وايت 100 مل; product_type=معطر جسم أو بودي مست,approved,explicit body mist/splash,2026-08-02T07:33:46Z,ready,proposed_child,NO,NO,NO
ARD-3319,3319,معطر الهيبة 200 مل / جبل,الهيبة,200 مل,3000,معطر,معطرات الجسم والبودي مست,medium,معطرات الجسم والبودي مست,body-mist-splash,medium,workbook category retained after rules miss,name=معطر الهيبة 200 مل / جبل; product_type=معطر,approved,workbook category retained after rules miss,2026-08-02T07:33:46Z,ready,proposed_child,NO,NO,YES
ARD-3320,3320,معطر الهيبة 200 مل / رانيا,الهيبة,200 مل,3000,معطر,معطرات الجسم والبودي مست,medium,معطرات الجسم والبودي مست,body-mist-splash,medium,workbook category retained after rules miss,name=معطر الهيبة 200 مل / رانيا; product_type=معطر,approved,workbook category retained after rules miss,2026-08-02T07:33:46Z,ready,proposed_child,NO,NO,YES
ARD-3322,3322,معطر الهيبة 200 مل / منى,الهيبة,200 مل,3000,معطر,معطرات الجسم والبودي مست,medium,معطرات الجسم والبودي مست,body-mist-splash,medium,workbook category retained after rules miss,name=معطر الهيبة 200 مل / منى; product_type=معطر,approved,workbook category retained after rules miss,2026-08-02T07:33:46Z,ready,proposed_child,NO,NO,YES
ARD-3323,3323,معطر الهيبة 200 مل / مروة,الهيبة,200 مل,3000,معطر,معطرات الجسم والبودي مست,medium,معطرات الجسم والبودي مست,body-mist-splash,medium,workbook category retained after rules miss,name=معطر الهيبة 200 مل / مروة; product_type=معطر,approved,workbook category retained after rules miss,2026-08-02T07:33:46Z,ready,proposed_child,NO,NO,YES
ARD-3324,3324,معطر الهيبة 200 مل / شاهين,الهيبة,200 مل,3000,معطر,معطرات الجسم والبودي مست,medium,معطرات الجسم والبودي مست,body-mist-splash,medium,workbook category retained after rules miss,name=معطر الهيبة 200 مل / شاهين; product_type=معطر,approved,workbook category retained after rules miss,2026-08-02T07:33:46Z,ready,proposed_child,NO,NO,YES
ARD-3325,3325,معطر الهيبة 200 مل / سلطان,الهيبة,200 مل,3000,معطر,معطرات الجسم والبودي مست,medium,معطرات الجسم والبودي مست,body-mist-splash,medium,workbook category retained after rules miss,name=معطر الهيبة 200 مل / سلطان; product_type=معطر,approved,workbook category retained after rules miss,2026-08-02T07:33:46Z,ready,proposed_child,NO,NO,YES
ARD-3326,3326,معطر الهيبة 200 مل / فهد,الهيبة,200 مل,3000,معطر,معطرات الجسم والبودي مست,medium,معطرات الجسم والبودي مست,body-mist-splash,medium,workbook category retained after rules miss,name=معطر الهيبة 200 مل / فهد; product_type=معطر,approved,workbook category retained after rules miss,2026-08-02T07:33:46Z,ready,proposed_child,NO,NO,YES
ARD-3328,3328,معطر الهيبة 200 مل / نمر,الهيبة,200 مل,3000,معطر,معطرات الجسم والبودي مست,medium,معطرات الجسم والبودي مست,body-mist-splash,medium,workbook category retained after rules miss,name=معطر الهيبة 200 مل / نمر; product_type=معطر,approved,workbook category retained after rules miss,2026-08-02T07:33:46Z,ready,proposed_child,NO,NO,YES
ARD-3329,3329,معطر الهيبة 200 مل / صخر,الهيبة,200 مل,3000,معطر,معطرات الجسم والبودي مست,medium,معطرات الجسم والبودي مست,body-mist-splash,medium,workbook category retained after rules miss,name=معطر الهيبة 200 مل / صخر; product_type=معطر,approved,workbook category retained after rules miss,2026-08-02T07:33:46Z,ready,proposed_child,NO,NO,YES
ARD-3330,3330,معطر الهيبة 200 مل / نور,الهيبة,200 مل,3000,معطر,معطرات الجسم والبودي مست,medium,معطرات الجسم والبودي مست,body-mist-splash,medium,workbook category retained after rules miss,name=معطر الهيبة 200 مل / نور; product_type=معطر,approved,workbook category retained after rules miss,2026-08-02T07:33:46Z,ready,proposed_child,NO,NO,YES
ARD-139,139,معطر شيخ زايد اصدار محدود,غير محدد,,2000,معطر,معطرات الجسم والبودي مست,medium,معطرات الجسم والبودي مست,body-mist-splash,medium,workbook category retained after rules miss,name=معطر شيخ زايد اصدار محدود; product_type=معطر,approved,workbook category retained after rules miss,2026-08-02T07:33:46Z,merchant_confirmation,proposed_child,NO,NO,YES
ARD-143,143,معطر شيخ زايد ملكي,غير محدد,,3000,معطر,معطرات الجسم والبودي مست,medium,معطرات الجسم والبودي مست,body-mist-splash,medium,workbook category retained after rules miss,name=معطر شيخ زايد ملكي; product_type=معطر,approved,workbook category retained after rules miss,2026-08-02T07:33:46Z,merchant_confirmation,proposed_child,NO,NO,YES
ARD-153,153,معطر كلمات الحب,غير محدد,,2000,معطر,معطرات الجسم والبودي مست,medium,معطرات الجسم والبودي مست,body-mist-splash,medium,workbook category retained after rules miss,name=معطر كلمات الحب; product_type=معطر,approved,workbook category retained after rules miss,2026-08-02T07:33:46Z,merchant_confirmation,proposed_child,NO,NO,YES
ARD-1131,1131,معطر غلاها خصوصي,غير محدد,,2000,معطر,معطرات الجسم والبودي مست,medium,معطرات الجسم والبودي مست,body-mist-splash,medium,workbook category retained after rules miss,name=معطر غلاها خصوصي; product_type=معطر,approved,workbook category retained after rules miss,2026-08-02T07:33:46Z,merchant_confirmation,proposed_child,NO,NO,YES
ARD-1132,1132,معطر غلاها ملكي,غير محدد,,2000,معطر,معطرات الجسم والبودي مست,medium,معطرات الجسم والبودي مست,body-mist-splash,medium,workbook category retained after rules miss,name=معطر غلاها ملكي; product_type=معطر,approved,workbook category retained after rules miss,2026-08-02T07:33:46Z,merchant_confirmation,proposed_child,NO,NO,YES
ARD-1134,1134,معطر غلاها مميز,غير محدد,,2000,معطر,معطرات الجسم والبودي مست,medium,معطرات الجسم والبودي مست,body-mist-splash,medium,workbook category retained after rules miss,name=معطر غلاها مميز; product_type=معطر,approved,workbook category retained after rules miss,2026-08-02T07:33:46Z,merchant_confirmation,proposed_child,NO,NO,YES
ARD-1137,1137,معطر كيان نسائي,غير محدد,,3000,معطر,معطرات الجسم والبودي مست,medium,معطرات الجسم والبودي مست,body-mist-splash,medium,workbook category retained after rules miss,name=معطر كيان نسائي; product_type=معطر,approved,workbook category retained after rules miss,2026-08-02T07:33:46Z,merchant_confirmation,proposed_child,NO,NO,YES
ARD-1613,1613,معطر 1004,غير محدد,,2000,معطر,معطرات الجسم والبودي مست,medium,معطرات الجسم والبودي مست,body-mist-splash,medium,workbook category retained after rules miss,name=معطر 1004; product_type=معطر,approved,workbook category retained after rules miss,2026-08-02T07:33:46Z,merchant_confirmation,proposed_child,NO,NO,YES
ARD-1620,1620,معطر 1034,غير محدد,,2000,معطر,معطرات الجسم والبودي مست,medium,معطرات الجسم والبودي مست,body-mist-splash,medium,workbook category retained after rules miss,name=معطر 1034; product_type=معطر,approved,workbook category retained after rules miss,2026-08-02T07:33:46Z,merchant_confirmation,proposed_child,NO,NO,YES
ARD-2022,2022,معطر دانتيل 200 مل,غير محدد,200 مل,3000,معطر,معطرات الجسم والبودي مست,medium,معطرات الجسم والبودي مست,body-mist-splash,medium,workbook category retained after rules miss,name=معطر دانتيل 200 مل; product_type=معطر,approved,workbook category retained after rules miss,2026-08-02T07:33:46Z,merchant_confirmation,proposed_child,NO,NO,YES
ARD-2029,2029,معطر كادي ازوري 200 مل,غير محدد,200 مل,3000,معطر,معطرات الجسم والبودي مست,medium,معطرات الجسم والبودي مست,body-mist-splash,medium,workbook category retained after rules miss,name=معطر كادي ازوري 200 مل; product_type=معطر,approved,workbook category retained after rules miss,2026-08-02T07:33:46Z,merchant_confirmation,proposed_child,NO,NO,YES
ARD-3581,3581,معطر جسم فيرتو 250 مل / جوفا هوم,Virto,250 مل,3000,معطر جسم أو بودي مست,معطرات الجسم والبودي مست,high,معطرات الجسم والبودي مست,body-mist-splash,high,explicit body mist/splash,name=معطر جسم فيرتو 250 مل / جوفا هوم; product_type=معطر جسم أو بودي مست,approved,explicit body mist/splash,2026-08-02T07:33:46Z,ready,proposed_child,NO,NO,NO
ARD-3585,3585,معطر جسم فيرتو 250 مل / مس دونا,Virto,250 مل,3000,معطر جسم أو بودي مست,معطرات الجسم والبودي مست,high,معطرات الجسم والبودي مست,body-mist-splash,high,explicit body mist/splash,name=معطر جسم فيرتو 250 مل / مس دونا; product_type=معطر جسم أو بودي مست,approved,explicit body mist/splash,2026-08-02T07:33:46Z,ready,proposed_child,NO,NO,NO
ARD-3588,3588,معطر جسم فيرتو 250 مل / نوير انتنس,Virto,250 مل,4000,معطر جسم أو بودي مست,معطرات الجسم والبودي مست,high,معطرات الجسم والبودي مست,body-mist-splash,high,explicit body mist/splash,name=معطر جسم فيرتو 250 مل / نوير انتنس; product_type=معطر جسم أو بودي مست,approved,explicit body mist/splash,2026-08-02T07:33:46Z,ready,proposed_child,NO,NO,NO
ARD-3596,3596,معطر جسم فيرتو 250 مل / سوليتود هوم,Virto,250 مل,4000,معطر جسم أو بودي مست,معطرات الجسم والبودي مست,high,معطرات الجسم والبودي مست,body-mist-splash,high,explicit body mist/splash,name=معطر جسم فيرتو 250 مل / سوليتود هوم; product_type=معطر جسم أو بودي مست,approved,explicit body mist/splash,2026-08-02T07:33:46Z,ready,proposed_child,NO,NO,NO
ARD-3608,3608,معطر دبدوب مني كرستال لايف بوتفل,Mini Crystal,,4000,معطر دبدوب,معطرات المنزل والمفارش والجو,medium,معطرات المنزل والمفارش والجو,home-linen-air,medium,workbook category retained after rules miss,name=معطر دبدوب مني كرستال لايف بوتفل; product_type=معطر دبدوب,approved,workbook category retained after rules miss,2026-08-02T07:33:46Z,ready,proposed_child,NO,NO,YES
ARD-3609,3609,معطر دبدوب مني كرستال اكس مني كرستال,Mini Crystal,,4000,معطر دبدوب,معطرات المنزل والمفارش والجو,medium,معطرات المنزل والمفارش والجو,home-linen-air,medium,workbook category retained after rules miss,name=معطر دبدوب مني كرستال اكس مني كرستال; product_type=معطر دبدوب,approved,workbook category retained after rules miss,2026-08-02T07:33:46Z,ready,proposed_child,NO,NO,YES
ARD-3610,3610,معطر دبدوب مني كرستال اوبلنت ليدي,Mini Crystal,,4000,معطر دبدوب,معطرات المنزل والمفارش والجو,medium,معطرات المنزل والمفارش والجو,home-linen-air,medium,workbook category retained after rules miss,name=معطر دبدوب مني كرستال اوبلنت ليدي; product_type=معطر دبدوب,approved,workbook category retained after rules miss,2026-08-02T07:33:46Z,ready,proposed_child,NO,NO,YES
ARD-3611,3611,معطر دبدوب مني كرستال روجي هوم,Mini Crystal,,4000,معطر دبدوب,معطرات المنزل والمفارش والجو,medium,معطرات المنزل والمفارش والجو,home-linen-air,medium,workbook category retained after rules miss,name=معطر دبدوب مني كرستال روجي هوم; product_type=معطر دبدوب,approved,workbook category retained after rules miss,2026-08-02T07:33:46Z,ready,proposed_child,NO,NO,YES
ARD-3612,3612,معطر دبدوب مني كرستال سو كات,Mini Crystal,,5000,معطر دبدوب,معطرات المنزل والمفارش والجو,medium,معطرات المنزل والمفارش والجو,home-linen-air,medium,workbook category retained after rules miss,name=معطر دبدوب مني كرستال سو كات; product_type=معطر دبدوب,approved,workbook category retained after rules miss,2026-08-02T07:33:46Z,ready,proposed_child,NO,NO,YES
ARD-3613,3613,معطر دبدوب مني كرستال سويت كيل,Mini Crystal,,4000,معطر دبدوب,معطرات المنزل والمفارش والجو,medium,معطرات المنزل والمفارش والجو,home-linen-air,medium,workbook category retained after rules miss,name=معطر دبدوب مني كرستال سويت كيل; product_type=معطر دبدوب,approved,workbook category retained after rules miss,2026-08-02T07:33:46Z,ready,proposed_child,NO,NO,YES
ARD-3614,3614,معطر دبدوب مني كرستال اسينس عود,Mini Crystal,,4000,معطر دبدوب,معطرات المنزل والمفارش والجو,medium,معطرات المنزل والمفارش والجو,home-linen-air,medium,workbook category retained after rules miss,name=معطر دبدوب مني كرستال اسينس عود; product_type=معطر دبدوب,approved,workbook category retained after rules miss,2026-08-02T07:33:46Z,ready,proposed_child,NO,NO,YES
ARD-3615,3615,معطر دبدوب مني كرستال بلو اوروس,Mini Crystal,,4000,معطر دبدوب,معطرات المنزل والمفارش والجو,medium,معطرات المنزل والمفارش والجو,home-linen-air,medium,workbook category retained after rules miss,name=معطر دبدوب مني كرستال بلو اوروس; product_type=معطر دبدوب,approved,workbook category retained after rules miss,2026-08-02T07:33:46Z,ready,proposed_child,NO,NO,YES
ARD-3616,3616,معطر دبدوب مني كرستال اوبلنت كولد,Mini Crystal,,4000,معطر دبدوب,معطرات المنزل والمفارش والجو,medium,معطرات المنزل والمفارش والجو,home-linen-air,medium,workbook category retained after rules miss,name=معطر دبدوب مني كرستال اوبلنت كولد; product_type=معطر دبدوب,approved,workbook category retained after rules miss,2026-08-02T07:33:46Z,ready,proposed_child,NO,NO,YES
ARD-3617,3617,معطر دبدوب مني كرستال وايت مسك,Mini Crystal,,4000,معطر دبدوب,معطرات المنزل والمفارش والجو,medium,المسك والمخمريات والعطور الزيتية,musk-oils-mukhammaria,high,explicit musk/oil/mukhammaria,name=معطر دبدوب مني كرستال وايت مسك; product_type=معطر دبدوب,corrected,explicit musk/oil/mukhammaria,2026-08-02T07:33:46Z,ready,proposed_child,NO,YES,YES
ARD-3618,3618,معطر دبدوب مني كرستال بور هومي لاكسي,Mini Crystal,,4000,معطر دبدوب,معطرات المنزل والمفارش والجو,medium,معطرات المنزل والمفارش والجو,home-linen-air,medium,workbook category retained after rules miss,name=معطر دبدوب مني كرستال بور هومي لاكسي; product_type=معطر دبدوب,approved,workbook category retained after rules miss,2026-08-02T07:33:46Z,ready,proposed_child,NO,NO,YES
ARD-3619,3619,معطر دبدوب مني كرستال شالينه 24,Mini Crystal,,4000,معطر دبدوب,معطرات المنزل والمفارش والجو,medium,معطرات المنزل والمفارش والجو,home-linen-air,medium,workbook category retained after rules miss,name=معطر دبدوب مني كرستال شالينه 24; product_type=معطر دبدوب,approved,workbook category retained after rules miss,2026-08-02T07:33:46Z,ready,proposed_child,NO,NO,YES
ARD-3620,3620,معطر دبدوب مني كرستال سلفر كرستال,Mini Crystal,,4000,معطر دبدوب,معطرات المنزل والمفارش والجو,medium,معطرات المنزل والمفارش والجو,home-linen-air,medium,workbook category retained after rules miss,name=معطر دبدوب مني كرستال سلفر كرستال; product_type=معطر دبدوب,approved,workbook category retained after rules miss,2026-08-02T07:33:46Z,ready,proposed_child,NO,NO,YES
ARD-3621,3621,معطر دبدوب مني كرستال بولرينه,Mini Crystal,,4000,معطر دبدوب,معطرات المنزل والمفارش والجو,medium,معطرات المنزل والمفارش والجو,home-linen-air,medium,workbook category retained after rules miss,name=معطر دبدوب مني كرستال بولرينه; product_type=معطر دبدوب,approved,workbook category retained after rules miss,2026-08-02T07:33:46Z,ready,proposed_child,NO,NO,YES
ARD-3622,3622,معطر دبدوب مني كرستال سافيور,Mini Crystal,,5000,معطر دبدوب,معطرات المنزل والمفارش والجو,medium,معطرات المنزل والمفارش والجو,home-linen-air,medium,workbook category retained after rules miss,name=معطر دبدوب مني كرستال سافيور; product_type=معطر دبدوب,approved,workbook category retained after rules miss,2026-08-02T07:33:46Z,ready,proposed_child,NO,NO,YES
ARD-3623,3623,معطر دبدوب مني كرستال بلاك دايموند,Mini Crystal,,4000,معطر دبدوب,معطرات المنزل والمفارش والجو,medium,معطرات المنزل والمفارش والجو,home-linen-air,medium,workbook category retained after rules miss,name=معطر دبدوب مني كرستال بلاك دايموند; product_type=معطر دبدوب,approved,workbook category retained after rules miss,2026-08-02T07:33:46Z,ready,proposed_child,NO,NO,YES
ARD-3624,3624,معطر دبدوب مني كرستال ادفانجر,Mini Crystal,,4000,معطر دبدوب,معطرات المنزل والمفارش والجو,medium,معطرات المنزل والمفارش والجو,home-linen-air,medium,workbook category retained after rules miss,name=معطر دبدوب مني كرستال ادفانجر; product_type=معطر دبدوب,approved,workbook category retained after rules miss,2026-08-02T07:33:46Z,ready,proposed_child,NO,NO,YES
ARD-3657,3657,عطر كلانس 100 مل,Amalia,100 مل,18000,عطر,العطور,high,العطور,perfumes,high,standard perfume,name=عطر كلانس 100 مل; product_type=عطر,approved,standard perfume,2026-08-02T07:33:46Z,ready,proposed_child,NO,NO,NO
ARD-3664,3664,عطر راف دي نوت 100 مل,Amalia,100 مل,18000,عطر,العطور,high,العطور,perfumes,high,standard perfume,name=عطر راف دي نوت 100 مل; product_type=عطر,approved,standard perfume,2026-08-02T07:33:46Z,ready,proposed_child,NO,NO,NO
ARD-4316,4316,عطر دارك بيوني 100 مل,Ayka,100 مل,22000,عطر,العطور,high,العطور,perfumes,high,standard perfume,name=عطر دارك بيوني 100 مل; product_type=عطر,approved,standard perfume,2026-08-02T07:33:46Z,ready,proposed_child,NO,NO,NO
ARD-4317,4317,عطر امباير 80 مل,Ayka,80 مل,23000,عطر,العطور,high,العطور,perfumes,high,standard perfume,name=عطر امباير 80 مل; product_type=عطر,approved,standard perfume,2026-08-02T07:33:46Z,ready,proposed_child,NO,NO,NO
ARD-4318,4318,عطر امبريال روج 100 مل,Ayka,100 مل,22000,عطر,العطور,high,العطور,perfumes,high,standard perfume,name=عطر امبريال روج 100 مل; product_type=عطر,approved,standard perfume,2026-08-02T07:33:46Z,ready,proposed_child,NO,NO,NO
ARD-4319,4319,عطر لوف بوني 100 مل,Ayka,100 مل,22000,عطر,العطور,high,العطور,perfumes,high,standard perfume,name=عطر لوف بوني 100 مل; product_type=عطر,approved,standard perfume,2026-08-02T07:33:46Z,ready,proposed_child,NO,NO,NO
ARD-4320,4320,عطر بربل هارت 100 مل,Ayka,100 مل,22000,عطر,العطور,high,العطور,perfumes,high,standard perfume,name=عطر بربل هارت 100 مل; product_type=عطر,approved,standard perfume,2026-08-02T07:33:46Z,ready,proposed_child,NO,NO,NO
ARD-4321,4321,عطر كوينز سيكرت 100 مل,Ayka,100 مل,23000,عطر,العطور,high,العطور,perfumes,high,standard perfume,name=عطر كوينز سيكرت 100 مل; product_type=عطر,approved,standard perfume,2026-08-02T07:33:46Z,ready,proposed_child,NO,NO,NO
ARD-5020,5020,عطر جيري لوف 100 مل,مملكة الحب,100 مل,26000,عطر,العطور,high,العطور,perfumes,high,standard perfume,name=عطر جيري لوف 100 مل; product_type=عطر,approved,standard perfume,2026-08-02T07:33:46Z,ready,proposed_child,NO,NO,NO
ARD-5021,5021,عطر لوف ثيرابي 100 مل,مملكة الحب,100 مل,26000,عطر,العطور,high,العطور,perfumes,high,standard perfume,name=عطر لوف ثيرابي 100 مل; product_type=عطر,approved,standard perfume,2026-08-02T07:33:46Z,ready,proposed_child,NO,NO,NO
ARD-5022,5022,عطر لوف فانيلا 100 مل,مملكة الحب,100 مل,26000,عطر,العطور,high,العطور,perfumes,high,standard perfume,name=عطر لوف فانيلا 100 مل; product_type=عطر,approved,standard perfume,2026-08-02T07:33:46Z,ready,proposed_child,NO,NO,NO
ARD-5023,5023,عطر مينت لوف 100 مل,مملكة الحب,100 مل,26000,عطر,العطور,high,العطور,perfumes,high,standard perfume,name=عطر مينت لوف 100 مل; product_type=عطر,approved,standard perfume,2026-08-02T07:33:46Z,ready,proposed_child,NO,NO,NO
ARD-4875,4875,بودي مست يارا توس 250 مل,Lattafa,250 مل,9000,معطر جسم أو بودي مست,معطرات الجسم والبودي مست,high,معطرات الجسم والبودي مست,body-mist-splash,high,explicit body mist/splash,name=بودي مست يارا توس 250 مل; product_type=معطر جسم أو بودي مست,approved,explicit body mist/splash,2026-08-02T07:33:46Z,ready,proposed_child,NO,NO,NO
ARD-4876,4876,بودي مست ميار جيري انتنس 250 مل,Lattafa,250 مل,9000,معطر جسم أو بودي مست,معطرات الجسم والبودي مست,high,معطرات الجسم والبودي مست,body-mist-splash,high,explicit body mist/splash,name=بودي مست ميار جيري انتنس 250 مل; product_type=معطر جسم أو بودي مست,approved,explicit body mist/splash,2026-08-02T07:33:46Z,ready,proposed_child,NO,NO,NO
ARD-4879,4879,بودي مست اكلاير 250 مل,Lattafa,250 مل,9000,معطر جسم أو بودي مست,معطرات الجسم والبودي مست,high,معطرات الجسم والبودي مست,body-mist-splash,high,explicit body mist/splash,name=بودي مست اكلاير 250 مل; product_type=معطر جسم أو بودي مست,approved,explicit body mist/splash,2026-08-02T07:33:46Z,ready,proposed_child,NO,NO,NO
ARD-4880,4880,بودي مست هيا 250 مل,Lattafa,250 مل,9000,معطر جسم أو بودي مست,معطرات الجسم والبودي مست,high,معطرات الجسم والبودي مست,body-mist-splash,high,explicit body mist/splash,name=بودي مست هيا 250 مل; product_type=معطر جسم أو بودي مست,approved,explicit body mist/splash,2026-08-02T07:33:46Z,ready,proposed_child,NO,NO,NO
ARD-4882,4882,بودي مست ميار ناتورال انتنس 250 مل,Lattafa,250 مل,9000,معطر جسم أو بودي مست,معطرات الجسم والبودي مست,high,معطرات الجسم والبودي مست,body-mist-splash,high,explicit body mist/splash,name=بودي مست ميار ناتورال انتنس 250 مل; product_type=معطر جسم أو بودي مست,approved,explicit body mist/splash,2026-08-02T07:33:46Z,ready,proposed_child,NO,NO,NO
ARD-4883,4883,بودي مست بديع العود نوبل بلوش 250 مل,Lattafa,250 مل,9000,معطر جسم أو بودي مست,معطرات الجسم والبودي مست,high,معطرات الجسم والبودي مست,body-mist-splash,high,explicit body mist/splash,name=بودي مست بديع العود نوبل بلوش 250 مل; product_type=معطر جسم أو بودي مست,approved,explicit body mist/splash,2026-08-02T07:33:46Z,ready,proposed_child,NO,NO,NO
ARD-4884,4884,بودي مست فخر لطافة نساء 250 مل,Lattafa,250 مل,9000,معطر جسم أو بودي مست,معطرات الجسم والبودي مست,high,معطرات الجسم والبودي مست,body-mist-splash,high,explicit body mist/splash,name=بودي مست فخر لطافة نساء 250 مل; product_type=معطر جسم أو بودي مست,approved,explicit body mist/splash,2026-08-02T07:33:46Z,ready,proposed_child,NO,NO,NO
ARD-4885,4885,بودي مست سحر لطافة 250 مل,Lattafa,250 مل,9000,معطر جسم أو بودي مست,معطرات الجسم والبودي مست,high,معطرات الجسم والبودي مست,body-mist-splash,high,explicit body mist/splash,name=بودي مست سحر لطافة 250 مل; product_type=معطر جسم أو بودي مست,approved,explicit body mist/splash,2026-08-02T07:33:46Z,ready,proposed_child,NO,NO,NO
ARD-4886,4886,بودي مست ليان 250 مل,Lattafa,250 مل,9000,معطر جسم أو بودي مست,معطرات الجسم والبودي مست,high,معطرات الجسم والبودي مست,body-mist-splash,high,explicit body mist/splash,name=بودي مست ليان 250 مل; product_type=معطر جسم أو بودي مست,approved,explicit body mist/splash,2026-08-02T07:33:46Z,ready,proposed_child,NO,NO,NO
ARD-5049,5049,عطر هوس فور هم كوبرا 100 مل,Rasasi,100 مل,31000,عطر,العطور,high,العطور,perfumes,high,standard perfume,name=عطر هوس فور هم كوبرا 100 مل; product_type=عطر,approved,standard perfume,2026-08-02T07:33:46Z,ready,proposed_child,NO,NO,NO
ARD-2056,2056,مخمرية شهيرة,الدانة,,4000,مخمرية,المسك والمخمريات والعطور الزيتية,high,المسك والمخمريات والعطور الزيتية,musk-oils-mukhammaria,high,explicit musk/oil/mukhammaria,name=مخمرية شهيرة; product_type=مخمرية,approved,explicit musk/oil/mukhammaria,2026-08-02T07:33:46Z,ready,proposed_child,NO,NO,NO
ARD-2057,2057,مخمريه مهيوبة,الدانة,,4000,مخمرية,المسك والمخمريات والعطور الزيتية,high,المسك والمخمريات والعطور الزيتية,musk-oils-mukhammaria,high,explicit musk/oil/mukhammaria,name=مخمريه مهيوبة; product_type=مخمرية,approved,explicit musk/oil/mukhammaria,2026-08-02T07:33:46Z,ready,proposed_child,NO,NO,NO
ARD-2058,2058,مخمريه شيخة البنات,الدانة,,4000,مخمرية,المسك والمخمريات والعطور الزيتية,high,المسك والمخمريات والعطور الزيتية,musk-oils-mukhammaria,high,explicit musk/oil/mukhammaria,name=مخمريه شيخة البنات; product_type=مخمرية,approved,explicit musk/oil/mukhammaria,2026-08-02T07:33:46Z,ready,proposed_child,NO,NO,NO
ARD-2059,2059,مخمرية وناسة,الدانة,,4000,مخمرية,المسك والمخمريات والعطور الزيتية,high,المسك والمخمريات والعطور الزيتية,musk-oils-mukhammaria,high,explicit musk/oil/mukhammaria,name=مخمرية وناسة; product_type=مخمرية,approved,explicit musk/oil/mukhammaria,2026-08-02T07:33:46Z,ready,proposed_child,NO,NO,NO
ARD-2060,2060,مخمرية مزيونة,الدانة,,4000,مخمرية,المسك والمخمريات والعطور الزيتية,high,المسك والمخمريات والعطور الزيتية,musk-oils-mukhammaria,high,explicit musk/oil/mukhammaria,name=مخمرية مزيونة; product_type=مخمرية,approved,explicit musk/oil/mukhammaria,2026-08-02T07:33:46Z,ready,proposed_child,NO,NO,NO
ARD-2061,2061,مخمريه بنت الشيخ,الدانة,,4000,مخمرية,المسك والمخمريات والعطور الزيتية,high,المسك والمخمريات والعطور الزيتية,musk-oils-mukhammaria,high,explicit musk/oil/mukhammaria,name=مخمريه بنت الشيخ; product_type=مخمرية,approved,explicit musk/oil/mukhammaria,2026-08-02T07:33:46Z,ready,proposed_child,NO,NO,NO
ARD-2248,2248,بخور الخلطة الذهبية,دار المسك,,16000,بخور,البخور والمعمول,high,البخور والمعمول,incense-maamoul,high,explicit incense,name=بخور الخلطة الذهبية; product_type=بخور,approved,explicit incense,2026-08-02T07:33:46Z,ready,proposed_child,NO,NO,NO
ARD-2249,2249,بخور الخلطة الفضية,دار المسك,,16000,بخور,البخور والمعمول,high,البخور والمعمول,incense-maamoul,high,explicit incense,name=بخور الخلطة الفضية; product_type=بخور,approved,explicit incense,2026-08-02T07:33:46Z,ready,proposed_child,NO,NO,NO
ARD-2250,2250,بخور وجاهة,دار المسك,,8000,بخور,البخور والمعمول,high,البخور والمعمول,incense-maamoul,high,explicit incense,name=بخور وجاهة; product_type=بخور,approved,explicit incense,2026-08-02T07:33:46Z,ready,proposed_child,NO,NO,NO
ARD-2254,2254,بخور هوامير,دار المسك,,16000,بخور,البخور والمعمول,high,البخور والمعمول,incense-maamoul,high,explicit incense,name=بخور هوامير; product_type=بخور,approved,explicit incense,2026-08-02T07:33:46Z,ready,proposed_child,NO,NO,NO
ARD-2258,2258,بخور مبسوس المقام,دار المسك,,6000,بخور,البخور والمعمول,high,البخور والمعمول,incense-maamoul,high,explicit incense,name=بخور مبسوس المقام; product_type=بخور,approved,explicit incense,2026-08-02T07:33:46Z,ready,proposed_child,NO,NO,NO
ARD-2259,2259,بخور مبسوس الوافي,دار المسك,,6000,بخور,البخور والمعمول,high,البخور والمعمول,incense-maamoul,high,explicit incense,name=بخور مبسوس الوافي; product_type=بخور,approved,explicit incense,2026-08-02T07:33:46Z,ready,proposed_child,NO,NO,NO
ARD-2261,2261,بخور مبسوس عود الذهب,دار المسك,,6000,بخور,البخور والمعمول,high,البخور والمعمول,incense-maamoul,high,explicit incense,name=بخور مبسوس عود الذهب; product_type=بخور,approved,explicit incense,2026-08-02T07:33:46Z,ready,proposed_child,NO,NO,NO
ARD-2271,2271,مثبت بخور مركز,دار المسك,,3000,بخور,البخور والمعمول,high,البخور والمعمول,incense-maamoul,high,explicit incense,name=مثبت بخور مركز; product_type=بخور,approved,explicit incense,2026-08-02T07:33:46Z,ready,proposed_child,NO,NO,NO
ARD-2456,2456,بخور خلطة اسبانية,دار المسك,,5000,بخور,البخور والمعمول,high,البخور والمعمول,incense-maamoul,high,explicit incense,name=بخور خلطة اسبانية; product_type=بخور,approved,explicit incense,2026-08-02T07:33:46Z,ready,proposed_child,NO,NO,NO
ARD-2459,2459,بخور خلطة فرنسية,دار المسك,,5000,بخور,البخور والمعمول,high,البخور والمعمول,incense-maamoul,high,explicit incense,name=بخور خلطة فرنسية; product_type=بخور,approved,explicit incense,2026-08-02T07:33:46Z,ready,proposed_child,NO,NO,NO
ARD-2461,2461,بخور خلطة صلالة,دار المسك,,5000,بخور,البخور والمعمول,high,البخور والمعمول,incense-maamoul,high,explicit incense,name=بخور خلطة صلالة; product_type=بخور,approved,explicit incense,2026-08-02T07:33:46Z,ready,proposed_child,NO,NO,NO
ARD-3229,3229,تعطيرة كويتية فاخرة,دار المسك,,7000,بخور,البخور والمعمول,high,البخور والمعمول,incense-maamoul,high,explicit incense,name=تعطيرة كويتية فاخرة; product_type=بخور,approved,explicit incense,2026-08-02T07:33:46Z,ready,proposed_child,NO,NO,NO
ARD-3389,3389,بخور مريم,دار المسك,,16000,بخور,البخور والمعمول,high,البخور والمعمول,incense-maamoul,high,explicit incense,name=بخور مريم; product_type=بخور,approved,explicit incense,2026-08-02T07:33:46Z,ready,proposed_child,NO,NO,NO
ARD-3413,3413,بخور فخامة العود,دار المسك,,16000,بخور,البخور والمعمول,high,البخور والمعمول,incense-maamoul,high,explicit incense,name=بخور فخامة العود; product_type=بخور,approved,explicit incense,2026-08-02T07:33:46Z,ready,proposed_child,NO,NO,NO
ARD-3414,3414,بخور العود مع العطر برتقالي,دار المسك,,4000,بخور,البخور والمعمول,high,البخور والمعمول,incense-maamoul,high,explicit incense,name=بخور العود مع العطر برتقالي; product_type=بخور,approved,explicit incense,2026-08-02T07:33:46Z,ready,proposed_child,NO,NO,NO
ARD-3416,3416,بخور عود وردي,دار المسك,,4000,بخور,البخور والمعمول,high,البخور والمعمول,incense-maamoul,high,explicit incense,name=بخور عود وردي; product_type=بخور,approved,explicit incense,2026-08-02T07:33:46Z,ready,proposed_child,NO,NO,NO
ARD-4404,4404,تعطيرة خاصة قمر,دار المسك,,6000,بخور,البخور والمعمول,high,البخور والمعمول,incense-maamoul,high,explicit incense,name=تعطيرة خاصة قمر; product_type=بخور,approved,explicit incense,2026-08-02T07:33:46Z,ready,proposed_child,NO,NO,NO
ARD-4405,4405,تعطيرة خاصة قصة,دار المسك,,6000,بخور,البخور والمعمول,high,البخور والمعمول,incense-maamoul,high,explicit incense,name=تعطيرة خاصة قصة; product_type=بخور,approved,explicit incense,2026-08-02T07:33:46Z,ready,proposed_child,NO,NO,NO
ARD-2266,2266,منظف دبدوب ايليت,دار المسك,,6000,معطر دبدوب,معطرات المنزل والمفارش والجو,medium,معطرات المنزل والمفارش والجو,home-linen-air,medium,workbook category retained after rules miss,name=منظف دبدوب ايليت; product_type=معطر دبدوب,approved,workbook category retained after rules miss,2026-08-02T07:33:46Z,ready,proposed_child,NO,NO,YES
ARD-2267,2267,منظف دبدوب ارجوان,دار المسك,,6000,معطر دبدوب,معطرات المنزل والمفارش والجو,medium,معطرات المنزل والمفارش والجو,home-linen-air,medium,workbook category retained after rules miss,name=منظف دبدوب ارجوان; product_type=معطر دبدوب,approved,workbook category retained after rules miss,2026-08-02T07:33:46Z,ready,proposed_child,NO,NO,YES
ARD-2268,2268,منظف دبدوب لمار,دار المسك,,6000,معطر دبدوب,معطرات المنزل والمفارش والجو,medium,معطرات المنزل والمفارش والجو,home-linen-air,medium,workbook category retained after rules miss,name=منظف دبدوب لمار; product_type=معطر دبدوب,approved,workbook category retained after rules miss,2026-08-02T07:33:46Z,ready,proposed_child,NO,NO,YES
ARD-2270,2270,منظف دبدوب انجل,دار المسك,,6000,معطر دبدوب,معطرات المنزل والمفارش والجو,medium,معطرات المنزل والمفارش والجو,home-linen-air,medium,workbook category retained after rules miss,name=منظف دبدوب انجل; product_type=معطر دبدوب,approved,workbook category retained after rules miss,2026-08-02T07:33:46Z,ready,proposed_child,NO,NO,YES
ARD-2273,2273,مخمرية ضغط غزل,دار المسك,,4000,مخمرية,المسك والمخمريات والعطور الزيتية,high,المسك والمخمريات والعطور الزيتية,musk-oils-mukhammaria,high,explicit musk/oil/mukhammaria,name=مخمرية ضغط غزل; product_type=مخمرية,approved,explicit musk/oil/mukhammaria,2026-08-02T07:33:46Z,ready,proposed_child,NO,NO,NO
ARD-2274,2274,مخمرية ضغط عروسة,دار المسك,,4000,مخمرية,المسك والمخمريات والعطور الزيتية,high,المسك والمخمريات والعطور الزيتية,musk-oils-mukhammaria,high,explicit musk/oil/mukhammaria,name=مخمرية ضغط عروسة; product_type=مخمرية,approved,explicit musk/oil/mukhammaria,2026-08-02T07:33:46Z,ready,proposed_child,NO,NO,NO
ARD-2275,2275,مخمرية ضغط عشق,دار المسك,,4000,مخمرية,المسك والمخمريات والعطور الزيتية,high,المسك والمخمريات والعطور الزيتية,musk-oils-mukhammaria,high,explicit musk/oil/mukhammaria,name=مخمرية ضغط عشق; product_type=مخمرية,approved,explicit musk/oil/mukhammaria,2026-08-02T07:33:46Z,ready,proposed_child,NO,NO,NO
ARD-2276,2276,مخمرية ضغط مثيرة,دار المسك,,4000,مخمرية,المسك والمخمريات والعطور الزيتية,high,المسك والمخمريات والعطور الزيتية,musk-oils-mukhammaria,high,explicit musk/oil/mukhammaria,name=مخمرية ضغط مثيرة; product_type=مخمرية,approved,explicit musk/oil/mukhammaria,2026-08-02T07:33:46Z,ready,proposed_child,NO,NO,NO
ARD-2277,2277,مخمرية ضغط لمسة حرير,دار المسك,,5000,مخمرية,المسك والمخمريات والعطور الزيتية,high,المسك والمخمريات والعطور الزيتية,musk-oils-mukhammaria,high,explicit musk/oil/mukhammaria,name=مخمرية ضغط لمسة حرير; product_type=مخمرية,approved,explicit musk/oil/mukhammaria,2026-08-02T07:33:46Z,ready,proposed_child,NO,NO,NO
ARD-2278,2278,مخمرية ضغط مسك ابيض,دار المسك,,5000,مخمرية,المسك والمخمريات والعطور الزيتية,high,المسك والمخمريات والعطور الزيتية,musk-oils-mukhammaria,high,explicit musk/oil/mukhammaria,name=مخمرية ضغط مسك ابيض; product_type=مخمرية,approved,explicit musk/oil/mukhammaria,2026-08-02T07:33:46Z,ready,proposed_child,NO,NO,NO
ARD-2286,2286,عطر معدني ذهبي 1560,دار المسك,,13000,عطر,العطور,high,العطور,perfumes,high,standard perfume,name=عطر معدني ذهبي 1560; product_type=عطر,approved,standard perfume,2026-08-02T07:33:46Z,ready,proposed_child,NO,NO,NO
ARD-2287,2287,عطر معدني فضي 1916,دار المسك,,13000,عطر,العطور,high,العطور,perfumes,high,standard perfume,name=عطر معدني فضي 1916; product_type=عطر,approved,standard perfume,2026-08-02T07:33:46Z,ready,proposed_child,NO,NO,NO
ARD-2288,2288,عطر معدني وردي 1814,دار المسك,,13000,عطر,العطور,high,العطور,perfumes,high,standard perfume,name=عطر معدني وردي 1814; product_type=عطر,approved,standard perfume,2026-08-02T07:33:46Z,ready,proposed_child,NO,NO,NO
ARD-2289,2289,عطر معدني ازرق 1772,دار المسك,,13000,عطر,العطور,high,العطور,perfumes,high,standard perfume,name=عطر معدني ازرق 1772; product_type=عطر,approved,standard perfume,2026-08-02T07:33:46Z,ready,proposed_child,NO,NO,NO
ARD-2290,2290,عطر معدني احمر 1624,دار المسك,,13000,عطر,العطور,high,العطور,perfumes,high,standard perfume,name=عطر معدني احمر 1624; product_type=عطر,approved,standard perfume,2026-08-02T07:33:46Z,ready,proposed_child,NO,NO,NO
ARD-2293,2293,عطر فواح باريس,دار المسك,,6000,عطر فواح أو رشوش,معطرات المنزل والمفارش والجو,medium,العطور,perfumes,high,standard perfume,name=عطر فواح باريس; product_type=عطر فواح أو رشوش,corrected,standard perfume,2026-08-02T07:33:46Z,ready,proposed_child,NO,YES,YES
ARD-2296,2296,عطر فواح فينيسا,دار المسك,,5000,عطر فواح أو رشوش,معطرات المنزل والمفارش والجو,medium,العطور,perfumes,high,standard perfume,name=عطر فواح فينيسا; product_type=عطر فواح أو رشوش,corrected,standard perfume,2026-08-02T07:33:46Z,ready,proposed_child,NO,YES,YES
ARD-2297,2297,عطر فواح باتشولي,دار المسك,,5000,عطر فواح أو رشوش,معطرات المنزل والمفارش والجو,medium,العطور,perfumes,high,standard perfume,name=عطر فواح باتشولي; product_type=عطر فواح أو رشوش,corrected,standard perfume,2026-08-02T07:33:46Z,ready,proposed_child,NO,YES,YES
ARD-2298,2298,عطر فواح ياسمين,دار المسك,,5000,عطر فواح أو رشوش,معطرات المنزل والمفارش والجو,medium,العطور,perfumes,high,standard perfume,name=عطر فواح ياسمين; product_type=عطر فواح أو رشوش,corrected,standard perfume,2026-08-02T07:33:46Z,ready,proposed_child,NO,YES,YES
ARD-2299,2299,عطر فواح ليمون,دار المسك,,6000,عطر فواح أو رشوش,معطرات المنزل والمفارش والجو,medium,العطور,perfumes,high,standard perfume,name=عطر فواح ليمون; product_type=عطر فواح أو رشوش,corrected,standard perfume,2026-08-02T07:33:46Z,ready,proposed_child,NO,YES,YES
ARD-2300,2300,عطر فواح لندن,دار المسك,,5000,عطر فواح أو رشوش,معطرات المنزل والمفارش والجو,medium,العطور,perfumes,high,standard perfume,name=عطر فواح لندن; product_type=عطر فواح أو رشوش,corrected,standard perfume,2026-08-02T07:33:46Z,ready,proposed_child,NO,YES,YES
ARD-2301,2301,عطر فواح نيويورك,دار المسك,,5000,عطر فواح أو رشوش,معطرات المنزل والمفارش والجو,medium,العطور,perfumes,high,standard perfume,name=عطر فواح نيويورك; product_type=عطر فواح أو رشوش,corrected,standard perfume,2026-08-02T07:33:46Z,ready,proposed_child,NO,YES,YES
ARD-2302,2302,عطر فواح روز,دار المسك,,6000,عطر فواح أو رشوش,معطرات المنزل والمفارش والجو,medium,العطور,perfumes,high,standard perfume,name=عطر فواح روز; product_type=عطر فواح أو رشوش,corrected,standard perfume,2026-08-02T07:33:46Z,ready,proposed_child,NO,YES,YES
ARD-2304,2304,عطر فواح كام سنت,دار المسك,,7000,عطر فواح أو رشوش,معطرات المنزل والمفارش والجو,medium,العطور,perfumes,high,standard perfume,name=عطر فواح كام سنت; product_type=عطر فواح أو رشوش,corrected,standard perfume,2026-08-02T07:33:46Z,ready,proposed_child,NO,YES,YES
ARD-2307,2307,عطر فواح لافندر,دار المسك,,6000,عطر فواح أو رشوش,معطرات المنزل والمفارش والجو,medium,العطور,perfumes,high,standard perfume,name=عطر فواح لافندر; product_type=عطر فواح أو رشوش,corrected,standard perfume,2026-08-02T07:33:46Z,ready,proposed_child,NO,YES,YES
ARD-2356,2356,عطر فواح كوفي لايت,دار المسك,,5000,عطر فواح أو رشوش,معطرات المنزل والمفارش والجو,medium,العطور,perfumes,high,standard perfume,name=عطر فواح كوفي لايت; product_type=عطر فواح أو رشوش,corrected,standard perfume,2026-08-02T07:33:46Z,ready,proposed_child,NO,YES,YES
ARD-4766,4766,عطر فواح باربي,دار المسك,,6000,عطر فواح أو رشوش,معطرات المنزل والمفارش والجو,medium,العطور,perfumes,high,standard perfume,name=عطر فواح باربي; product_type=عطر فواح أو رشوش,corrected,standard perfume,2026-08-02T07:33:46Z,ready,proposed_child,NO,YES,YES
ARD-2454,2454,عطر شعر خلطتي ابيض 50 مل,دار المسك,50 مل,10000,عطر شعر,العناية بالشعر وعطور الشعر,high,العناية بالشعر وعطور الشعر,hair-care-fragrance,high,explicit hair fragrance,name=عطر شعر خلطتي ابيض 50 مل; product_type=عطر شعر,approved,explicit hair fragrance,2026-08-02T07:33:46Z,ready,proposed_child,NO,NO,NO
ARD-2455,2455,عطر شعر خلطتي اسود 50 مل,دار المسك,50 مل,10000,عطر شعر,العناية بالشعر وعطور الشعر,high,العناية بالشعر وعطور الشعر,hair-care-fragrance,high,explicit hair fragrance,name=عطر شعر خلطتي اسود 50 مل; product_type=عطر شعر,approved,explicit hair fragrance,2026-08-02T07:33:46Z,ready,proposed_child,NO,NO,NO
ARD-3147,3147,عطر شعر بلاك روز,دار المسك,,9000,عطر شعر,العناية بالشعر وعطور الشعر,high,العناية بالشعر وعطور الشعر,hair-care-fragrance,high,explicit hair fragrance,name=عطر شعر بلاك روز; product_type=عطر شعر,approved,explicit hair fragrance,2026-08-02T07:33:46Z,ready,proposed_child,NO,NO,NO
ARD-2463,2463,عطر شيلة وعباية بنت الخليج 50 مل,دار المسك,50 مل,4000,عطر,العطور,high,العطور,perfumes,high,standard perfume,name=عطر شيلة وعباية بنت الخليج 50 مل; product_type=عطر,approved,standard perfume,2026-08-02T07:33:46Z,ready,proposed_child,NO,NO,NO
ARD-2464,2464,عطر شيلة وعباية شهد 50 مل,دار المسك,50 مل,4000,عطر,العطور,high,العطور,perfumes,high,standard perfume,name=عطر شيلة وعباية شهد 50 مل; product_type=عطر,approved,standard perfume,2026-08-02T07:33:46Z,ready,proposed_child,NO,NO,NO
ARD-2465,2465,عطر شيلة وعباية غالية 50 مل,دار المسك,50 مل,4000,عطر,العطور,high,العطور,perfumes,high,standard perfume,name=عطر شيلة وعباية غالية 50 مل; product_type=عطر,approved,standard perfume,2026-08-02T07:33:46Z,ready,proposed_child,NO,NO,NO
ARD-2466,2466,عطر شيلة وعباية فاطمة 50 مل,دار المسك,50 مل,4000,عطر,العطور,high,العطور,perfumes,high,standard perfume,name=عطر شيلة وعباية فاطمة 50 مل; product_type=عطر,approved,standard perfume,2026-08-02T07:33:46Z,ready,proposed_child,NO,NO,NO
ARD-3878,3878,عطر شيلة وعباية خلطة سعودية 50 مل,دار المسك,50 مل,4000,عطر,العطور,high,العطور,perfumes,high,standard perfume,name=عطر شيلة وعباية خلطة سعودية 50 مل; product_type=عطر,approved,standard perfume,2026-08-02T07:33:46Z,ready,proposed_child,NO,NO,NO
ARD-1944,1944,مسك طهارة مخملي / الدانة,دار المسك,,9000,مسك أو عطر زيتي,المسك والمخمريات والعطور الزيتية,high,المسك والمخمريات والعطور الزيتية,musk-oils-mukhammaria,high,explicit musk/oil/mukhammaria,name=مسك طهارة مخملي / الدانة; product_type=مسك أو عطر زيتي,approved,explicit musk/oil/mukhammaria,2026-08-02T07:33:46Z,ready,proposed_child,NO,NO,NO
ARD-3228,3228,مجموعة مسك الدانة رمان فانيلا بودر بلو بيري,دار المسك,,4000,مسك أو عطر زيتي,المسك والمخمريات والعطور الزيتية,high,المسك والمخمريات والعطور الزيتية,musk-oils-mukhammaria,high,explicit musk/oil/mukhammaria,name=مجموعة مسك الدانة رمان فانيلا بودر بلو بيري; product_type=مسك أو عطر زيتي,approved,explicit musk/oil/mukhammaria,2026-08-02T07:33:46Z,ready,proposed_child,NO,NO,YES
ARD-3751,3751,مسك طهارة خام مهرة,دار المسك,,9000,مسك أو عطر زيتي,المسك والمخمريات والعطور الزيتية,high,المسك والمخمريات والعطور الزيتية,musk-oils-mukhammaria,high,explicit musk/oil/mukhammaria,name=مسك طهارة خام مهرة; product_type=مسك أو عطر زيتي,approved,explicit musk/oil/mukhammaria,2026-08-02T07:33:46Z,ready,proposed_child,NO,NO,NO
ARD-3752,3752,مسك طهارة خام مثيرة,دار المسك,,9000,مسك أو عطر زيتي,المسك والمخمريات والعطور الزيتية,high,المسك والمخمريات والعطور الزيتية,musk-oils-mukhammaria,high,explicit musk/oil/mukhammaria,name=مسك طهارة خام مثيرة; product_type=مسك أو عطر زيتي,approved,explicit musk/oil/mukhammaria,2026-08-02T07:33:46Z,ready,proposed_child,NO,NO,NO
ARD-3753,3753,مسك طهارة خام لمسة حب,دار المسك,,9000,مسك أو عطر زيتي,المسك والمخمريات والعطور الزيتية,high,المسك والمخمريات والعطور الزيتية,musk-oils-mukhammaria,high,explicit musk/oil/mukhammaria,name=مسك طهارة خام لمسة حب; product_type=مسك أو عطر زيتي,approved,explicit musk/oil/mukhammaria,2026-08-02T07:33:46Z,ready,proposed_child,NO,NO,NO
ARD-3754,3754,مسك طهارة خام ساندي,دار المسك,,9000,مسك أو عطر زيتي,المسك والمخمريات والعطور الزيتية,high,المسك والمخمريات والعطور الزيتية,musk-oils-mukhammaria,high,explicit musk/oil/mukhammaria,name=مسك طهارة خام ساندي; product_type=مسك أو عطر زيتي,approved,explicit musk/oil/mukhammaria,2026-08-02T07:33:46Z,ready,proposed_child,NO,NO,NO
ARD-2948,2948,معطر جو رويال بوكت,دار المسك,,7000,معطر منزل وجو,معطرات المنزل والمفارش والجو,high,معطرات المنزل والمفارش والجو,home-linen-air,high,explicit home fragrance,name=معطر جو رويال بوكت; product_type=معطر منزل وجو,approved,explicit home fragrance,2026-08-02T07:33:46Z,ready,proposed_child,NO,NO,NO
ARD-2949,2949,معطر غرفة روز بينك,دار المسك,,4000,معطر منزل وجو,معطرات المنزل والمفارش والجو,high,معطرات المنزل والمفارش والجو,home-linen-air,high,explicit home fragrance,name=معطر غرفة روز بينك; product_type=معطر منزل وجو,approved,explicit home fragrance,2026-08-02T07:33:46Z,ready,proposed_child,NO,NO,NO
ARD-2950,2950,معطر غرفة روز كولد,دار المسك,,4000,معطر منزل وجو,معطرات المنزل والمفارش والجو,high,معطرات المنزل والمفارش والجو,home-linen-air,high,explicit home fragrance,name=معطر غرفة روز كولد; product_type=معطر منزل وجو,approved,explicit home fragrance,2026-08-02T07:33:46Z,ready,proposed_child,NO,NO,NO
ARD-2952,2952,معطر غرفة وايت مسك,دار المسك,,4000,معطر منزل وجو,معطرات المنزل والمفارش والجو,high,معطرات المنزل والمفارش والجو,home-linen-air,high,explicit home fragrance,name=معطر غرفة وايت مسك; product_type=معطر منزل وجو,approved,explicit home fragrance,2026-08-02T07:33:46Z,ready,proposed_child,NO,NO,YES
ARD-3306,3306,بخور اماني اخضر,Boutique,,4000,بخور,البخور والمعمول,high,البخور والمعمول,incense-maamoul,high,explicit incense,name=بخور اماني اخضر; product_type=بخور,approved,explicit incense,2026-08-02T07:33:46Z,ready,proposed_child,NO,NO,NO
ARD-3310,3310,بخور العميد,Boutique,,4000,بخور,البخور والمعمول,high,البخور والمعمول,incense-maamoul,high,explicit incense,name=بخور العميد; product_type=بخور,approved,explicit incense,2026-08-02T07:33:46Z,ready,proposed_child,NO,NO,NO
ARD-3313,3313,بخور ثراء دبي,Boutique,,4000,بخور,البخور والمعمول,high,البخور والمعمول,incense-maamoul,high,explicit incense,name=بخور ثراء دبي; product_type=بخور,approved,explicit incense,2026-08-02T07:33:46Z,ready,proposed_child,NO,NO,NO
ARD-3315,3315,بخور معمول كويتي,Boutique,,4000,معمول,البخور والمعمول,high,البخور والمعمول,incense-maamoul,high,explicit incense,name=بخور معمول كويتي; product_type=معمول,approved,explicit incense,2026-08-02T07:33:46Z,ready,proposed_child,NO,NO,NO
ARD-3316,3316,بخور معمول عماني,Boutique,,4000,معمول,البخور والمعمول,high,البخور والمعمول,incense-maamoul,high,explicit incense,name=بخور معمول عماني; product_type=معمول,approved,explicit incense,2026-08-02T07:33:46Z,ready,proposed_child,NO,NO,NO
ARD-3409,3409,رشوش دانتيل,دار المسك,,5000,عطر فواح أو رشوش,معطرات المنزل والمفارش والجو,medium,العطور,perfumes,high,standard perfume,name=رشوش دانتيل; product_type=عطر فواح أو رشوش,corrected,standard perfume,2026-08-02T07:33:46Z,ready,proposed_child,NO,YES,YES
ARD-3411,3411,رشوش فالانتينو,دار المسك,,5000,عطر فواح أو رشوش,معطرات المنزل والمفارش والجو,medium,العطور,perfumes,high,standard perfume,name=رشوش فالانتينو; product_type=عطر فواح أو رشوش,corrected,standard perfume,2026-08-02T07:33:46Z,ready,proposed_child,NO,YES,YES
ARD-3412,3412,رشوش مخلط عرائس,دار المسك,,5000,عطر فواح أو رشوش,معطرات المنزل والمفارش والجو,medium,العطور,perfumes,high,standard perfume,name=رشوش مخلط عرائس; product_type=عطر فواح أو رشوش,corrected,standard perfume,2026-08-02T07:33:46Z,ready,proposed_child,NO,YES,YES
ARD-4407,4407,رشوش قصر الاميرات,دار المسك,,5000,عطر فواح أو رشوش,معطرات المنزل والمفارش والجو,medium,العطور,perfumes,high,standard perfume,name=رشوش قصر الاميرات; product_type=عطر فواح أو رشوش,corrected,standard perfume,2026-08-02T07:33:46Z,ready,proposed_child,NO,YES,YES
ARD-4408,4408,رشوش مخلط العود,دار المسك,,5000,عطر فواح أو رشوش,معطرات المنزل والمفارش والجو,medium,العطور,perfumes,high,standard perfume,name=رشوش مخلط العود; product_type=عطر فواح أو رشوش,corrected,standard perfume,2026-08-02T07:33:46Z,ready,proposed_child,NO,YES,YES
ARD-3474,3474,معطر مفارش رويال اوركيد,غير محدد,,6000,معطر مفارش,معطرات المنزل والمفارش والجو,high,معطرات المنزل والمفارش والجو,home-linen-air,high,explicit home fragrance,name=معطر مفارش رويال اوركيد; product_type=معطر مفارش,approved,explicit home fragrance,2026-08-02T07:33:46Z,merchant_confirmation,proposed_child,NO,NO,YES
ARD-3475,3475,معطر مفارش رويال بنفسج,غير محدد,,6000,معطر مفارش,معطرات المنزل والمفارش والجو,high,معطرات المنزل والمفارش والجو,home-linen-air,high,explicit home fragrance,name=معطر مفارش رويال بنفسج; product_type=معطر مفارش,approved,explicit home fragrance,2026-08-02T07:33:46Z,merchant_confirmation,proposed_child,NO,NO,YES
ARD-3477,3477,معطر مفارش رويال قطرات,غير محدد,,6000,معطر مفارش,معطرات المنزل والمفارش والجو,high,معطرات المنزل والمفارش والجو,home-linen-air,high,explicit home fragrance,name=معطر مفارش رويال قطرات; product_type=معطر مفارش,approved,explicit home fragrance,2026-08-02T07:33:46Z,merchant_confirmation,proposed_child,NO,NO,YES
ARD-4416,4416,معطر مفارش الدانة / هيمالاياس,الدانة,,5000,معطر مفارش,معطرات المنزل والمفارش والجو,high,معطرات المنزل والمفارش والجو,home-linen-air,high,explicit home fragrance,name=معطر مفارش الدانة / هيمالاياس; product_type=معطر مفارش,approved,explicit home fragrance,2026-08-02T07:33:46Z,ready,proposed_child,NO,NO,NO
ARD-3222,3222,مخمرية وهم,أرض الخليج,,4000,مخمرية,المسك والمخمريات والعطور الزيتية,high,المسك والمخمريات والعطور الزيتية,musk-oils-mukhammaria,high,explicit musk/oil/mukhammaria,name=مخمرية وهم; product_type=مخمرية,approved,explicit musk/oil/mukhammaria,2026-08-02T07:33:46Z,ready,proposed_child,NO,NO,NO
ARD-3224,3224,مخمرية شهلة,أرض الخليج,,4000,مخمرية,المسك والمخمريات والعطور الزيتية,high,المسك والمخمريات والعطور الزيتية,musk-oils-mukhammaria,high,explicit musk/oil/mukhammaria,name=مخمرية شهلة; product_type=مخمرية,approved,explicit musk/oil/mukhammaria,2026-08-02T07:33:46Z,ready,proposed_child,NO,NO,NO
ARD-3226,3226,مخمرية لك حبيبتي,أرض الخليج,,4000,مخمرية,المسك والمخمريات والعطور الزيتية,high,المسك والمخمريات والعطور الزيتية,musk-oils-mukhammaria,high,explicit musk/oil/mukhammaria,name=مخمرية لك حبيبتي; product_type=مخمرية,approved,explicit musk/oil/mukhammaria,2026-08-02T07:33:46Z,ready,proposed_child,NO,NO,NO
ARD-3227,3227,مخمرية ثريا,أرض الخليج,,4000,مخمرية,المسك والمخمريات والعطور الزيتية,high,المسك والمخمريات والعطور الزيتية,musk-oils-mukhammaria,high,explicit musk/oil/mukhammaria,name=مخمرية ثريا; product_type=مخمرية,approved,explicit musk/oil/mukhammaria,2026-08-02T07:33:46Z,ready,proposed_child,NO,NO,NO
ARD-3558,3558,مخمريه مكياج,أرض الخليج,,5000,بودرة أو منتج تجميل,البودرة ومنتجات التجميل,high,المسك والمخمريات والعطور الزيتية,musk-oils-mukhammaria,high,explicit musk/oil/mukhammaria,name=مخمريه مكياج; product_type=بودرة أو منتج تجميل,corrected,explicit musk/oil/mukhammaria,2026-08-02T07:33:46Z,ready,proposed_child,NO,YES,NO
ARD-3559,3559,مخمريه غلاها زايد,أرض الخليج,,5000,مخمرية,المسك والمخمريات والعطور الزيتية,high,المسك والمخمريات والعطور الزيتية,musk-oils-mukhammaria,high,explicit musk/oil/mukhammaria,name=مخمريه غلاها زايد; product_type=مخمرية,approved,explicit musk/oil/mukhammaria,2026-08-02T07:33:46Z,ready,proposed_child,NO,NO,NO
ARD-3560,3560,مخمرية العروسة,أرض الخليج,,5000,مخمرية,المسك والمخمريات والعطور الزيتية,high,المسك والمخمريات والعطور الزيتية,musk-oils-mukhammaria,high,explicit musk/oil/mukhammaria,name=مخمرية العروسة; product_type=مخمرية,approved,explicit musk/oil/mukhammaria,2026-08-02T07:33:46Z,ready,proposed_child,NO,NO,NO
ARD-3567,3567,مخمريه شهره نسائي,أرض الخليج,,5000,مخمرية,المسك والمخمريات والعطور الزيتية,high,المسك والمخمريات والعطور الزيتية,musk-oils-mukhammaria,high,explicit musk/oil/mukhammaria,name=مخمريه شهره نسائي; product_type=مخمرية,approved,explicit musk/oil/mukhammaria,2026-08-02T07:33:46Z,ready,proposed_child,NO,NO,NO
ARD-3568,3568,مخمرية فاطمة,أرض الخليج,,5000,مخمرية,المسك والمخمريات والعطور الزيتية,high,المسك والمخمريات والعطور الزيتية,musk-oils-mukhammaria,high,explicit musk/oil/mukhammaria,name=مخمرية فاطمة; product_type=مخمرية,approved,explicit musk/oil/mukhammaria,2026-08-02T07:33:46Z,ready,proposed_child,NO,NO,NO
ARD-3569,3569,مخمرية للصبايا,أرض الخليج,,5000,مخمرية,المسك والمخمريات والعطور الزيتية,high,المسك والمخمريات والعطور الزيتية,musk-oils-mukhammaria,high,explicit musk/oil/mukhammaria,name=مخمرية للصبايا; product_type=مخمرية,approved,explicit musk/oil/mukhammaria,2026-08-02T07:33:46Z,ready,proposed_child,NO,NO,NO
ARD-3600,3600,مخمريه الانوثة ابيض,أرض الخليج,,5000,مخمرية,المسك والمخمريات والعطور الزيتية,high,المسك والمخمريات والعطور الزيتية,musk-oils-mukhammaria,high,explicit musk/oil/mukhammaria,name=مخمريه الانوثة ابيض; product_type=مخمرية,approved,explicit musk/oil/mukhammaria,2026-08-02T07:33:46Z,ready,proposed_child,NO,NO,NO
ARD-3661,3661,سبلاش تشيز كيك / 250 مل,دار المسك,250 مل,4000,معطر جسم أو بودي مست,معطرات الجسم والبودي مست,high,معطرات الجسم والبودي مست,body-mist-splash,high,explicit body mist/splash,name=سبلاش تشيز كيك / 250 مل; product_type=معطر جسم أو بودي مست,approved,explicit body mist/splash,2026-08-02T07:33:46Z,ready,proposed_child,NO,NO,NO
ARD-3872,3872,معطر منزل الانيقة 200 مل,دار المسك,200 مل,4000,معطر منزل وجو,معطرات المنزل والمفارش والجو,high,معطرات المنزل والمفارش والجو,home-linen-air,high,explicit home fragrance,name=معطر منزل الانيقة 200 مل; product_type=معطر منزل وجو,approved,explicit home fragrance,2026-08-02T07:33:46Z,ready,proposed_child,NO,NO,NO
ARD-3874,3874,معطر منزل برايفت 200 مل,دار المسك,200 مل,4000,معطر منزل وجو,معطرات المنزل والمفارش والجو,high,معطرات المنزل والمفارش والجو,home-linen-air,high,explicit home fragrance,name=معطر منزل برايفت 200 مل; product_type=معطر منزل وجو,approved,explicit home fragrance,2026-08-02T07:33:46Z,ready,proposed_child,NO,NO,NO
ARD-3877,3877,معطر منزل مهيوبة 200 مل,دار المسك,200 مل,4000,معطر منزل وجو,معطرات المنزل والمفارش والجو,high,معطرات المنزل والمفارش والجو,home-linen-air,high,explicit home fragrance,name=معطر منزل مهيوبة 200 مل; product_type=معطر منزل وجو,approved,explicit home fragrance,2026-08-02T07:33:46Z,ready,proposed_child,NO,NO,NO
ARD-3881,3881,عطر انتي 50 مل,دار المسك,50 مل,5000,عطر,العطور,high,العطور,perfumes,high,standard perfume,name=عطر انتي 50 مل; product_type=عطر,approved,standard perfume,2026-08-02T07:33:46Z,ready,proposed_child,NO,NO,NO
ARD-3882,3882,عطر بياض الثلج 50 مل,دار المسك,50 مل,5000,عطر,العطور,high,العطور,perfumes,high,standard perfume,name=عطر بياض الثلج 50 مل; product_type=عطر,approved,standard perfume,2026-08-02T07:33:46Z,ready,proposed_child,NO,NO,NO
ARD-3883,3883,عطر شيخة مريم 50 مل,دار المسك,50 مل,5000,عطر,العطور,high,العطور,perfumes,high,standard perfume,name=عطر شيخة مريم 50 مل; product_type=عطر,approved,standard perfume,2026-08-02T07:33:46Z,ready,proposed_child,NO,NO,NO
ARD-3884,3884,عطر لمسة حرير 50 مل,دار المسك,50 مل,5000,عطر,العطور,high,العطور,perfumes,high,standard perfume,name=عطر لمسة حرير 50 مل; product_type=عطر,approved,standard perfume,2026-08-02T07:33:46Z,ready,proposed_child,NO,NO,NO
ARD-3885,3885,عطر جيهان 50 مل,دار المسك,50 مل,5000,عطر,العطور,high,العطور,perfumes,high,standard perfume,name=عطر جيهان 50 مل; product_type=عطر,approved,standard perfume,2026-08-02T07:33:46Z,ready,proposed_child,NO,NO,NO
ARD-3886,3886,عطر دانيا 50 مل,دار المسك,50 مل,5000,عطر,العطور,high,العطور,perfumes,high,standard perfume,name=عطر دانيا 50 مل; product_type=عطر,approved,standard perfume,2026-08-02T07:33:46Z,ready,proposed_child,NO,NO,NO
ARD-3887,3887,عطر يزن 50 مل,دار المسك,50 مل,5000,عطر,العطور,high,العطور,perfumes,high,standard perfume,name=عطر يزن 50 مل; product_type=عطر,approved,standard perfume,2026-08-02T07:33:46Z,ready,proposed_child,NO,NO,NO
ARD-3888,3888,عطر جلنار 50 مل,دار المسك,50 مل,5000,عطر,العطور,high,العطور,perfumes,high,standard perfume,name=عطر جلنار 50 مل; product_type=عطر,approved,standard perfume,2026-08-02T07:33:46Z,ready,proposed_child,NO,NO,NO
ARD-3889,3889,عطر مسك الختام 50 مل,دار المسك,50 مل,5000,عطر,العطور,high,المسك والمخمريات والعطور الزيتية,musk-oils-mukhammaria,high,explicit musk/oil/mukhammaria,name=عطر مسك الختام 50 مل; product_type=عطر,corrected,explicit musk/oil/mukhammaria,2026-08-02T07:33:46Z,ready,proposed_child,NO,YES,YES
ARD-3890,3890,عطر وناسة 50 مل,دار المسك,50 مل,5000,عطر,العطور,high,العطور,perfumes,high,standard perfume,name=عطر وناسة 50 مل; product_type=عطر,approved,standard perfume,2026-08-02T07:33:46Z,ready,proposed_child,NO,NO,NO
ARD-4424,4424,معطر مفارش الوزير 500 مل,دار المسك,500 مل,4000,معطر مفارش,معطرات المنزل والمفارش والجو,high,معطرات المنزل والمفارش والجو,home-linen-air,high,explicit home fragrance,name=معطر مفارش الوزير 500 مل; product_type=معطر مفارش,approved,explicit home fragrance,2026-08-02T07:33:46Z,ready,proposed_child,NO,NO,NO
ARD-4425,4425,معطر مفارش اميرة رجوة 500 مل,دار المسك,500 مل,4000,معطر مفارش,معطرات المنزل والمفارش والجو,high,معطرات المنزل والمفارش والجو,home-linen-air,high,explicit home fragrance,name=معطر مفارش اميرة رجوة 500 مل; product_type=معطر مفارش,approved,explicit home fragrance,2026-08-02T07:33:46Z,ready,proposed_child,NO,NO,NO
ARD-4426,4426,معطر مفارش تاج العروس 500 مل,دار المسك,500 مل,4000,معطر مفارش,معطرات المنزل والمفارش والجو,high,معطرات المنزل والمفارش والجو,home-linen-air,high,explicit home fragrance,name=معطر مفارش تاج العروس 500 مل; product_type=معطر مفارش,approved,explicit home fragrance,2026-08-02T07:33:46Z,ready,proposed_child,NO,NO,NO
ARD-4427,4427,معطر مفارش خلطة الحرم 500 مل,دار المسك,500 مل,4000,معطر مفارش,معطرات المنزل والمفارش والجو,high,معطرات المنزل والمفارش والجو,home-linen-air,high,explicit home fragrance,name=معطر مفارش خلطة الحرم 500 مل; product_type=معطر مفارش,approved,explicit home fragrance,2026-08-02T07:33:46Z,ready,proposed_child,NO,NO,NO
ARD-4428,4428,معطر مفارش سدرة العشق 500 مل,دار المسك,500 مل,4000,معطر مفارش,معطرات المنزل والمفارش والجو,high,معطرات المنزل والمفارش والجو,home-linen-air,high,explicit home fragrance,name=معطر مفارش سدرة العشق 500 مل; product_type=معطر مفارش,approved,explicit home fragrance,2026-08-02T07:33:46Z,ready,proposed_child,NO,NO,NO
ARD-4429,4429,معطر مفارش عروس الخليج 500 مل,دار المسك,500 مل,4000,معطر مفارش,معطرات المنزل والمفارش والجو,high,معطرات المنزل والمفارش والجو,home-linen-air,high,explicit home fragrance,name=معطر مفارش عروس الخليج 500 مل; product_type=معطر مفارش,approved,explicit home fragrance,2026-08-02T07:33:46Z,ready,proposed_child,NO,NO,NO
ARD-4430,4430,معطر مفارش عنبر عود 500 مل,دار المسك,500 مل,4000,معطر مفارش,معطرات المنزل والمفارش والجو,high,معطرات المنزل والمفارش والجو,home-linen-air,high,explicit home fragrance,name=معطر مفارش عنبر عود 500 مل; product_type=معطر مفارش,approved,explicit home fragrance,2026-08-02T07:33:46Z,ready,proposed_child,NO,NO,NO
ARD-4431,4431,معطر مفارش عود الشمس 500 مل,دار المسك,500 مل,4000,معطر مفارش,معطرات المنزل والمفارش والجو,high,معطرات المنزل والمفارش والجو,home-linen-air,high,explicit home fragrance,name=معطر مفارش عود الشمس 500 مل; product_type=معطر مفارش,approved,explicit home fragrance,2026-08-02T07:33:46Z,ready,proposed_child,NO,NO,NO
ARD-4432,4432,معطر مفارش قمر الليل 500 مل,دار المسك,500 مل,4000,معطر مفارش,معطرات المنزل والمفارش والجو,high,معطرات المنزل والمفارش والجو,home-linen-air,high,explicit home fragrance,name=معطر مفارش قمر الليل 500 مل; product_type=معطر مفارش,approved,explicit home fragrance,2026-08-02T07:33:46Z,ready,proposed_child,NO,NO,NO
ARD-4433,4433,معطر مفارش مخلط عود ابيض 500 مل,دار المسك,500 مل,4000,معطر مفارش,معطرات المنزل والمفارش والجو,high,معطرات المنزل والمفارش والجو,home-linen-air,high,explicit home fragrance,name=معطر مفارش مخلط عود ابيض 500 مل; product_type=معطر مفارش,approved,explicit home fragrance,2026-08-02T07:33:46Z,ready,proposed_child,NO,NO,NO
ARD-4434,4434,معطر مفارش مهرة 500 مل,دار المسك,500 مل,4000,معطر مفارش,معطرات المنزل والمفارش والجو,high,معطرات المنزل والمفارش والجو,home-linen-air,high,explicit home fragrance,name=معطر مفارش مهرة 500 مل; product_type=معطر مفارش,approved,explicit home fragrance,2026-08-02T07:33:46Z,ready,proposed_child,NO,NO,NO
ARD-4435,4435,معطر مفارش وجود 500 مل,دار المسك,500 مل,4000,معطر مفارش,معطرات المنزل والمفارش والجو,high,معطرات المنزل والمفارش والجو,home-linen-air,high,explicit home fragrance,name=معطر مفارش وجود 500 مل; product_type=معطر مفارش,approved,explicit home fragrance,2026-08-02T07:33:46Z,ready,proposed_child,NO,NO,NO
ARD-4437,4437,كريم مركز اساور 45 غرام,دار المسك,45 غرام,4000,كريم عطري مركز,المسك والمخمريات والعطور الزيتية,medium,المسك والمخمريات والعطور الزيتية,musk-oils-mukhammaria,medium,workbook category retained after rules miss,name=كريم مركز اساور 45 غرام; product_type=كريم عطري مركز,approved,workbook category retained after rules miss,2026-08-02T07:33:46Z,ready,proposed_child,NO,NO,YES
ARD-4438,4438,كريم مركز انجل 45 غرام,دار المسك,45 غرام,4000,كريم عطري مركز,المسك والمخمريات والعطور الزيتية,medium,المسك والمخمريات والعطور الزيتية,musk-oils-mukhammaria,medium,workbook category retained after rules miss,name=كريم مركز انجل 45 غرام; product_type=كريم عطري مركز,approved,workbook category retained after rules miss,2026-08-02T07:33:46Z,ready,proposed_child,NO,NO,YES
ARD-4439,4439,كريم مركز تمارة 45 غرام,دار المسك,45 غرام,4000,كريم عطري مركز,المسك والمخمريات والعطور الزيتية,medium,المسك والمخمريات والعطور الزيتية,musk-oils-mukhammaria,medium,workbook category retained after rules miss,name=كريم مركز تمارة 45 غرام; product_type=كريم عطري مركز,approved,workbook category retained after rules miss,2026-08-02T07:33:46Z,ready,proposed_child,NO,NO,YES
ARD-4440,4440,كريم مركز جمانة 45 غرام,دار المسك,45 غرام,4000,كريم عطري مركز,المسك والمخمريات والعطور الزيتية,medium,المسك والمخمريات والعطور الزيتية,musk-oils-mukhammaria,medium,workbook category retained after rules miss,name=كريم مركز جمانة 45 غرام; product_type=كريم عطري مركز,approved,workbook category retained after rules miss,2026-08-02T07:33:46Z,ready,proposed_child,NO,NO,YES
ARD-4441,4441,كريم مركزسمراء 45 غرام,دار المسك,45 غرام,4000,كريم عطري مركز,المسك والمخمريات والعطور الزيتية,medium,المسك والمخمريات والعطور الزيتية,musk-oils-mukhammaria,medium,workbook category retained after rules miss,name=كريم مركزسمراء 45 غرام; product_type=كريم عطري مركز,approved,workbook category retained after rules miss,2026-08-02T07:33:46Z,ready,proposed_child,NO,NO,YES
ARD-4442,4442,كريم مركز فريال 45 غرام,دار المسك,45 غرام,4000,كريم عطري مركز,المسك والمخمريات والعطور الزيتية,medium,المسك والمخمريات والعطور الزيتية,musk-oils-mukhammaria,medium,workbook category retained after rules miss,name=كريم مركز فريال 45 غرام; product_type=كريم عطري مركز,approved,workbook category retained after rules miss,2026-08-02T07:33:46Z,ready,proposed_child,NO,NO,YES
ARD-4443,4443,كريم مركز قصة 45 غرام,دار المسك,45 غرام,4000,كريم عطري مركز,المسك والمخمريات والعطور الزيتية,medium,المسك والمخمريات والعطور الزيتية,musk-oils-mukhammaria,medium,workbook category retained after rules miss,name=كريم مركز قصة 45 غرام; product_type=كريم عطري مركز,approved,workbook category retained after rules miss,2026-08-02T07:33:46Z,ready,proposed_child,NO,NO,YES
ARD-4444,4444,كريم مركز لونا 45 غرام,دار المسك,45 غرام,4000,كريم عطري مركز,المسك والمخمريات والعطور الزيتية,medium,المسك والمخمريات والعطور الزيتية,musk-oils-mukhammaria,medium,workbook category retained after rules miss,name=كريم مركز لونا 45 غرام; product_type=كريم عطري مركز,approved,workbook category retained after rules miss,2026-08-02T07:33:46Z,ready,proposed_child,NO,NO,YES
ARD-4445,4445,كريم مركز ليال 45 غرام,دار المسك,45 غرام,4000,كريم عطري مركز,المسك والمخمريات والعطور الزيتية,medium,المسك والمخمريات والعطور الزيتية,musk-oils-mukhammaria,medium,workbook category retained after rules miss,name=كريم مركز ليال 45 غرام; product_type=كريم عطري مركز,approved,workbook category retained after rules miss,2026-08-02T07:33:46Z,ready,proposed_child,NO,NO,YES
ARD-4446,4446,كريم مركز مريم 45 غرام,دار المسك,45 غرام,4000,كريم عطري مركز,المسك والمخمريات والعطور الزيتية,medium,المسك والمخمريات والعطور الزيتية,musk-oils-mukhammaria,medium,workbook category retained after rules miss,name=كريم مركز مريم 45 غرام; product_type=كريم عطري مركز,approved,workbook category retained after rules miss,2026-08-02T07:33:46Z,ready,proposed_child,NO,NO,YES
ARD-4585,4585,عطر فرنسي ارمادا 100 مل,دار المسك,100 مل,27000,عطر,العطور,high,العطور,perfumes,high,standard perfume,name=عطر فرنسي ارمادا 100 مل; product_type=عطر,approved,standard perfume,2026-08-02T07:33:46Z,ready,proposed_child,NO,NO,NO
ARD-4846,4846,عطر فواح بخور جديد,دار المسك,,5000,بخور,البخور والمعمول,high,البخور والمعمول,incense-maamoul,high,explicit incense,name=عطر فواح بخور جديد; product_type=بخور,approved,explicit incense,2026-08-02T07:33:46Z,ready,proposed_child,NO,NO,NO
ARD-4847,4847,عطر فواح ياسمين جديد,دار المسك,,5000,عطر فواح أو رشوش,معطرات المنزل والمفارش والجو,medium,العطور,perfumes,high,standard perfume,name=عطر فواح ياسمين جديد; product_type=عطر فواح أو رشوش,corrected,standard perfume,2026-08-02T07:33:46Z,ready,proposed_child,NO,YES,YES
ARD-4848,4848,عطر فواح روز جديد,دار المسك,,5000,عطر فواح أو رشوش,معطرات المنزل والمفارش والجو,medium,العطور,perfumes,high,standard perfume,name=عطر فواح روز جديد; product_type=عطر فواح أو رشوش,corrected,standard perfume,2026-08-02T07:33:46Z,ready,proposed_child,NO,YES,YES
ARD-4849,4849,عطر فواح دبي جديد,دار المسك,,6000,عطر فواح أو رشوش,معطرات المنزل والمفارش والجو,medium,العطور,perfumes,high,standard perfume,name=عطر فواح دبي جديد; product_type=عطر فواح أو رشوش,corrected,standard perfume,2026-08-02T07:33:46Z,ready,proposed_child,NO,YES,YES
ARD-4850,4850,عطر فواح ليمون جديد,دار المسك,,5000,عطر فواح أو رشوش,معطرات المنزل والمفارش والجو,medium,العطور,perfumes,high,standard perfume,name=عطر فواح ليمون جديد; product_type=عطر فواح أو رشوش,corrected,standard perfume,2026-08-02T07:33:46Z,ready,proposed_child,NO,YES,YES
ARD-4851,4851,عطر فواح ايسكاد جديد,دار المسك,,5000,عطر فواح أو رشوش,معطرات المنزل والمفارش والجو,medium,العطور,perfumes,high,standard perfume,name=عطر فواح ايسكاد جديد; product_type=عطر فواح أو رشوش,corrected,standard perfume,2026-08-02T07:33:46Z,ready,proposed_child,NO,YES,YES
ARD-4852,4852,فواح SEA جديد,دار المسك,,5000,عطر فواح أو رشوش,معطرات المنزل والمفارش والجو,medium,العطور,perfumes,high,standard perfume,name=فواح SEA جديد; product_type=عطر فواح أو رشوش,corrected,standard perfume,2026-08-02T07:33:46Z,ready,proposed_child,NO,YES,YES
ARD-4853,4853,عطر فواح ماكنتوش جديد,دار المسك,,5000,عطر فواح أو رشوش,معطرات المنزل والمفارش والجو,medium,العطور,perfumes,high,standard perfume,name=عطر فواح ماكنتوش جديد; product_type=عطر فواح أو رشوش,corrected,standard perfume,2026-08-02T07:33:46Z,ready,proposed_child,NO,YES,YES
ARD-4854,4854,عطر فواح مانغو جديد,دار المسك,,5000,عطر فواح أو رشوش,معطرات المنزل والمفارش والجو,medium,العطور,perfumes,high,standard perfume,name=عطر فواح مانغو جديد; product_type=عطر فواح أو رشوش,corrected,standard perfume,2026-08-02T07:33:46Z,ready,proposed_child,NO,YES,YES
ARD-4855,4855,عطر فواح مكس فروت جديد,دار المسك,,5000,عطر فواح أو رشوش,معطرات المنزل والمفارش والجو,medium,العطور,perfumes,high,standard perfume,name=عطر فواح مكس فروت جديد; product_type=عطر فواح أو رشوش,corrected,standard perfume,2026-08-02T07:33:46Z,ready,proposed_child,NO,YES,YES
ARD-4856,4856,عطر فواح بطيخ جديد,دار المسك,,5000,عطر فواح أو رشوش,معطرات المنزل والمفارش والجو,medium,العطور,perfumes,high,standard perfume,name=عطر فواح بطيخ جديد; product_type=عطر فواح أو رشوش,corrected,standard perfume,2026-08-02T07:33:46Z,ready,proposed_child,NO,YES,YES
ARD-4857,4857,عطر فواح ستروبري جديد,دار المسك,,5000,عطر فواح أو رشوش,معطرات المنزل والمفارش والجو,medium,العطور,perfumes,high,standard perfume,name=عطر فواح ستروبري جديد; product_type=عطر فواح أو رشوش,corrected,standard perfume,2026-08-02T07:33:46Z,ready,proposed_child,NO,YES,YES
ARD-4858,4858,عطر فواح باربي جديد,دار المسك,,5000,عطر فواح أو رشوش,معطرات المنزل والمفارش والجو,medium,العطور,perfumes,high,standard perfume,name=عطر فواح باربي جديد; product_type=عطر فواح أو رشوش,corrected,standard perfume,2026-08-02T07:33:46Z,ready,proposed_child,NO,YES,YES
ARD-4859,4859,عطر فواح شيلة سكريت جديد,دار المسك,,5000,عطر فواح أو رشوش,معطرات المنزل والمفارش والجو,medium,العطور,perfumes,high,standard perfume,name=عطر فواح شيلة سكريت جديد; product_type=عطر فواح أو رشوش,corrected,standard perfume,2026-08-02T07:33:46Z,ready,proposed_child,NO,YES,YES
ARD-4860,4860,عطر فواح كاندي جديد,دار المسك,,5000,عطر فواح أو رشوش,معطرات المنزل والمفارش والجو,medium,العطور,perfumes,high,standard perfume,name=عطر فواح كاندي جديد; product_type=عطر فواح أو رشوش,corrected,standard perfume,2026-08-02T07:33:46Z,ready,proposed_child,NO,YES,YES
ARD-4861,4861,عطر فواح مود جديد,دار المسك,,5000,عطر فواح أو رشوش,معطرات المنزل والمفارش والجو,medium,العطور,perfumes,high,standard perfume,name=عطر فواح مود جديد; product_type=عطر فواح أو رشوش,corrected,standard perfume,2026-08-02T07:33:46Z,ready,proposed_child,NO,YES,YES
ARD-4862,4862,عطر فواح باريس جديد,دار المسك,,5000,عطر فواح أو رشوش,معطرات المنزل والمفارش والجو,medium,العطور,perfumes,high,standard perfume,name=عطر فواح باريس جديد; product_type=عطر فواح أو رشوش,corrected,standard perfume,2026-08-02T07:33:46Z,ready,proposed_child,NO,YES,YES
ARD-4863,4863,عطر فواح لافندر جديد,دار المسك,,5000,عطر فواح أو رشوش,معطرات المنزل والمفارش والجو,medium,العطور,perfumes,high,standard perfume,name=عطر فواح لافندر جديد; product_type=عطر فواح أو رشوش,corrected,standard perfume,2026-08-02T07:33:46Z,ready,proposed_child,NO,YES,YES
ARD-4864,4864,عطر فواح مالديف جديد,دار المسك,,5000,عطر فواح أو رشوش,معطرات المنزل والمفارش والجو,medium,العطور,perfumes,high,standard perfume,name=عطر فواح مالديف جديد; product_type=عطر فواح أو رشوش,corrected,standard perfume,2026-08-02T07:33:46Z,ready,proposed_child,NO,YES,YES
ARD-4865,4865,عطر فواح كام سنت جديد,دار المسك,,5000,عطر فواح أو رشوش,معطرات المنزل والمفارش والجو,medium,العطور,perfumes,high,standard perfume,name=عطر فواح كام سنت جديد; product_type=عطر فواح أو رشوش,corrected,standard perfume,2026-08-02T07:33:46Z,ready,proposed_child,NO,YES,YES
ARD-4866,4866,عطر فواح خوخ جديد,دار المسك,,5000,عطر فواح أو رشوش,معطرات المنزل والمفارش والجو,medium,العطور,perfumes,high,standard perfume,name=عطر فواح خوخ جديد; product_type=عطر فواح أو رشوش,corrected,standard perfume,2026-08-02T07:33:46Z,ready,proposed_child,NO,YES,YES
ARD-4867,4867,عطر فواح بلاك ستون جديد,دار المسك,,5000,عطر فواح أو رشوش,معطرات المنزل والمفارش والجو,medium,العطور,perfumes,high,standard perfume,name=عطر فواح بلاك ستون جديد; product_type=عطر فواح أو رشوش,corrected,standard perfume,2026-08-02T07:33:46Z,ready,proposed_child,NO,YES,YES
ARD-4868,4868,عطر فواح جيري جديد,دار المسك,,5000,عطر فواح أو رشوش,معطرات المنزل والمفارش والجو,medium,العطور,perfumes,high,standard perfume,name=عطر فواح جيري جديد; product_type=عطر فواح أو رشوش,corrected,standard perfume,2026-08-02T07:33:46Z,ready,proposed_child,NO,YES,YES
ARD-4869,4869,عطر فواح عود جديد,دار المسك,,5000,عطر فواح أو رشوش,معطرات المنزل والمفارش والجو,medium,العطور,perfumes,high,standard perfume,name=عطر فواح عود جديد; product_type=عطر فواح أو رشوش,corrected,standard perfume,2026-08-02T07:33:46Z,ready,proposed_child,NO,YES,YES
ARD-4870,4870,عطر فواح فري نايس اوركيد جديد,دار المسك,,5000,عطر فواح أو رشوش,معطرات المنزل والمفارش والجو,medium,العطور,perfumes,high,standard perfume,name=عطر فواح فري نايس اوركيد جديد; product_type=عطر فواح أو رشوش,corrected,standard perfume,2026-08-02T07:33:46Z,ready,proposed_child,NO,YES,YES
ARD-4871,4871,عطر فواح باتشولي جديد,دار المسك,,5000,عطر فواح أو رشوش,معطرات المنزل والمفارش والجو,medium,العطور,perfumes,high,standard perfume,name=عطر فواح باتشولي جديد; product_type=عطر فواح أو رشوش,corrected,standard perfume,2026-08-02T07:33:46Z,ready,proposed_child,NO,YES,YES
ARD-4873,4873,عطر فواح لندن جديد,دار المسك,,5000,عطر فواح أو رشوش,معطرات المنزل والمفارش والجو,medium,العطور,perfumes,high,standard perfume,name=عطر فواح لندن جديد; product_type=عطر فواح أو رشوش,corrected,standard perfume,2026-08-02T07:33:46Z,ready,proposed_child,NO,YES,YES
ARD-4874,4874,عطر فواح هملايا جديد,دار المسك,,5000,عطر فواح أو رشوش,معطرات المنزل والمفارش والجو,medium,العطور,perfumes,high,standard perfume,name=عطر فواح هملايا جديد; product_type=عطر فواح أو رشوش,corrected,standard perfume,2026-08-02T07:33:46Z,ready,proposed_child,NO,YES,YES
ARD-686,686,بخور اميري 50 غرام,أرض الخليج,50 غرام,16000,بخور,البخور والمعمول,high,البخور والمعمول,incense-maamoul,high,explicit incense,name=بخور اميري 50 غرام; product_type=بخور,approved,explicit incense,2026-08-02T07:33:46Z,ready,proposed_child,NO,NO,NO
ARD-687,687,بخور سلطان 50 غرام,أرض الخليج,50 غرام,17000,بخور,البخور والمعمول,high,البخور والمعمول,incense-maamoul,high,explicit incense,name=بخور سلطان 50 غرام; product_type=بخور,approved,explicit incense,2026-08-02T07:33:46Z,ready,proposed_child,NO,NO,NO
ARD-688,688,بخور الشيوخ 50 غرام,أرض الخليج,50 غرام,16000,بخور,البخور والمعمول,high,البخور والمعمول,incense-maamoul,high,explicit incense,name=بخور الشيوخ 50 غرام; product_type=بخور,approved,explicit incense,2026-08-02T07:33:46Z,ready,proposed_child,NO,NO,NO
ARD-207,207,شاور غلاها زايد,أرض الخليج,,8000,شاور جل,العناية بالجسم والاستحمام,high,العناية بالجسم والاستحمام,body-bath-care,high,explicit body/bath type,name=شاور غلاها زايد; product_type=شاور جل,approved,explicit body/bath type,2026-08-02T07:33:46Z,ready,proposed_child,NO,NO,NO
ARD-208,208,شاور للصبايا فقط,أرض الخليج,,8000,شاور جل,العناية بالجسم والاستحمام,high,العناية بالجسم والاستحمام,body-bath-care,high,explicit body/bath type,name=شاور للصبايا فقط; product_type=شاور جل,approved,explicit body/bath type,2026-08-02T07:33:46Z,ready,proposed_child,NO,NO,NO
ARD-209,209,شاور فاطمه,أرض الخليج,,8000,شاور جل,العناية بالجسم والاستحمام,high,العناية بالجسم والاستحمام,body-bath-care,high,explicit body/bath type,name=شاور فاطمه; product_type=شاور جل,approved,explicit body/bath type,2026-08-02T07:33:46Z,ready,proposed_child,NO,NO,NO
ARD-2006,2006,شاور عروسة,أرض الخليج,,8000,شاور جل,العناية بالجسم والاستحمام,high,العناية بالجسم والاستحمام,body-bath-care,high,explicit body/bath type,name=شاور عروسة; product_type=شاور جل,approved,explicit body/bath type,2026-08-02T07:33:46Z,ready,proposed_child,NO,NO,NO
ARD-2007,2007,شاور فقط للنساء,أرض الخليج,,8000,شاور جل,العناية بالجسم والاستحمام,high,العناية بالجسم والاستحمام,body-bath-care,high,explicit body/bath type,name=شاور فقط للنساء; product_type=شاور جل,approved,explicit body/bath type,2026-08-02T07:33:46Z,ready,proposed_child,NO,NO,NO
ARD-2009,2009,شاور مكياج,أرض الخليج,,8000,شاور جل,العناية بالجسم والاستحمام,high,العناية بالجسم والاستحمام,body-bath-care,high,explicit body/bath type,name=شاور مكياج; product_type=شاور جل,approved,explicit body/bath type,2026-08-02T07:33:46Z,ready,proposed_child,NO,NO,YES
ARD-2010,2010,شاور انوثة,أرض الخليج,,8000,شاور جل,العناية بالجسم والاستحمام,high,العناية بالجسم والاستحمام,body-bath-care,high,explicit body/bath type,name=شاور انوثة; product_type=شاور جل,approved,explicit body/bath type,2026-08-02T07:33:46Z,ready,proposed_child,NO,NO,NO
ARD-550,550,مخمريه الانوثه,أرض الخليج,,5000,مخمرية,المسك والمخمريات والعطور الزيتية,high,المسك والمخمريات والعطور الزيتية,musk-oils-mukhammaria,high,explicit musk/oil/mukhammaria,name=مخمريه الانوثه; product_type=مخمرية,approved,explicit musk/oil/mukhammaria,2026-08-02T07:33:46Z,ready,proposed_child,NO,NO,NO
ARD-1395,1395,مخمريه كاردينيا,أرض الخليج,,5000,مخمرية,المسك والمخمريات والعطور الزيتية,high,المسك والمخمريات والعطور الزيتية,musk-oils-mukhammaria,high,explicit musk/oil/mukhammaria,name=مخمريه كاردينيا; product_type=مخمرية,approved,explicit musk/oil/mukhammaria,2026-08-02T07:33:46Z,ready,proposed_child,NO,NO,NO
ARD-2751,2751,مخمرية الملكة,أرض الخليج,,5000,مخمرية,المسك والمخمريات والعطور الزيتية,high,المسك والمخمريات والعطور الزيتية,musk-oils-mukhammaria,high,explicit musk/oil/mukhammaria,name=مخمرية الملكة; product_type=مخمرية,approved,explicit musk/oil/mukhammaria,2026-08-02T07:33:46Z,ready,proposed_child,NO,NO,NO
ARD-2771,2771,مخمرية لجين,أرض الخليج,,5000,مخمرية,المسك والمخمريات والعطور الزيتية,high,المسك والمخمريات والعطور الزيتية,musk-oils-mukhammaria,high,explicit musk/oil/mukhammaria,name=مخمرية لجين; product_type=مخمرية,approved,explicit musk/oil/mukhammaria,2026-08-02T07:33:46Z,ready,proposed_child,NO,NO,NO
ARD-564,564,بودره مربعه فقط لنساء,أرض الخليج,,7000,عطر,العطور,medium,البودرة ومنتجات التجميل,powder-makeup,high,true powder cosmetic (بودره مربعه/بوري); restore powder-makeup leaf,name=بودره مربعه فقط لنساء; product_type=عطر,corrected,true powder cosmetic (بودره مربعه/بوري); restore powder-makeup leaf,2026-08-02T07:33:46Z,ready,proposed_child,NO,YES,YES
ARD-565,565,بودره مربعه مكياج وردي,أرض الخليج,,7000,بودرة أو منتج تجميل,البودرة ومنتجات التجميل,high,البودرة ومنتجات التجميل,powder-makeup,high,true powder cosmetic (بودره مربعه/بوري); restore powder-makeup leaf,name=بودره مربعه مكياج وردي; product_type=بودرة أو منتج تجميل,corrected,true powder cosmetic (بودره مربعه/بوري); restore powder-makeup leaf,2026-08-02T07:33:46Z,ready,proposed_child,NO,YES,NO
ARD-566,566,بودره مربعه غلاها زايد,أرض الخليج,,7000,عطر,العطور,medium,البودرة ومنتجات التجميل,powder-makeup,high,true powder cosmetic (بودره مربعه/بوري); restore powder-makeup leaf,name=بودره مربعه غلاها زايد; product_type=عطر,corrected,true powder cosmetic (بودره مربعه/بوري); restore powder-makeup leaf,2026-08-02T07:33:46Z,ready,proposed_child,NO,YES,YES
ARD-567,567,بودره مربعه الانوثه,أرض الخليج,,7000,عطر,العطور,medium,البودرة ومنتجات التجميل,powder-makeup,high,true powder cosmetic (بودره مربعه/بوري); restore powder-makeup leaf,name=بودره مربعه الانوثه; product_type=عطر,corrected,true powder cosmetic (بودره مربعه/بوري); restore powder-makeup leaf,2026-08-02T07:33:46Z,ready,proposed_child,NO,YES,YES
ARD-568,568,بودره مربعه لصبايا,أرض الخليج,,7000,عطر,العطور,medium,البودرة ومنتجات التجميل,powder-makeup,high,true powder cosmetic (بودره مربعه/بوري); restore powder-makeup leaf,name=بودره مربعه لصبايا; product_type=عطر,corrected,true powder cosmetic (بودره مربعه/بوري); restore powder-makeup leaf,2026-08-02T07:33:46Z,ready,proposed_child,NO,YES,YES
ARD-569,569,بودره مربعه فاطمه,أرض الخليج,,7000,عطر,العطور,medium,البودرة ومنتجات التجميل,powder-makeup,high,true powder cosmetic (بودره مربعه/بوري); restore powder-makeup leaf,name=بودره مربعه فاطمه; product_type=عطر,corrected,true powder cosmetic (بودره مربعه/بوري); restore powder-makeup leaf,2026-08-02T07:33:46Z,ready,proposed_child,NO,YES,YES
ARD-570,570,بودره مربعه عطر العروسه,أرض الخليج,,7000,عطر,العطور,high,العطور,perfumes,high,standard perfume,name=بودره مربعه عطر العروسه; product_type=عطر,approved,standard perfume,2026-08-02T07:33:46Z,ready,proposed_child,NO,NO,YES
ARD-595,595,بودره بوري فقط لنساء,أرض الخليج,,3000,عطر,العطور,medium,البودرة ومنتجات التجميل,powder-makeup,high,true powder cosmetic (بودره مربعه/بوري); restore powder-makeup leaf,name=بودره بوري فقط لنساء; product_type=عطر,corrected,true powder cosmetic (بودره مربعه/بوري); restore powder-makeup leaf,2026-08-02T07:33:46Z,ready,proposed_child,NO,YES,YES
ARD-597,597,بودره بوري غلاها زايد,أرض الخليج,,3000,عطر,العطور,medium,البودرة ومنتجات التجميل,powder-makeup,high,true powder cosmetic (بودره مربعه/بوري); restore powder-makeup leaf,name=بودره بوري غلاها زايد; product_type=عطر,corrected,true powder cosmetic (بودره مربعه/بوري); restore powder-makeup leaf,2026-08-02T07:33:46Z,ready,proposed_child,NO,YES,YES
ARD-598,598,بودره بوري عطر العروسه,أرض الخليج,,3000,عطر,العطور,high,العطور,perfumes,high,standard perfume,name=بودره بوري عطر العروسه; product_type=عطر,approved,standard perfume,2026-08-02T07:33:46Z,ready,proposed_child,NO,NO,YES
ARD-599,599,بودره بوري الانوثة,أرض الخليج,,3000,عطر,العطور,medium,البودرة ومنتجات التجميل,powder-makeup,high,true powder cosmetic (بودره مربعه/بوري); restore powder-makeup leaf,name=بودره بوري الانوثة; product_type=عطر,corrected,true powder cosmetic (بودره مربعه/بوري); restore powder-makeup leaf,2026-08-02T07:33:46Z,ready,proposed_child,NO,YES,YES
ARD-600,600,بودره بوري فاطمه,أرض الخليج,,3000,عطر,العطور,medium,البودرة ومنتجات التجميل,powder-makeup,high,true powder cosmetic (بودره مربعه/بوري); restore powder-makeup leaf,name=بودره بوري فاطمه; product_type=عطر,corrected,true powder cosmetic (بودره مربعه/بوري); restore powder-makeup leaf,2026-08-02T07:33:46Z,ready,proposed_child,NO,YES,YES
ARD-601,601,بودره بوري للصبايا,أرض الخليج,,3000,عطر,العطور,medium,البودرة ومنتجات التجميل,powder-makeup,high,true powder cosmetic (بودره مربعه/بوري); restore powder-makeup leaf,name=بودره بوري للصبايا; product_type=عطر,corrected,true powder cosmetic (بودره مربعه/بوري); restore powder-makeup leaf,2026-08-02T07:33:46Z,ready,proposed_child,NO,YES,YES
ARD-3425,3425,بودره مربعه جمال,أرض الخليج,,7000,عطر,العطور,medium,البودرة ومنتجات التجميل,powder-makeup,high,true powder cosmetic (بودره مربعه/بوري); restore powder-makeup leaf,name=بودره مربعه جمال; product_type=عطر,corrected,true powder cosmetic (بودره مربعه/بوري); restore powder-makeup leaf,2026-08-02T07:33:46Z,ready,proposed_child,NO,YES,YES
ARD-3426,3426,بودره مربعه ماريا,أرض الخليج,,7000,عطر,العطور,medium,البودرة ومنتجات التجميل,powder-makeup,high,true powder cosmetic (بودره مربعه/بوري); restore powder-makeup leaf,name=بودره مربعه ماريا; product_type=عطر,corrected,true powder cosmetic (بودره مربعه/بوري); restore powder-makeup leaf,2026-08-02T07:33:46Z,ready,proposed_child,NO,YES,YES
ARD-3427,3427,بودره مربعه نيشان,أرض الخليج,,7000,عطر,العطور,medium,البودرة ومنتجات التجميل,powder-makeup,high,true powder cosmetic (بودره مربعه/بوري); restore powder-makeup leaf,name=بودره مربعه نيشان; product_type=عطر,corrected,true powder cosmetic (بودره مربعه/بوري); restore powder-makeup leaf,2026-08-02T07:33:46Z,ready,proposed_child,NO,YES,YES
ARD-3553,3553,بودره بوري جمال,أرض الخليج,,3000,عطر,العطور,medium,البودرة ومنتجات التجميل,powder-makeup,high,true powder cosmetic (بودره مربعه/بوري); restore powder-makeup leaf,name=بودره بوري جمال; product_type=عطر,corrected,true powder cosmetic (بودره مربعه/بوري); restore powder-makeup leaf,2026-08-02T07:33:46Z,ready,proposed_child,NO,YES,YES
ARD-3554,3554,بودره بوري نيشان,أرض الخليج,,3000,عطر,العطور,medium,البودرة ومنتجات التجميل,powder-makeup,high,true powder cosmetic (بودره مربعه/بوري); restore powder-makeup leaf,name=بودره بوري نيشان; product_type=عطر,corrected,true powder cosmetic (بودره مربعه/بوري); restore powder-makeup leaf,2026-08-02T07:33:46Z,ready,proposed_child,NO,YES,YES
ARD-3555,3555,بودره بوري ماريا,أرض الخليج,,3000,عطر,العطور,medium,البودرة ومنتجات التجميل,powder-makeup,high,true powder cosmetic (بودره مربعه/بوري); restore powder-makeup leaf,name=بودره بوري ماريا; product_type=عطر,corrected,true powder cosmetic (بودره مربعه/بوري); restore powder-makeup leaf,2026-08-02T07:33:46Z,ready,proposed_child,NO,YES,YES
ARD-84,84,عطر احلى النساء 100 مل,أرض الخليج,100 مل,15000,عطر,العطور,high,العطور,perfumes,high,standard perfume,name=عطر احلى النساء 100 مل; product_type=عطر,approved,standard perfume,2026-08-02T07:33:46Z,ready,proposed_child,NO,NO,NO
ARD-86,86,عطر الشيخ 80 مل,أرض الخليج,80 مل,18000,عطر,العطور,high,العطور,perfumes,high,standard perfume,name=عطر الشيخ 80 مل; product_type=عطر,approved,standard perfume,2026-08-02T07:33:46Z,ready,proposed_child,NO,NO,NO
ARD-88,88,عطر المثير 100 مل,أرض الخليج,100 مل,13000,عطر,العطور,high,العطور,perfumes,high,standard perfume,name=عطر المثير 100 مل; product_type=عطر,approved,standard perfume,2026-08-02T07:33:46Z,ready,proposed_child,NO,NO,NO
ARD-96,96,عطر شيخ زايد اصدار محدود 80 مل,أرض الخليج,80 مل,17000,عطر,العطور,high,العطور,perfumes,high,standard perfume,name=عطر شيخ زايد اصدار محدود 80 مل; product_type=عطر,approved,standard perfume,2026-08-02T07:33:46Z,ready,proposed_child,NO,NO,NO
ARD-97,97,عطر شيخ زايد خصوصي 80 مل,أرض الخليج,80 مل,17000,عطر,العطور,high,العطور,perfumes,high,standard perfume,name=عطر شيخ زايد خصوصي 80 مل; product_type=عطر,approved,standard perfume,2026-08-02T07:33:46Z,ready,proposed_child,NO,NO,NO
ARD-98,98,عطر شيخ زايد ذهبي 80 مل,أرض الخليج,80 مل,18000,عطر,العطور,high,العطور,perfumes,high,standard perfume,name=عطر شيخ زايد ذهبي 80 مل; product_type=عطر,approved,standard perfume,2026-08-02T07:33:46Z,ready,proposed_child,NO,NO,NO
ARD-100,100,عطر شيخ زايد فخامه 80 مل,أرض الخليج,80 مل,17000,عطر,العطور,high,العطور,perfumes,high,standard perfume,name=عطر شيخ زايد فخامه 80 مل; product_type=عطر,approved,standard perfume,2026-08-02T07:33:46Z,ready,proposed_child,NO,NO,NO
ARD-103,103,عطر للصبايا فقط 100 مل,أرض الخليج,100 مل,18000,عطر,العطور,high,العطور,perfumes,high,standard perfume,name=عطر للصبايا فقط 100 مل; product_type=عطر,approved,standard perfume,2026-08-02T07:33:46Z,ready,proposed_child,NO,NO,NO
ARD-104,104,عطر غرام الليل,أرض الخليج,,18000,عطر,العطور,high,العطور,perfumes,high,standard perfume,name=عطر غرام الليل; product_type=عطر,approved,standard perfume,2026-08-02T07:33:46Z,ready,proposed_child,NO,NO,NO
ARD-110,110,عطر غلا زايد فخامه ذهبي 100 مل,أرض الخليج,100 مل,33000,عطر,العطور,high,العطور,perfumes,high,standard perfume,name=عطر غلا زايد فخامه ذهبي 100 مل; product_type=عطر,approved,standard perfume,2026-08-02T07:33:46Z,ready,proposed_child,NO,NO,NO
ARD-113,113,عطر فاطمه 80 مل,أرض الخليج,80 مل,18000,عطر,العطور,high,العطور,perfumes,high,standard perfume,name=عطر فاطمه 80 مل; product_type=عطر,approved,standard perfume,2026-08-02T07:33:46Z,ready,proposed_child,NO,NO,NO
ARD-114,114,عطر فاطمه ذهبي 100 مل,أرض الخليج,100 مل,18000,عطر,العطور,high,العطور,perfumes,high,standard perfume,name=عطر فاطمه ذهبي 100 مل; product_type=عطر,approved,standard perfume,2026-08-02T07:33:46Z,ready,proposed_child,NO,NO,NO
ARD-115,115,عطر فقط للنساء 100 مل,أرض الخليج,100 مل,15000,عطر,العطور,high,العطور,perfumes,high,standard perfume,name=عطر فقط للنساء 100 مل; product_type=عطر,approved,standard perfume,2026-08-02T07:33:46Z,ready,proposed_child,NO,NO,NO
ARD-119,119,عطر مكياج 100 مل,أرض الخليج,100 مل,18000,بودرة أو منتج تجميل,البودرة ومنتجات التجميل,high,العطور,perfumes,high,standard perfume,name=عطر مكياج 100 مل; product_type=بودرة أو منتج تجميل,corrected,standard perfume,2026-08-02T07:33:46Z,ready,proposed_child,NO,YES,NO
ARD-120,120,عطر مكياج بنفسجي 100 مل,أرض الخليج,100 مل,18000,بودرة أو منتج تجميل,البودرة ومنتجات التجميل,high,العطور,perfumes,high,standard perfume,name=عطر مكياج بنفسجي 100 مل; product_type=بودرة أو منتج تجميل,corrected,standard perfume,2026-08-02T07:33:46Z,ready,proposed_child,NO,YES,NO
ARD-160,160,عطر ترف,أرض الخليج,,12000,عطر,العطور,high,العطور,perfumes,high,standard perfume,name=عطر ترف; product_type=عطر,approved,standard perfume,2026-08-02T07:33:46Z,ready,proposed_child,NO,NO,NO
ARD-165,165,عطر تو الليل,أرض الخليج,,15000,عطر,العطور,high,العطور,perfumes,high,standard perfume,name=عطر تو الليل; product_type=عطر,approved,standard perfume,2026-08-02T07:33:46Z,ready,proposed_child,NO,NO,NO
ARD-166,166,عطر تو النهار,أرض الخليج,,18000,عطر,العطور,high,العطور,perfumes,high,standard perfume,name=عطر تو النهار; product_type=عطر,approved,standard perfume,2026-08-02T07:33:46Z,ready,proposed_child,NO,NO,NO
ARD-219,219,عطر زهور باريس,أرض الخليج,,12000,عطر,العطور,high,العطور,perfumes,high,standard perfume,name=عطر زهور باريس; product_type=عطر,approved,standard perfume,2026-08-02T07:33:46Z,ready,proposed_child,NO,NO,NO
ARD-265,265,عطر غلا زايد فخامه سلفر,أرض الخليج,,33000,عطر,العطور,high,العطور,perfumes,high,standard perfume,name=عطر غلا زايد فخامه سلفر; product_type=عطر,approved,standard perfume,2026-08-02T07:33:46Z,ready,proposed_child,NO,NO,NO
ARD-266,266,عطر شيخ زايد ابيض,أرض الخليج,,17000,عطر,العطور,high,العطور,perfumes,high,standard perfume,name=عطر شيخ زايد ابيض; product_type=عطر,approved,standard perfume,2026-08-02T07:33:46Z,ready,proposed_child,NO,NO,NO
ARD-286,286,عطر لجين,أرض الخليج,,12000,عطر,العطور,high,العطور,perfumes,high,standard perfume,name=عطر لجين; product_type=عطر,approved,standard perfume,2026-08-02T07:33:46Z,ready,proposed_child,NO,NO,NO
ARD-294,294,عطر سطور,أرض الخليج,,18000,عطر,العطور,high,العطور,perfumes,high,standard perfume,name=عطر سطور; product_type=عطر,approved,standard perfume,2026-08-02T07:33:46Z,ready,proposed_child,NO,NO,NO
ARD-345,345,عطر الانوثه ابيض,أرض الخليج,,32000,عطر,العطور,high,العطور,perfumes,high,standard perfume,name=عطر الانوثه ابيض; product_type=عطر,approved,standard perfume,2026-08-02T07:33:46Z,ready,proposed_child,NO,NO,NO
ARD-356,356,عطر غلا زايد 100 مل,أرض الخليج,100 مل,31000,عطر,العطور,high,العطور,perfumes,high,standard perfume,name=عطر غلا زايد 100 مل; product_type=عطر,approved,standard perfume,2026-08-02T07:33:46Z,ready,proposed_child,NO,NO,NO
ARD-365,365,عطر الخيال الذهبي,أرض الخليج,,13000,عطر,العطور,high,العطور,perfumes,high,standard perfume,name=عطر الخيال الذهبي; product_type=عطر,approved,standard perfume,2026-08-02T07:33:46Z,ready,proposed_child,NO,NO,NO
ARD-366,366,عطر العروسه 100 مل,أرض الخليج,100 مل,18000,عطر,العطور,high,العطور,perfumes,high,standard perfume,name=عطر العروسه 100 مل; product_type=عطر,approved,standard perfume,2026-08-02T07:33:46Z,ready,proposed_child,NO,NO,NO
ARD-375,375,عطر حروف,أرض الخليج,,18000,عطر,العطور,high,العطور,perfumes,high,standard perfume,name=عطر حروف; product_type=عطر,approved,standard perfume,2026-08-02T07:33:46Z,ready,proposed_child,NO,NO,NO
ARD-421,421,عطر فكره,أرض الخليج,,13000,عطر,العطور,high,العطور,perfumes,high,standard perfume,name=عطر فكره; product_type=عطر,approved,standard perfume,2026-08-02T07:33:46Z,ready,proposed_child,NO,NO,NO
ARD-454,454,عطر شهره لنساء,أرض الخليج,,18000,عطر,العطور,high,العطور,perfumes,high,standard perfume,name=عطر شهره لنساء; product_type=عطر,approved,standard perfume,2026-08-02T07:33:46Z,ready,proposed_child,NO,NO,NO
ARD-457,457,عطر اعجازي أرض الخليج,أرض الخليج,,13000,عطر,العطور,high,العطور,perfumes,high,standard perfume,name=عطر اعجازي أرض الخليج; product_type=عطر,approved,standard perfume,2026-08-02T07:33:46Z,ready,proposed_child,NO,NO,NO
ARD-520,520,عطر الانوثه احمر,أرض الخليج,,31000,عطر,العطور,high,العطور,perfumes,high,standard perfume,name=عطر الانوثه احمر; product_type=عطر,approved,standard perfume,2026-08-02T07:33:46Z,ready,proposed_child,NO,NO,NO
ARD-553,553,عطر غلا خليفه,أرض الخليج,,18000,عطر,العطور,high,العطور,perfumes,high,standard perfume,name=عطر غلا خليفه; product_type=عطر,approved,standard perfume,2026-08-02T07:33:46Z,ready,proposed_child,NO,NO,NO
ARD-563,563,عطر المثير اصدار محدود,أرض الخليج,,13000,عطر,العطور,high,العطور,perfumes,high,standard perfume,name=عطر المثير اصدار محدود; product_type=عطر,approved,standard perfume,2026-08-02T07:33:46Z,ready,proposed_child,NO,NO,NO
ARD-614,614,عطر غلا زايد فخامة صاحب السمو,أرض الخليج,,33000,عطر,العطور,high,العطور,perfumes,high,standard perfume,name=عطر غلا زايد فخامة صاحب السمو; product_type=عطر,approved,standard perfume,2026-08-02T07:33:46Z,ready,proposed_child,NO,NO,NO
ARD-643,643,عطر غلا زايد فخامه رويال,أرض الخليج,,33000,عطر,العطور,high,العطور,perfumes,high,standard perfume,name=عطر غلا زايد فخامه رويال; product_type=عطر,approved,standard perfume,2026-08-02T07:33:46Z,ready,proposed_child,NO,NO,NO
ARD-660,660,عطر اصيل,أرض الخليج,,21000,عطر,العطور,high,العطور,perfumes,high,standard perfume,name=عطر اصيل; product_type=عطر,approved,standard perfume,2026-08-02T07:33:46Z,ready,proposed_child,NO,NO,NO
ARD-661,661,عطر كلمات,أرض الخليج,,12000,عطر,العطور,high,العطور,perfumes,high,standard perfume,name=عطر كلمات; product_type=عطر,approved,standard perfume,2026-08-02T07:33:46Z,ready,proposed_child,NO,NO,NO
ARD-712,712,عطر انتريج,أرض الخليج,,20000,عطر,العطور,high,العطور,perfumes,high,standard perfume,name=عطر انتريج; product_type=عطر,approved,standard perfume,2026-08-02T07:33:46Z,ready,proposed_child,NO,NO,NO
ARD-822,822,عطر كادي روبي احمر,أرض الخليج,,28000,عطر,العطور,high,العطور,perfumes,high,standard perfume,name=عطر كادي روبي احمر; product_type=عطر,approved,standard perfume,2026-08-02T07:33:46Z,ready,proposed_child,NO,NO,NO
ARD-1126,1126,عطر جميلة,أرض الخليج,,12000,عطر,العطور,high,العطور,perfumes,high,standard perfume,name=عطر جميلة; product_type=عطر,approved,standard perfume,2026-08-02T07:33:46Z,ready,proposed_child,NO,NO,NO
ARD-1177,1177,عطر ماريا,أرض الخليج,,17000,عطر,العطور,high,العطور,perfumes,high,standard perfume,name=عطر ماريا; product_type=عطر,approved,standard perfume,2026-08-02T07:33:46Z,ready,proposed_child,NO,NO,NO
ARD-1190,1190,عطر روائع العود,أرض الخليج,,12000,عطر,العطور,high,العطور,perfumes,high,standard perfume,name=عطر روائع العود; product_type=عطر,approved,standard perfume,2026-08-02T07:33:46Z,ready,proposed_child,NO,NO,NO
ARD-1216,1216,عطر فخامه,أرض الخليج,,12000,عطر,العطور,high,العطور,perfumes,high,standard perfume,name=عطر فخامه; product_type=عطر,approved,standard perfume,2026-08-02T07:33:46Z,ready,proposed_child,NO,NO,NO
ARD-1225,1225,سيت عطور أرض الخليج 25 مل,أرض الخليج,25 مل,40000,مجموعة عطرية,العطور,high,العطور,perfumes,high,workbook category retained after rules miss,name=سيت عطور أرض الخليج 25 مل; product_type=مجموعة عطرية,approved,workbook category retained after rules miss,2026-08-02T07:33:46Z,ready,proposed_child,NO,NO,YES
ARD-1432,1432,عطر الخيال سلفر,أرض الخليج,,13000,عطر,العطور,high,العطور,perfumes,high,standard perfume,name=عطر الخيال سلفر; product_type=عطر,approved,standard perfume,2026-08-02T07:33:46Z,ready,proposed_child,NO,NO,NO
ARD-1827,1827,عطر غلا زايد فخامة روج 100 مل,أرض الخليج,100 مل,34000,عطر,العطور,high,العطور,perfumes,high,standard perfume,name=عطر غلا زايد فخامة روج 100 مل; product_type=عطر,approved,standard perfume,2026-08-02T07:33:46Z,ready,proposed_child,NO,NO,NO
ARD-1855,1855,عطر لك حبيبتي 100 مل,أرض الخليج,100 مل,14000,عطر,العطور,high,العطور,perfumes,high,standard perfume,name=عطر لك حبيبتي 100 مل; product_type=عطر,approved,standard perfume,2026-08-02T07:33:46Z,ready,proposed_child,NO,NO,NO
ARD-1895,1895,عطر ميلادك حبيبي,أرض الخليج,,13000,عطر,العطور,high,العطور,perfumes,high,standard perfume,name=عطر ميلادك حبيبي; product_type=عطر,approved,standard perfume,2026-08-02T07:33:46Z,ready,proposed_child,NO,NO,NO
ARD-1909,1909,عطر كادي ازرق,أرض الخليج,,27000,عطر,العطور,high,العطور,perfumes,high,standard perfume,name=عطر كادي ازرق; product_type=عطر,approved,standard perfume,2026-08-02T07:33:46Z,ready,proposed_child,NO,NO,NO
ARD-1911,1911,عطر الحر / أرض الخليج,أرض الخليج,,14000,عطر,العطور,high,العطور,perfumes,high,standard perfume,name=عطر الحر / أرض الخليج; product_type=عطر,approved,standard perfume,2026-08-02T07:33:46Z,ready,proposed_child,NO,NO,NO
ARD-1915,1915,عطر ثمين / أرض الخليج,أرض الخليج,,27000,عطر,العطور,high,العطور,perfumes,high,standard perfume,name=عطر ثمين / أرض الخليج; product_type=عطر,approved,standard perfume,2026-08-02T07:33:46Z,ready,proposed_child,NO,NO,NO
ARD-1969,1969,عطر ترانيم 100 مل,أرض الخليج,100 مل,13000,عطر,العطور,high,العطور,perfumes,high,standard perfume,name=عطر ترانيم 100 مل; product_type=عطر,approved,standard perfume,2026-08-02T07:33:46Z,ready,proposed_child,NO,NO,NO
ARD-1970,1970,عطر زين الشباب 100 مل,أرض الخليج,100 مل,13000,عطر,العطور,high,العطور,perfumes,high,standard perfume,name=عطر زين الشباب 100 مل; product_type=عطر,approved,standard perfume,2026-08-02T07:33:46Z,ready,proposed_child,NO,NO,NO
ARD-1996,1996,عطر دانتيل 100 مل,أرض الخليج,100 مل,27000,عطر,العطور,high,العطور,perfumes,high,standard perfume,name=عطر دانتيل 100 مل; product_type=عطر,approved,standard perfume,2026-08-02T07:33:46Z,ready,proposed_child,NO,NO,NO
ARD-2033,2033,سيت مجموعة الانوثة 3قطعة,أرض الخليج,,18000,مجموعة عطرية,العطور,high,العطور,perfumes,high,workbook category retained after rules miss,name=سيت مجموعة الانوثة 3قطعة; product_type=مجموعة عطرية,approved,workbook category retained after rules miss,2026-08-02T07:33:46Z,ready,proposed_child,NO,NO,NO
ARD-2051,2051,سيت مجموعة سيكرت,أرض الخليج,,18000,مجموعة عطرية,العطور,high,العطور,perfumes,high,workbook category retained after rules miss,name=سيت مجموعة سيكرت; product_type=مجموعة عطرية,approved,workbook category retained after rules miss,2026-08-02T07:33:46Z,ready,proposed_child,NO,NO,NO
ARD-2052,2052,عطر فاطمة وردي 80 مل,أرض الخليج,80 مل,16000,عطر,العطور,high,العطور,perfumes,high,standard perfume,name=عطر فاطمة وردي 80 مل; product_type=عطر,approved,standard perfume,2026-08-02T07:33:46Z,ready,proposed_child,NO,NO,NO
ARD-2084,2084,عطر شيخ زايد فخامة 100 مل / اجيال,أرض الخليج,100 مل,18000,عطر,العطور,high,العطور,perfumes,high,standard perfume,name=عطر شيخ زايد فخامة 100 مل / اجيال; product_type=عطر,approved,standard perfume,2026-08-02T07:33:46Z,ready,proposed_child,NO,NO,NO
ARD-2088,2088,عطر شيخ زايد ملكي 100 مل / مجموعة اجيال,أرض الخليج,100 مل,18000,عطر,العطور,high,العطور,perfumes,high,standard perfume,name=عطر شيخ زايد ملكي 100 مل / مجموعة اجيال; product_type=عطر,approved,standard perfume,2026-08-02T07:33:46Z,ready,proposed_child,NO,NO,NO
ARD-2089,2089,عطر كنوز المملكة لوكس 100 مل,أرض الخليج,100 مل,16000,عطر,العطور,high,العطور,perfumes,high,standard perfume,name=عطر كنوز المملكة لوكس 100 مل; product_type=عطر,approved,standard perfume,2026-08-02T07:33:46Z,ready,proposed_child,NO,NO,NO
ARD-2091,2091,عطر كنوز المملكة فلورا 100 مل,أرض الخليج,100 مل,16000,عطر,العطور,high,العطور,perfumes,high,standard perfume,name=عطر كنوز المملكة فلورا 100 مل; product_type=عطر,approved,standard perfume,2026-08-02T07:33:46Z,ready,proposed_child,NO,NO,NO
ARD-2425,2425,سيت مجموعة فاطمة,أرض الخليج,,18000,مجموعة عطرية,العطور,high,العطور,perfumes,high,workbook category retained after rules miss,name=سيت مجموعة فاطمة; product_type=مجموعة عطرية,approved,workbook category retained after rules miss,2026-08-02T07:33:46Z,ready,proposed_child,NO,NO,NO
ARD-2435,2435,عطر وهم,أرض الخليج,,27000,عطر,العطور,high,العطور,perfumes,high,standard perfume,name=عطر وهم; product_type=عطر,approved,standard perfume,2026-08-02T07:33:46Z,ready,proposed_child,NO,NO,NO
ARD-2470,2470,عطر شيلة وعباية الانوثة 100 مل,أرض الخليج,100 مل,9000,عطر,العطور,high,العطور,perfumes,high,standard perfume,name=عطر شيلة وعباية الانوثة 100 مل; product_type=عطر,approved,standard perfume,2026-08-02T07:33:46Z,ready,proposed_child,NO,NO,NO
ARD-2861,2861,عطر جميلة روج,أرض الخليج,,12000,عطر,العطور,high,العطور,perfumes,high,standard perfume,name=عطر جميلة روج; product_type=عطر,approved,standard perfume,2026-08-02T07:33:46Z,ready,proposed_child,NO,NO,NO
ARD-3064,3064,عطر زجل / مملكة العود,أرض الخليج,,29000,عطر,العطور,high,العطور,perfumes,high,standard perfume,name=عطر زجل / مملكة العود; product_type=عطر,approved,standard perfume,2026-08-02T07:33:46Z,ready,proposed_child,NO,NO,NO
ARD-3266,3266,عطر موناكو توباكو روج,أرض الخليج,,22000,عطر,العطور,high,العطور,perfumes,high,standard perfume,name=عطر موناكو توباكو روج; product_type=عطر,approved,standard perfume,2026-08-02T07:33:46Z,ready,proposed_child,NO,NO,NO
ARD-3529,3529,عطر داي نايت 50 مل (ريد بلو ) 2ق,أرض الخليج,50 مل,20000,عطر,العطور,high,العطور,perfumes,high,standard perfume,name=عطر داي نايت 50 مل (ريد بلو ) 2ق; product_type=عطر,approved,standard perfume,2026-08-02T07:33:46Z,ready,proposed_child,NO,NO,NO
ARD-4141,4141,عطر ديلارا / أرض الخليج,أرض الخليج,,15000,عطر,العطور,high,العطور,perfumes,high,standard perfume,name=عطر ديلارا / أرض الخليج; product_type=عطر,approved,standard perfume,2026-08-02T07:33:46Z,ready,proposed_child,NO,NO,NO
ARD-4142,4142,عطر لورا / أرض الخليج,أرض الخليج,,15000,عطر,العطور,high,العطور,perfumes,high,standard perfume,name=عطر لورا / أرض الخليج; product_type=عطر,approved,standard perfume,2026-08-02T07:33:46Z,ready,proposed_child,NO,NO,NO
ARD-4143,4143,عطر لورنس / أرض الخليج,أرض الخليج,,15000,عطر,العطور,high,العطور,perfumes,high,standard perfume,name=عطر لورنس / أرض الخليج; product_type=عطر,approved,standard perfume,2026-08-02T07:33:46Z,ready,proposed_child,NO,NO,NO
ARD-4709,4709,عطر هاتان / أرض الخليج,أرض الخليج,,27000,عطر,العطور,high,العطور,perfumes,high,standard perfume,name=عطر هاتان / أرض الخليج; product_type=عطر,approved,standard perfume,2026-08-02T07:33:46Z,ready,proposed_child,NO,NO,NO
ARD-4996,4996,عطر مكتوم 100 مل / أرض الخليج,أرض الخليج,100 مل,26000,عطر,العطور,high,العطور,perfumes,high,standard perfume,name=عطر مكتوم 100 مل / أرض الخليج; product_type=عطر,approved,standard perfume,2026-08-02T07:33:46Z,ready,proposed_child,NO,NO,NO
ARD-5000,5000,عطر لصبايا فقط سينست كيس 100 مل,أرض الخليج,100 مل,18000,عطر,العطور,high,العطور,perfumes,high,standard perfume,name=عطر لصبايا فقط سينست كيس 100 مل; product_type=عطر,approved,standard perfume,2026-08-02T07:33:46Z,ready,proposed_child,NO,NO,NO
ARD-5003,5003,عطر طيف 100 مل,أرض الخليج,100 مل,22000,عطر,العطور,high,العطور,perfumes,high,standard perfume,name=عطر طيف 100 مل; product_type=عطر,approved,standard perfume,2026-08-02T07:33:46Z,ready,proposed_child,NO,NO,NO
ARD-5004,5004,عطر عساف 100 مل,أرض الخليج,100 مل,26000,عطر,العطور,high,العطور,perfumes,high,standard perfume,name=عطر عساف 100 مل; product_type=عطر,approved,standard perfume,2026-08-02T07:33:46Z,ready,proposed_child,NO,NO,NO
ARD-5005,5005,عطر غلاها زايد اترنال بلوسوم 100 مل,أرض الخليج,100 مل,18000,عطر,العطور,high,العطور,perfumes,high,standard perfume,name=عطر غلاها زايد اترنال بلوسوم 100 مل; product_type=عطر,approved,standard perfume,2026-08-02T07:33:46Z,ready,proposed_child,NO,NO,NO
ARD-5006,5006,عطر مكياج رومانسي 100 مل,أرض الخليج,100 مل,18000,بودرة أو منتج تجميل,البودرة ومنتجات التجميل,high,العطور,perfumes,high,standard perfume,name=عطر مكياج رومانسي 100 مل; product_type=بودرة أو منتج تجميل,corrected,standard perfume,2026-08-02T07:33:46Z,ready,proposed_child,NO,YES,NO
ARD-5007,5007,عطر هيا جلامور 100 مل (24),أرض الخليج,100 مل,26000,عطر,العطور,high,العطور,perfumes,high,standard perfume,name=عطر هيا جلامور 100 مل (24); product_type=عطر,approved,standard perfume,2026-08-02T07:33:46Z,ready,proposed_child,NO,NO,NO
ARD-5008,5008,عطر هيا ديفا 100 مل (24),أرض الخليج,100 مل,26000,عطر,العطور,high,العطور,perfumes,high,standard perfume,name=عطر هيا ديفا 100 مل (24); product_type=عطر,approved,standard perfume,2026-08-02T07:33:46Z,ready,proposed_child,NO,NO,NO
ARD-5009,5009,عطر خالد 100 مل / أرض الخليج,أرض الخليج,100 مل,26000,عطر,العطور,high,العطور,perfumes,high,standard perfume,name=عطر خالد 100 مل / أرض الخليج; product_type=عطر,approved,standard perfume,2026-08-02T07:33:46Z,ready,proposed_child,NO,NO,NO
ARD-5010,5010,عطر هيا الجانت 100 مل (24),أرض الخليج,100 مل,26000,عطر,العطور,high,العطور,perfumes,high,standard perfume,name=عطر هيا الجانت 100 مل (24); product_type=عطر,approved,standard perfume,2026-08-02T07:33:46Z,ready,proposed_child,NO,NO,NO
ARD-5011,5011,عطر هيا شيك 100 مل (24),أرض الخليج,100 مل,26000,عطر,العطور,high,العطور,perfumes,high,standard perfume,name=عطر هيا شيك 100 مل (24); product_type=عطر,approved,standard perfume,2026-08-02T07:33:46Z,ready,proposed_child,NO,NO,NO
ARD-5043,5043,عطر شهرة مارشميلو 100 مل / أرض الخليج,أرض الخليج,100 مل,18000,عطر,العطور,high,العطور,perfumes,high,standard perfume,name=عطر شهرة مارشميلو 100 مل / أرض الخليج; product_type=عطر,approved,standard perfume,2026-08-02T07:33:46Z,ready,proposed_child,NO,NO,NO
ARD-334,334,عطر شيخ زايد ذهبي 50 مل,أرض الخليج,50 مل,4000,عطر,العطور,high,العطور,perfumes,high,standard perfume,name=عطر شيخ زايد ذهبي 50 مل; product_type=عطر,approved,standard perfume,2026-08-02T07:33:46Z,ready,proposed_child,NO,NO,NO
ARD-335,335,عطر شيخ زايد ابيض 50 مل,أرض الخليج,50 مل,3000,عطر,العطور,high,العطور,perfumes,high,standard perfume,name=عطر شيخ زايد ابيض 50 مل; product_type=عطر,approved,standard perfume,2026-08-02T07:33:46Z,ready,proposed_child,NO,NO,NO
ARD-336,336,عطر العروسه 50 مل,أرض الخليج,50 مل,4000,عطر,العطور,high,العطور,perfumes,high,standard perfume,name=عطر العروسه 50 مل; product_type=عطر,approved,standard perfume,2026-08-02T07:33:46Z,ready,proposed_child,NO,NO,NO
ARD-337,337,عطر غلاها زايد 50 مل,أرض الخليج,50 مل,3000,عطر,العطور,high,العطور,perfumes,high,standard perfume,name=عطر غلاها زايد 50 مل; product_type=عطر,approved,standard perfume,2026-08-02T07:33:46Z,ready,proposed_child,NO,NO,NO
ARD-338,338,عطر فاطمه 50 مل,أرض الخليج,50 مل,3000,عطر,العطور,high,العطور,perfumes,high,standard perfume,name=عطر فاطمه 50 مل; product_type=عطر,approved,standard perfume,2026-08-02T07:33:46Z,ready,proposed_child,NO,NO,NO
ARD-339,339,عطر فقط للنساء 50 مل,أرض الخليج,50 مل,4000,عطر,العطور,high,العطور,perfumes,high,standard perfume,name=عطر فقط للنساء 50 مل; product_type=عطر,approved,standard perfume,2026-08-02T07:33:46Z,ready,proposed_child,NO,NO,NO
ARD-340,340,عطر مكياج 50 مل,أرض الخليج,50 مل,4000,بودرة أو منتج تجميل,البودرة ومنتجات التجميل,high,العطور,perfumes,high,standard perfume,name=عطر مكياج 50 مل; product_type=بودرة أو منتج تجميل,corrected,standard perfume,2026-08-02T07:33:46Z,ready,proposed_child,NO,YES,NO
ARD-341,341,عطر الشيخ 50 مل,أرض الخليج,50 مل,3000,عطر,العطور,high,العطور,perfumes,high,standard perfume,name=عطر الشيخ 50 مل; product_type=عطر,approved,standard perfume,2026-08-02T07:33:46Z,ready,proposed_child,NO,NO,NO
ARD-519,519,عطر 50 مل للصبايا فقط,أرض الخليج,50 مل,3000,عطر,العطور,high,العطور,perfumes,high,standard perfume,name=عطر 50 مل للصبايا فقط; product_type=عطر,approved,standard perfume,2026-08-02T07:33:46Z,ready,proposed_child,NO,NO,NO
ARD-1931,1931,عطر 50 مل شهرة نسائي,أرض الخليج,50 مل,4000,عطر,العطور,high,العطور,perfumes,high,standard perfume,name=عطر 50 مل شهرة نسائي; product_type=عطر,approved,standard perfume,2026-08-02T07:33:46Z,ready,proposed_child,NO,NO,NO
ARD-1934,1934,عطر 50 مل المثير,أرض الخليج,50 مل,3000,عطر,العطور,high,العطور,perfumes,high,standard perfume,name=عطر 50 مل المثير; product_type=عطر,approved,standard perfume,2026-08-02T07:33:46Z,ready,proposed_child,NO,NO,NO
ARD-1936,1936,عطر 50 مل فزاع,أرض الخليج,50 مل,3000,عطر,العطور,high,العطور,perfumes,high,standard perfume,name=عطر 50 مل فزاع; product_type=عطر,approved,standard perfume,2026-08-02T07:33:46Z,ready,proposed_child,NO,NO,NO
ARD-1938,1938,عطر 50 مل خلاخيل,أرض الخليج,50 مل,4000,عطر,العطور,high,العطور,perfumes,high,standard perfume,name=عطر 50 مل خلاخيل; product_type=عطر,approved,standard perfume,2026-08-02T07:33:46Z,ready,proposed_child,NO,NO,NO
ARD-1939,1939,عطر 50 مل الخيال,أرض الخليج,50 مل,3000,عطر,العطور,high,العطور,perfumes,high,standard perfume,name=عطر 50 مل الخيال; product_type=عطر,approved,standard perfume,2026-08-02T07:33:46Z,ready,proposed_child,NO,NO,NO
ARD-1941,1941,عطر 50 مل غرام الليل,أرض الخليج,50 مل,3000,عطر,العطور,high,العطور,perfumes,high,standard perfume,name=عطر 50 مل غرام الليل; product_type=عطر,approved,standard perfume,2026-08-02T07:33:46Z,ready,proposed_child,NO,NO,NO
ARD-1942,1942,عطر 50 مل جميلة,أرض الخليج,50 مل,3000,عطر,العطور,high,العطور,perfumes,high,standard perfume,name=عطر 50 مل جميلة; product_type=عطر,approved,standard perfume,2026-08-02T07:33:46Z,ready,proposed_child,NO,NO,NO
ARD-124,124,معطر احلى النساء,أرض الخليج,,3000,معطر,معطرات الجسم والبودي مست,medium,معطرات الجسم والبودي مست,body-mist-splash,medium,workbook category retained after rules miss,name=معطر احلى النساء; product_type=معطر,approved,workbook category retained after rules miss,2026-08-02T07:33:46Z,ready,proposed_child,NO,NO,YES
ARD-126,126,معطر الانوثه,أرض الخليج,,3000,معطر,معطرات الجسم والبودي مست,medium,معطرات الجسم والبودي مست,body-mist-splash,medium,workbook category retained after rules miss,name=معطر الانوثه; product_type=معطر,approved,workbook category retained after rules miss,2026-08-02T07:33:46Z,ready,proposed_child,NO,NO,YES
ARD-128,128,معطر الشيخ,أرض الخليج,,3000,معطر,معطرات الجسم والبودي مست,medium,معطرات الجسم والبودي مست,body-mist-splash,medium,workbook category retained after rules miss,name=معطر الشيخ; product_type=معطر,approved,workbook category retained after rules miss,2026-08-02T07:33:46Z,ready,proposed_child,NO,NO,YES
ARD-130,130,معطر ايهم,أرض الخليج,,2000,معطر,معطرات الجسم والبودي مست,medium,معطرات الجسم والبودي مست,body-mist-splash,medium,workbook category retained after rules miss,name=معطر ايهم; product_type=معطر,approved,workbook category retained after rules miss,2026-08-02T07:33:46Z,ready,proposed_child,NO,NO,YES
ARD-132,132,معطر حروف,أرض الخليج,,3000,معطر,معطرات الجسم والبودي مست,medium,معطرات الجسم والبودي مست,body-mist-splash,medium,workbook category retained after rules miss,name=معطر حروف; product_type=معطر,approved,workbook category retained after rules miss,2026-08-02T07:33:46Z,ready,proposed_child,NO,NO,YES
ARD-134,134,معطر دلع البنات,أرض الخليج,,3000,معطر,معطرات الجسم والبودي مست,medium,معطرات الجسم والبودي مست,body-mist-splash,medium,workbook category retained after rules miss,name=معطر دلع البنات; product_type=معطر,approved,workbook category retained after rules miss,2026-08-02T07:33:46Z,ready,proposed_child,NO,NO,YES
ARD-138,138,معطر شيخ زايد ابيض,أرض الخليج,,3000,معطر,معطرات الجسم والبودي مست,medium,معطرات الجسم والبودي مست,body-mist-splash,medium,workbook category retained after rules miss,name=معطر شيخ زايد ابيض; product_type=معطر,approved,workbook category retained after rules miss,2026-08-02T07:33:46Z,ready,proposed_child,NO,NO,YES
ARD-141,141,معطر شيخ زايد ذهبي,أرض الخليج,,3000,معطر,معطرات الجسم والبودي مست,medium,معطرات الجسم والبودي مست,body-mist-splash,medium,workbook category retained after rules miss,name=معطر شيخ زايد ذهبي; product_type=معطر,approved,workbook category retained after rules miss,2026-08-02T07:33:46Z,ready,proposed_child,NO,NO,YES
ARD-144,144,معطر عطر العروسه,أرض الخليج,,3000,معطر,معطرات الجسم والبودي مست,medium,معطرات الجسم والبودي مست,body-mist-splash,medium,workbook category retained after rules miss,name=معطر عطر العروسه; product_type=معطر,approved,workbook category retained after rules miss,2026-08-02T07:33:46Z,ready,proposed_child,NO,NO,YES
ARD-146,146,معطر غلا راشد,أرض الخليج,,3000,معطر,معطرات الجسم والبودي مست,medium,معطرات الجسم والبودي مست,body-mist-splash,medium,workbook category retained after rules miss,name=معطر غلا راشد; product_type=معطر,approved,workbook category retained after rules miss,2026-08-02T07:33:46Z,ready,proposed_child,NO,NO,YES
ARD-147,147,معطر غلا زايد,أرض الخليج,,3000,معطر,معطرات الجسم والبودي مست,medium,معطرات الجسم والبودي مست,body-mist-splash,medium,workbook category retained after rules miss,name=معطر غلا زايد; product_type=معطر,approved,workbook category retained after rules miss,2026-08-02T07:33:46Z,ready,proposed_child,NO,NO,YES
ARD-148,148,معطر غلاها زايد,أرض الخليج,,3000,معطر,معطرات الجسم والبودي مست,medium,معطرات الجسم والبودي مست,body-mist-splash,medium,workbook category retained after rules miss,name=معطر غلاها زايد; product_type=معطر,approved,workbook category retained after rules miss,2026-08-02T07:33:46Z,ready,proposed_child,NO,NO,YES
ARD-149,149,معطر فاطمه,أرض الخليج,,3000,معطر,معطرات الجسم والبودي مست,medium,معطرات الجسم والبودي مست,body-mist-splash,medium,workbook category retained after rules miss,name=معطر فاطمه; product_type=معطر,approved,workbook category retained after rules miss,2026-08-02T07:33:46Z,ready,proposed_child,NO,NO,YES
ARD-152,152,معطر كاردينيا,أرض الخليج,,3000,معطر,معطرات الجسم والبودي مست,medium,معطرات الجسم والبودي مست,body-mist-splash,medium,workbook category retained after rules miss,name=معطر كاردينيا; product_type=معطر,approved,workbook category retained after rules miss,2026-08-02T07:33:46Z,ready,proposed_child,NO,NO,YES
ARD-154,154,معطر لصبايا فقط,أرض الخليج,,3000,معطر,معطرات الجسم والبودي مست,medium,معطرات الجسم والبودي مست,body-mist-splash,medium,workbook category retained after rules miss,name=معطر لصبايا فقط; product_type=معطر,approved,workbook category retained after rules miss,2026-08-02T07:33:46Z,ready,proposed_child,NO,NO,YES
ARD-313,313,معطر فزاع,أرض الخليج,,3000,معطر,معطرات الجسم والبودي مست,medium,معطرات الجسم والبودي مست,body-mist-splash,medium,workbook category retained after rules miss,name=معطر فزاع; product_type=معطر,approved,workbook category retained after rules miss,2026-08-02T07:33:46Z,ready,proposed_child,NO,NO,YES
ARD-376,376,معطر المثير,أرض الخليج,,3000,معطر,معطرات الجسم والبودي مست,medium,معطرات الجسم والبودي مست,body-mist-splash,medium,workbook category retained after rules miss,name=معطر المثير; product_type=معطر,approved,workbook category retained after rules miss,2026-08-02T07:33:46Z,ready,proposed_child,NO,NO,YES
ARD-377,377,معطر جسم الخيال,أرض الخليج,,3000,معطر جسم أو بودي مست,معطرات الجسم والبودي مست,high,معطرات الجسم والبودي مست,body-mist-splash,high,explicit body mist/splash,name=معطر جسم الخيال; product_type=معطر جسم أو بودي مست,approved,explicit body mist/splash,2026-08-02T07:33:46Z,ready,proposed_child,NO,NO,NO
ARD-378,378,معطر جسم فخامه,أرض الخليج,,3000,معطر جسم أو بودي مست,معطرات الجسم والبودي مست,high,معطرات الجسم والبودي مست,body-mist-splash,high,explicit body mist/splash,name=معطر جسم فخامه; product_type=معطر جسم أو بودي مست,approved,explicit body mist/splash,2026-08-02T07:33:46Z,ready,proposed_child,NO,NO,NO
ARD-379,379,معطر جسم شهره رجالي,أرض الخليج,,3000,معطر جسم أو بودي مست,معطرات الجسم والبودي مست,high,معطرات الجسم والبودي مست,body-mist-splash,high,explicit body mist/splash,name=معطر جسم شهره رجالي; product_type=معطر جسم أو بودي مست,approved,explicit body mist/splash,2026-08-02T07:33:46Z,ready,proposed_child,NO,NO,NO
ARD-380,380,معطر جسم شهره نسائي,أرض الخليج,,3000,معطر جسم أو بودي مست,معطرات الجسم والبودي مست,high,معطرات الجسم والبودي مست,body-mist-splash,high,explicit body mist/splash,name=معطر جسم شهره نسائي; product_type=معطر جسم أو بودي مست,approved,explicit body mist/splash,2026-08-02T07:33:46Z,ready,proposed_child,NO,NO,NO
ARD-518,518,معطر جسم مكياج وردي,أرض الخليج,,3000,بودرة أو منتج تجميل,البودرة ومنتجات التجميل,high,معطرات الجسم والبودي مست,body-mist-splash,high,explicit body mist/splash,name=معطر جسم مكياج وردي; product_type=بودرة أو منتج تجميل,corrected,explicit body mist/splash,2026-08-02T07:33:46Z,ready,proposed_child,NO,YES,NO
ARD-664,664,معطر جسم عشق الممنوع,أرض الخليج,,3000,معطر جسم أو بودي مست,معطرات الجسم والبودي مست,high,معطرات الجسم والبودي مست,body-mist-splash,high,explicit body mist/splash,name=معطر جسم عشق الممنوع; product_type=معطر جسم أو بودي مست,approved,explicit body mist/splash,2026-08-02T07:33:46Z,ready,proposed_child,NO,NO,NO
ARD-711,711,معطر جسم أرض الخليج / انتريج,أرض الخليج,,3000,معطر جسم أو بودي مست,معطرات الجسم والبودي مست,high,معطرات الجسم والبودي مست,body-mist-splash,high,explicit body mist/splash,name=معطر جسم أرض الخليج / انتريج; product_type=معطر جسم أو بودي مست,approved,explicit body mist/splash,2026-08-02T07:33:46Z,ready,proposed_child,NO,NO,NO
ARD-832,832,معطر جسم شغف,أرض الخليج,,3000,معطر جسم أو بودي مست,معطرات الجسم والبودي مست,high,معطرات الجسم والبودي مست,body-mist-splash,high,explicit body mist/splash,name=معطر جسم شغف; product_type=معطر جسم أو بودي مست,approved,explicit body mist/splash,2026-08-02T07:33:46Z,ready,proposed_child,NO,NO,NO
ARD-833,833,معطر جسم كلمات,أرض الخليج,,3000,معطر جسم أو بودي مست,معطرات الجسم والبودي مست,high,معطرات الجسم والبودي مست,body-mist-splash,high,explicit body mist/splash,name=معطر جسم كلمات; product_type=معطر جسم أو بودي مست,approved,explicit body mist/splash,2026-08-02T07:33:46Z,ready,proposed_child,NO,NO,NO
ARD-868,868,معطر غرام الليل,أرض الخليج,,3000,معطر,معطرات الجسم والبودي مست,medium,معطرات الجسم والبودي مست,body-mist-splash,medium,workbook category retained after rules miss,name=معطر غرام الليل; product_type=معطر,approved,workbook category retained after rules miss,2026-08-02T07:33:46Z,ready,proposed_child,NO,NO,YES
ARD-965,965,معطر جسم اعجازي أرض الخليج,أرض الخليج,,3000,معطر جسم أو بودي مست,معطرات الجسم والبودي مست,high,معطرات الجسم والبودي مست,body-mist-splash,high,explicit body mist/splash,name=معطر جسم اعجازي أرض الخليج; product_type=معطر جسم أو بودي مست,approved,explicit body mist/splash,2026-08-02T07:33:46Z,ready,proposed_child,NO,NO,NO
ARD-966,966,معطر جسم خاص للنساء,أرض الخليج,,3000,معطر جسم أو بودي مست,معطرات الجسم والبودي مست,high,معطرات الجسم والبودي مست,body-mist-splash,high,explicit body mist/splash,name=معطر جسم خاص للنساء; product_type=معطر جسم أو بودي مست,approved,explicit body mist/splash,2026-08-02T07:33:46Z,ready,proposed_child,NO,NO,NO
ARD-1128,1128,معطر كادي اخضر,أرض الخليج,,3000,معطر,معطرات الجسم والبودي مست,medium,معطرات الجسم والبودي مست,body-mist-splash,medium,workbook category retained after rules miss,name=معطر كادي اخضر; product_type=معطر,approved,workbook category retained after rules miss,2026-08-02T07:33:46Z,ready,proposed_child,NO,NO,YES
ARD-1135,1135,معطر انوثة احمر,أرض الخليج,,3000,معطر,معطرات الجسم والبودي مست,medium,معطرات الجسم والبودي مست,body-mist-splash,medium,workbook category retained after rules miss,name=معطر انوثة احمر; product_type=معطر,approved,workbook category retained after rules miss,2026-08-02T07:33:46Z,ready,proposed_child,NO,NO,YES
ARD-1138,1138,معطر جسم جود,أرض الخليج,,3000,معطر جسم أو بودي مست,معطرات الجسم والبودي مست,high,معطرات الجسم والبودي مست,body-mist-splash,high,explicit body mist/splash,name=معطر جسم جود; product_type=معطر جسم أو بودي مست,approved,explicit body mist/splash,2026-08-02T07:33:46Z,ready,proposed_child,NO,NO,NO
ARD-1332,1332,معطر جميلة,أرض الخليج,,3000,معطر,معطرات الجسم والبودي مست,medium,معطرات الجسم والبودي مست,body-mist-splash,medium,workbook category retained after rules miss,name=معطر جميلة; product_type=معطر,approved,workbook category retained after rules miss,2026-08-02T07:33:46Z,ready,proposed_child,NO,NO,YES
ARD-1333,1333,معطر زهور باريس,أرض الخليج,,3000,معطر,معطرات الجسم والبودي مست,medium,معطرات الجسم والبودي مست,body-mist-splash,medium,workbook category retained after rules miss,name=معطر زهور باريس; product_type=معطر,approved,workbook category retained after rules miss,2026-08-02T07:33:46Z,ready,proposed_child,NO,NO,YES
ARD-1832,1832,معطر نيو سيكرت,أرض الخليج,,3000,معطر,معطرات الجسم والبودي مست,medium,معطرات الجسم والبودي مست,body-mist-splash,medium,workbook category retained after rules miss,name=معطر نيو سيكرت; product_type=معطر,approved,workbook category retained after rules miss,2026-08-02T07:33:46Z,ready,proposed_child,NO,NO,YES
ARD-1848,1848,معطر نيشان,أرض الخليج,,3000,معطر,معطرات الجسم والبودي مست,medium,معطرات الجسم والبودي مست,body-mist-splash,medium,workbook category retained after rules miss,name=معطر نيشان; product_type=معطر,approved,workbook category retained after rules miss,2026-08-02T07:33:46Z,ready,proposed_child,NO,NO,YES
ARD-3765,3765,معطر جسم 200 مل / ادم,أرض الخليج,200 مل,3000,معطر جسم أو بودي مست,معطرات الجسم والبودي مست,high,معطرات الجسم والبودي مست,body-mist-splash,high,explicit body mist/splash,name=معطر جسم 200 مل / ادم; product_type=معطر جسم أو بودي مست,approved,explicit body mist/splash,2026-08-02T07:33:46Z,ready,proposed_child,NO,NO,NO
ARD-3,3,سبلاش شهره للنساء,أرض الخليج,,5000,معطر جسم أو بودي مست,معطرات الجسم والبودي مست,high,معطرات الجسم والبودي مست,body-mist-splash,high,explicit body mist/splash,name=سبلاش شهره للنساء; product_type=معطر جسم أو بودي مست,approved,explicit body mist/splash,2026-08-02T07:33:46Z,ready,proposed_child,NO,NO,NO
ARD-4,4,سبلاش فاطمه,أرض الخليج,,5000,معطر جسم أو بودي مست,معطرات الجسم والبودي مست,high,معطرات الجسم والبودي مست,body-mist-splash,high,explicit body mist/splash,name=سبلاش فاطمه; product_type=معطر جسم أو بودي مست,approved,explicit body mist/splash,2026-08-02T07:33:46Z,ready,proposed_child,NO,NO,NO
ARD-5,5,سبلاش لصبايا فقط,أرض الخليج,,5000,معطر جسم أو بودي مست,معطرات الجسم والبودي مست,high,معطرات الجسم والبودي مست,body-mist-splash,high,explicit body mist/splash,name=سبلاش لصبايا فقط; product_type=معطر جسم أو بودي مست,approved,explicit body mist/splash,2026-08-02T07:33:46Z,ready,proposed_child,NO,NO,NO
ARD-456,456,سبلاش عطر العروسه,أرض الخليج,,5000,معطر جسم أو بودي مست,معطرات الجسم والبودي مست,high,معطرات الجسم والبودي مست,body-mist-splash,high,explicit body mist/splash,name=سبلاش عطر العروسه; product_type=معطر جسم أو بودي مست,approved,explicit body mist/splash,2026-08-02T07:33:46Z,ready,proposed_child,NO,NO,NO
ARD-523,523,سبلاش مكياج وردي,أرض الخليج,,5000,بودرة أو منتج تجميل,البودرة ومنتجات التجميل,high,معطرات الجسم والبودي مست,body-mist-splash,high,explicit body mist/splash,name=سبلاش مكياج وردي; product_type=بودرة أو منتج تجميل,corrected,explicit body mist/splash,2026-08-02T07:33:46Z,ready,proposed_child,NO,YES,NO
ARD-525,525,سبلاش فقط للنساء,أرض الخليج,,5000,معطر جسم أو بودي مست,معطرات الجسم والبودي مست,high,معطرات الجسم والبودي مست,body-mist-splash,high,explicit body mist/splash,name=سبلاش فقط للنساء; product_type=معطر جسم أو بودي مست,approved,explicit body mist/splash,2026-08-02T07:33:46Z,ready,proposed_child,NO,NO,NO
ARD-963,963,سبلاش المثير,أرض الخليج,,5000,معطر جسم أو بودي مست,معطرات الجسم والبودي مست,high,معطرات الجسم والبودي مست,body-mist-splash,high,explicit body mist/splash,name=سبلاش المثير; product_type=معطر جسم أو بودي مست,approved,explicit body mist/splash,2026-08-02T07:33:46Z,ready,proposed_child,NO,NO,NO
ARD-964,964,سبلاش الخيال,أرض الخليج,,5000,معطر جسم أو بودي مست,معطرات الجسم والبودي مست,high,معطرات الجسم والبودي مست,body-mist-splash,high,explicit body mist/splash,name=سبلاش الخيال; product_type=معطر جسم أو بودي مست,approved,explicit body mist/splash,2026-08-02T07:33:46Z,ready,proposed_child,NO,NO,NO
ARD-1435,1435,سبلاش الاسطورة,أرض الخليج,,5000,معطر جسم أو بودي مست,معطرات الجسم والبودي مست,high,معطرات الجسم والبودي مست,body-mist-splash,high,explicit body mist/splash,name=سبلاش الاسطورة; product_type=معطر جسم أو بودي مست,approved,explicit body mist/splash,2026-08-02T07:33:46Z,ready,proposed_child,NO,NO,NO
ARD-1437,1437,سبلاش الانوثة ابيض,أرض الخليج,,5000,معطر جسم أو بودي مست,معطرات الجسم والبودي مست,high,معطرات الجسم والبودي مست,body-mist-splash,high,explicit body mist/splash,name=سبلاش الانوثة ابيض; product_type=معطر جسم أو بودي مست,approved,explicit body mist/splash,2026-08-02T07:33:46Z,ready,proposed_child,NO,NO,NO
ARD-2112,2112,سبلاش نيشان,أرض الخليج,,5000,معطر جسم أو بودي مست,معطرات الجسم والبودي مست,high,معطرات الجسم والبودي مست,body-mist-splash,high,explicit body mist/splash,name=سبلاش نيشان; product_type=معطر جسم أو بودي مست,approved,explicit body mist/splash,2026-08-02T07:33:46Z,ready,proposed_child,NO,NO,NO
ARD-3066,3066,سبلاش احلى النساء اكسكلوسف,أرض الخليج,,5000,معطر جسم أو بودي مست,معطرات الجسم والبودي مست,high,معطرات الجسم والبودي مست,body-mist-splash,high,explicit body mist/splash,name=سبلاش احلى النساء اكسكلوسف; product_type=معطر جسم أو بودي مست,approved,explicit body mist/splash,2026-08-02T07:33:46Z,ready,proposed_child,NO,NO,NO
ARD-361,361,معطر فراش شمس الخليج,أرض الخليج,,5000,معطر مفارش,معطرات المنزل والمفارش والجو,high,معطرات المنزل والمفارش والجو,home-linen-air,high,explicit home fragrance,name=معطر فراش شمس الخليج; product_type=معطر مفارش,approved,explicit home fragrance,2026-08-02T07:33:46Z,ready,proposed_child,NO,NO,NO
ARD-362,362,معطر فراش المثير,أرض الخليج,,5000,معطر مفارش,معطرات المنزل والمفارش والجو,high,معطرات المنزل والمفارش والجو,home-linen-air,high,explicit home fragrance,name=معطر فراش المثير; product_type=معطر مفارش,approved,explicit home fragrance,2026-08-02T07:33:46Z,ready,proposed_child,NO,NO,NO
ARD-363,363,معطر فراش فلكلور,أرض الخليج,,5000,معطر مفارش,معطرات المنزل والمفارش والجو,high,معطرات المنزل والمفارش والجو,home-linen-air,high,explicit home fragrance,name=معطر فراش فلكلور; product_type=معطر مفارش,approved,explicit home fragrance,2026-08-02T07:33:46Z,ready,proposed_child,NO,NO,NO
ARD-418,418,معطر فراش جميله,أرض الخليج,,5000,معطر مفارش,معطرات المنزل والمفارش والجو,high,معطرات المنزل والمفارش والجو,home-linen-air,high,explicit home fragrance,name=معطر فراش جميله; product_type=معطر مفارش,approved,explicit home fragrance,2026-08-02T07:33:46Z,ready,proposed_child,NO,NO,NO
ARD-551,551,معطر فراش زهور باريس,أرض الخليج,,5000,معطر مفارش,معطرات المنزل والمفارش والجو,high,معطرات المنزل والمفارش والجو,home-linen-air,high,explicit home fragrance,name=معطر فراش زهور باريس; product_type=معطر مفارش,approved,explicit home fragrance,2026-08-02T07:33:46Z,ready,proposed_child,NO,NO,NO
ARD-646,646,معطر فراش مكياج وردي القديم,أرض الخليج,,5000,بودرة أو منتج تجميل,البودرة ومنتجات التجميل,high,معطرات المنزل والمفارش والجو,home-linen-air,high,explicit home fragrance,name=معطر فراش مكياج وردي القديم; product_type=بودرة أو منتج تجميل,corrected,explicit home fragrance,2026-08-02T07:33:46Z,ready,proposed_child,NO,YES,NO
ARD-650,650,معطر فراش فاطمه اسود,أرض الخليج,,5000,معطر مفارش,معطرات المنزل والمفارش والجو,high,معطرات المنزل والمفارش والجو,home-linen-air,high,explicit home fragrance,name=معطر فراش فاطمه اسود; product_type=معطر مفارش,approved,explicit home fragrance,2026-08-02T07:33:46Z,ready,proposed_child,NO,NO,NO
ARD-651,651,معطر فراش عطر العروسه,أرض الخليج,,5000,معطر مفارش,معطرات المنزل والمفارش والجو,high,معطرات المنزل والمفارش والجو,home-linen-air,high,explicit home fragrance,name=معطر فراش عطر العروسه; product_type=معطر مفارش,approved,explicit home fragrance,2026-08-02T07:33:46Z,ready,proposed_child,NO,NO,NO
ARD-653,653,معطر فراش للصبايا فقط,أرض الخليج,,5000,معطر مفارش,معطرات المنزل والمفارش والجو,high,معطرات المنزل والمفارش والجو,home-linen-air,high,explicit home fragrance,name=معطر فراش للصبايا فقط; product_type=معطر مفارش,approved,explicit home fragrance,2026-08-02T07:33:46Z,ready,proposed_child,NO,NO,NO
ARD-1285,1285,معطر فراش فخامه,أرض الخليج,,5000,معطر مفارش,معطرات المنزل والمفارش والجو,high,معطرات المنزل والمفارش والجو,home-linen-air,high,explicit home fragrance,name=معطر فراش فخامه; product_type=معطر مفارش,approved,explicit home fragrance,2026-08-02T07:33:46Z,ready,proposed_child,NO,NO,NO
ARD-1286,1286,معطر فراش كاردينيا,أرض الخليج,,5000,معطر مفارش,معطرات المنزل والمفارش والجو,high,معطرات المنزل والمفارش والجو,home-linen-air,high,explicit home fragrance,name=معطر فراش كاردينيا; product_type=معطر مفارش,approved,explicit home fragrance,2026-08-02T07:33:46Z,ready,proposed_child,NO,NO,NO
ARD-1517,1517,معطر فراش عام زايد,أرض الخليج,,5000,معطر مفارش,معطرات المنزل والمفارش والجو,high,معطرات المنزل والمفارش والجو,home-linen-air,high,explicit home fragrance,name=معطر فراش عام زايد; product_type=معطر مفارش,approved,explicit home fragrance,2026-08-02T07:33:46Z,ready,proposed_child,NO,NO,NO
ARD-2049,2049,معطر فراش سيكرت,أرض الخليج,,5000,معطر مفارش,معطرات المنزل والمفارش والجو,high,معطرات المنزل والمفارش والجو,home-linen-air,high,explicit home fragrance,name=معطر فراش سيكرت; product_type=معطر مفارش,approved,explicit home fragrance,2026-08-02T07:33:46Z,ready,proposed_child,NO,NO,NO
ARD-3166,3166,معطر فراش جميله روج,أرض الخليج,,5000,معطر مفارش,معطرات المنزل والمفارش والجو,high,معطرات المنزل والمفارش والجو,home-linen-air,high,explicit home fragrance,name=معطر فراش جميله روج; product_type=معطر مفارش,approved,explicit home fragrance,2026-08-02T07:33:46Z,ready,proposed_child,NO,NO,NO
ARD-3248,3248,معطر فراش احلى النساء,أرض الخليج,,5000,معطر مفارش,معطرات المنزل والمفارش والجو,high,معطرات المنزل والمفارش والجو,home-linen-air,high,explicit home fragrance,name=معطر فراش احلى النساء; product_type=معطر مفارش,approved,explicit home fragrance,2026-08-02T07:33:46Z,ready,proposed_child,NO,NO,NO
ARD-3252,3252,معطر فراش نيشان,أرض الخليج,,5000,معطر مفارش,معطرات المنزل والمفارش والجو,high,معطرات المنزل والمفارش والجو,home-linen-air,high,explicit home fragrance,name=معطر فراش نيشان; product_type=معطر مفارش,approved,explicit home fragrance,2026-08-02T07:33:46Z,ready,proposed_child,NO,NO,NO
ARD-4335,4335,معطر فراش شهرة نسائي قديم,أرض الخليج,,5000,معطر مفارش,معطرات المنزل والمفارش والجو,high,معطرات المنزل والمفارش والجو,home-linen-air,high,explicit home fragrance,name=معطر فراش شهرة نسائي قديم; product_type=معطر مفارش,approved,explicit home fragrance,2026-08-02T07:33:46Z,ready,proposed_child,NO,NO,NO
ARD-197,197,معطر جو فقط للنساء,أرض الخليج,,3000,معطر منزل وجو,معطرات المنزل والمفارش والجو,high,معطرات المنزل والمفارش والجو,home-linen-air,high,explicit home fragrance,name=معطر جو فقط للنساء; product_type=معطر منزل وجو,approved,explicit home fragrance,2026-08-02T07:33:46Z,ready,proposed_child,NO,NO,NO
ARD-198,198,معطر جو للصبايا فقط,أرض الخليج,,3000,معطر منزل وجو,معطرات المنزل والمفارش والجو,high,معطرات المنزل والمفارش والجو,home-linen-air,high,explicit home fragrance,name=معطر جو للصبايا فقط; product_type=معطر منزل وجو,approved,explicit home fragrance,2026-08-02T07:33:46Z,ready,proposed_child,NO,NO,NO
ARD-669,669,معطر جو فاطمه,أرض الخليج,,3000,معطر منزل وجو,معطرات المنزل والمفارش والجو,high,معطرات المنزل والمفارش والجو,home-linen-air,high,explicit home fragrance,name=معطر جو فاطمه; product_type=معطر منزل وجو,approved,explicit home fragrance,2026-08-02T07:33:46Z,ready,proposed_child,NO,NO,NO
ARD-670,670,معطر جو كلمات,أرض الخليج,,3000,معطر منزل وجو,معطرات المنزل والمفارش والجو,high,معطرات المنزل والمفارش والجو,home-linen-air,high,explicit home fragrance,name=معطر جو كلمات; product_type=معطر منزل وجو,approved,explicit home fragrance,2026-08-02T07:33:46Z,ready,proposed_child,NO,NO,NO
ARD-672,672,معطر جو العروسه,أرض الخليج,,3000,معطر منزل وجو,معطرات المنزل والمفارش والجو,high,معطرات المنزل والمفارش والجو,home-linen-air,high,explicit home fragrance,name=معطر جو العروسه; product_type=معطر منزل وجو,approved,explicit home fragrance,2026-08-02T07:33:46Z,ready,proposed_child,NO,NO,NO
ARD-673,673,معطر جو المثير,أرض الخليج,,3000,معطر منزل وجو,معطرات المنزل والمفارش والجو,high,معطرات المنزل والمفارش والجو,home-linen-air,high,explicit home fragrance,name=معطر جو المثير; product_type=معطر منزل وجو,approved,explicit home fragrance,2026-08-02T07:33:46Z,ready,proposed_child,NO,NO,NO
ARD-674,674,معطر جو الخيال,أرض الخليج,,3000,معطر منزل وجو,معطرات المنزل والمفارش والجو,high,معطرات المنزل والمفارش والجو,home-linen-air,high,explicit home fragrance,name=معطر جو الخيال; product_type=معطر منزل وجو,approved,explicit home fragrance,2026-08-02T07:33:46Z,ready,proposed_child,NO,NO,NO
ARD-675,675,معطر جو شغف,أرض الخليج,,3000,معطر منزل وجو,معطرات المنزل والمفارش والجو,high,معطرات المنزل والمفارش والجو,home-linen-air,high,explicit home fragrance,name=معطر جو شغف; product_type=معطر منزل وجو,approved,explicit home fragrance,2026-08-02T07:33:46Z,ready,proposed_child,NO,NO,NO
ARD-782,782,معطر جو اعجازي / أرض الخليج,أرض الخليج,,3000,معطر منزل وجو,معطرات المنزل والمفارش والجو,high,معطرات المنزل والمفارش والجو,home-linen-air,high,explicit home fragrance,name=معطر جو اعجازي / أرض الخليج; product_type=معطر منزل وجو,approved,explicit home fragrance,2026-08-02T07:33:46Z,ready,proposed_child,NO,NO,NO
ARD-841,841,معطر جو غلاها,أرض الخليج,,3000,معطر منزل وجو,معطرات المنزل والمفارش والجو,high,معطرات المنزل والمفارش والجو,home-linen-air,high,explicit home fragrance,name=معطر جو غلاها; product_type=معطر منزل وجو,approved,explicit home fragrance,2026-08-02T07:33:46Z,ready,proposed_child,NO,NO,NO
ARD-843,843,معطر جو مكياج,أرض الخليج,,3000,بودرة أو منتج تجميل,البودرة ومنتجات التجميل,high,معطرات المنزل والمفارش والجو,home-linen-air,high,explicit home fragrance,name=معطر جو مكياج; product_type=بودرة أو منتج تجميل,corrected,explicit home fragrance,2026-08-02T07:33:46Z,ready,proposed_child,NO,YES,NO
ARD-1710,1710,معطر جو احلى النساء,أرض الخليج,,3000,معطر منزل وجو,معطرات المنزل والمفارش والجو,high,معطرات المنزل والمفارش والجو,home-linen-air,high,explicit home fragrance,name=معطر جو احلى النساء; product_type=معطر منزل وجو,approved,explicit home fragrance,2026-08-02T07:33:46Z,ready,proposed_child,NO,NO,NO
ARD-1863,1863,معطر جو غلا زايد,أرض الخليج,,3000,معطر منزل وجو,معطرات المنزل والمفارش والجو,high,معطرات المنزل والمفارش والجو,home-linen-air,high,explicit home fragrance,name=معطر جو غلا زايد; product_type=معطر منزل وجو,approved,explicit home fragrance,2026-08-02T07:33:46Z,ready,proposed_child,NO,NO,NO
ARD-1865,1865,معطر جو نيشان,أرض الخليج,,3000,معطر منزل وجو,معطرات المنزل والمفارش والجو,high,معطرات المنزل والمفارش والجو,home-linen-air,high,explicit home fragrance,name=معطر جو نيشان; product_type=معطر منزل وجو,approved,explicit home fragrance,2026-08-02T07:33:46Z,ready,proposed_child,NO,NO,NO
ARD-1866,1866,معطر جو غرور,أرض الخليج,,3000,معطر منزل وجو,معطرات المنزل والمفارش والجو,high,معطرات المنزل والمفارش والجو,home-linen-air,high,explicit home fragrance,name=معطر جو غرور; product_type=معطر منزل وجو,approved,explicit home fragrance,2026-08-02T07:33:46Z,ready,proposed_child,NO,NO,NO
ARD-1867,1867,معطر جو كادي,أرض الخليج,,3000,معطر منزل وجو,معطرات المنزل والمفارش والجو,high,معطرات المنزل والمفارش والجو,home-linen-air,high,explicit home fragrance,name=معطر جو كادي; product_type=معطر منزل وجو,approved,explicit home fragrance,2026-08-02T07:33:46Z,ready,proposed_child,NO,NO,NO
ARD-2478,2478,معطر جو جميلة 300 مل,أرض الخليج,300 مل,3000,معطر منزل وجو,معطرات المنزل والمفارش والجو,high,معطرات المنزل والمفارش والجو,home-linen-air,high,explicit home fragrance,name=معطر جو جميلة 300 مل; product_type=معطر منزل وجو,approved,explicit home fragrance,2026-08-02T07:33:46Z,ready,proposed_child,NO,NO,NO
ARD-5059,5059,معطر جو شهره نسائي 300 مل,أرض الخليج,300 مل,3000,معطر منزل وجو,معطرات المنزل والمفارش والجو,high,معطرات المنزل والمفارش والجو,home-linen-air,high,explicit home fragrance,name=معطر جو شهره نسائي 300 مل; product_type=معطر منزل وجو,approved,explicit home fragrance,2026-08-02T07:33:46Z,ready,proposed_child,NO,NO,NO
ARD-1244,1244,مسك الطهاره المثير,أرض الخليج,,11000,مسك أو عطر زيتي,المسك والمخمريات والعطور الزيتية,high,المسك والمخمريات والعطور الزيتية,musk-oils-mukhammaria,high,explicit musk/oil/mukhammaria,name=مسك الطهاره المثير; product_type=مسك أو عطر زيتي,approved,explicit musk/oil/mukhammaria,2026-08-02T07:33:46Z,ready,proposed_child,NO,NO,NO
ARD-2090,2090,مسك الطهارة كنوز المملكة لوكس 100 مل,أرض الخليج,100 مل,16000,مسك أو عطر زيتي,المسك والمخمريات والعطور الزيتية,high,المسك والمخمريات والعطور الزيتية,musk-oils-mukhammaria,high,explicit musk/oil/mukhammaria,name=مسك الطهارة كنوز المملكة لوكس 100 مل; product_type=مسك أو عطر زيتي,approved,explicit musk/oil/mukhammaria,2026-08-02T07:33:46Z,ready,proposed_child,NO,NO,NO
ARD-2092,2092,مسك الطهارة كنوز المملكة فلورا 100 مل,أرض الخليج,100 مل,16000,مسك أو عطر زيتي,المسك والمخمريات والعطور الزيتية,high,المسك والمخمريات والعطور الزيتية,musk-oils-mukhammaria,high,explicit musk/oil/mukhammaria,name=مسك الطهارة كنوز المملكة فلورا 100 مل; product_type=مسك أو عطر زيتي,approved,explicit musk/oil/mukhammaria,2026-08-02T07:33:46Z,ready,proposed_child,NO,NO,NO
ARD-1257,1257,عطر شعر الانوثه احمر 50 مل,أرض الخليج,50 مل,8000,عطر شعر,العناية بالشعر وعطور الشعر,high,العناية بالشعر وعطور الشعر,hair-care-fragrance,high,explicit hair fragrance,name=عطر شعر الانوثه احمر 50 مل; product_type=عطر شعر,approved,explicit hair fragrance,2026-08-02T07:33:46Z,ready,proposed_child,NO,NO,NO
ARD-1670,1670,عطر شعر 50 مل مكياج,أرض الخليج,50 مل,7000,عطر شعر,العناية بالشعر وعطور الشعر,high,العناية بالشعر وعطور الشعر,hair-care-fragrance,high,explicit hair fragrance,name=عطر شعر 50 مل مكياج; product_type=عطر شعر,approved,explicit hair fragrance,2026-08-02T07:33:46Z,ready,proposed_child,NO,NO,YES
ARD-1789,1789,بخور الخيال,غير محدد,,5000,بخور,البخور والمعمول,high,البخور والمعمول,incense-maamoul,high,explicit incense,name=بخور الخيال; product_type=بخور,approved,explicit incense,2026-08-02T07:33:46Z,merchant_confirmation,proposed_child,NO,NO,YES
ARD-1790,1790,بخور المثير,غير محدد,,6000,بخور,البخور والمعمول,high,البخور والمعمول,incense-maamoul,high,explicit incense,name=بخور المثير; product_type=بخور,approved,explicit incense,2026-08-02T07:33:46Z,merchant_confirmation,proposed_child,NO,NO,YES
ARD-1791,1791,بخور عطر العروسة,غير محدد,,5000,بخور,البخور والمعمول,high,البخور والمعمول,incense-maamoul,high,explicit incense,name=بخور عطر العروسة; product_type=بخور,approved,explicit incense,2026-08-02T07:33:46Z,merchant_confirmation,proposed_child,NO,NO,YES
ARD-1792,1792,بخور فاطمة,غير محدد,,5000,بخور,البخور والمعمول,high,البخور والمعمول,incense-maamoul,high,explicit incense,name=بخور فاطمة; product_type=بخور,approved,explicit incense,2026-08-02T07:33:46Z,merchant_confirmation,proposed_child,NO,NO,YES
ARD-1793,1793,بخور غلا زايد,غير محدد,,5000,بخور,البخور والمعمول,high,البخور والمعمول,incense-maamoul,high,explicit incense,name=بخور غلا زايد; product_type=بخور,approved,explicit incense,2026-08-02T07:33:46Z,merchant_confirmation,proposed_child,NO,NO,YES
ARD-1794,1794,بخور غرام الليل,غير محدد,,5000,بخور,البخور والمعمول,high,البخور والمعمول,incense-maamoul,high,explicit incense,name=بخور غرام الليل; product_type=بخور,approved,explicit incense,2026-08-02T07:33:46Z,merchant_confirmation,proposed_child,NO,NO,YES
ARD-1795,1795,بخور مزاج,غير محدد,,6000,بخور,البخور والمعمول,high,البخور والمعمول,incense-maamoul,high,explicit incense,name=بخور مزاج; product_type=بخور,approved,explicit incense,2026-08-02T07:33:46Z,merchant_confirmation,proposed_child,NO,NO,YES
ARD-1796,1796,بخور نيشان,Niche,,5000,بخور,البخور والمعمول,high,البخور والمعمول,incense-maamoul,high,explicit incense,name=بخور نيشان; product_type=بخور,approved,explicit incense,2026-08-02T07:33:46Z,ready,proposed_child,NO,NO,NO
ARD-1797,1797,بخور شيخ زايد,غير محدد,,6000,بخور,البخور والمعمول,high,البخور والمعمول,incense-maamoul,high,explicit incense,name=بخور شيخ زايد; product_type=بخور,approved,explicit incense,2026-08-02T07:33:46Z,merchant_confirmation,proposed_child,NO,NO,YES
ARD-1798,1798,بخور تو النهار,غير محدد,,6000,بخور,البخور والمعمول,high,البخور والمعمول,incense-maamoul,high,explicit incense,name=بخور تو النهار; product_type=بخور,approved,explicit incense,2026-08-02T07:33:46Z,merchant_confirmation,proposed_child,NO,NO,YES
ARD-1745,1745,مسك طهارة 50 مل فاطمة,أرض الخليج,50 مل,14000,مسك أو عطر زيتي,المسك والمخمريات والعطور الزيتية,high,المسك والمخمريات والعطور الزيتية,musk-oils-mukhammaria,high,explicit musk/oil/mukhammaria,name=مسك طهارة 50 مل فاطمة; product_type=مسك أو عطر زيتي,approved,explicit musk/oil/mukhammaria,2026-08-02T07:33:46Z,ready,proposed_child,NO,NO,NO
ARD-1746,1746,مسك طهارة 50 مل مكياج,أرض الخليج,50 مل,14000,بودرة أو منتج تجميل,البودرة ومنتجات التجميل,high,المسك والمخمريات والعطور الزيتية,musk-oils-mukhammaria,high,explicit musk/oil/mukhammaria,name=مسك طهارة 50 مل مكياج; product_type=بودرة أو منتج تجميل,corrected,explicit musk/oil/mukhammaria,2026-08-02T07:33:46Z,ready,proposed_child,NO,YES,NO
ARD-1777,1777,مسك الطهارة 50 مل الانوثة,أرض الخليج,50 مل,14000,مسك أو عطر زيتي,المسك والمخمريات والعطور الزيتية,high,المسك والمخمريات والعطور الزيتية,musk-oils-mukhammaria,high,explicit musk/oil/mukhammaria,name=مسك الطهارة 50 مل الانوثة; product_type=مسك أو عطر زيتي,approved,explicit musk/oil/mukhammaria,2026-08-02T07:33:46Z,ready,proposed_child,NO,NO,NO
ARD-1778,1778,مسك الطهارة 50 مل العروسة,أرض الخليج,50 مل,14000,مسك أو عطر زيتي,المسك والمخمريات والعطور الزيتية,high,المسك والمخمريات والعطور الزيتية,musk-oils-mukhammaria,high,explicit musk/oil/mukhammaria,name=مسك الطهارة 50 مل العروسة; product_type=مسك أو عطر زيتي,approved,explicit musk/oil/mukhammaria,2026-08-02T07:33:46Z,ready,proposed_child,NO,NO,NO
ARD-1810,1810,مسك طهارة 50 مل غلاها زايد,أرض الخليج,50 مل,14000,مسك أو عطر زيتي,المسك والمخمريات والعطور الزيتية,high,المسك والمخمريات والعطور الزيتية,musk-oils-mukhammaria,high,explicit musk/oil/mukhammaria,name=مسك طهارة 50 مل غلاها زايد; product_type=مسك أو عطر زيتي,approved,explicit musk/oil/mukhammaria,2026-08-02T07:33:46Z,ready,proposed_child,NO,NO,NO
ARD-1811,1811,مسك طهارة 50 مل فقط للنساء,أرض الخليج,50 مل,13000,مسك أو عطر زيتي,المسك والمخمريات والعطور الزيتية,high,المسك والمخمريات والعطور الزيتية,musk-oils-mukhammaria,high,explicit musk/oil/mukhammaria,name=مسك طهارة 50 مل فقط للنساء; product_type=مسك أو عطر زيتي,approved,explicit musk/oil/mukhammaria,2026-08-02T07:33:46Z,ready,proposed_child,NO,NO,NO
ARD-1812,1812,مسك الطهارة 50 مل صبايا,أرض الخليج,50 مل,14000,مسك أو عطر زيتي,المسك والمخمريات والعطور الزيتية,high,المسك والمخمريات والعطور الزيتية,musk-oils-mukhammaria,high,explicit musk/oil/mukhammaria,name=مسك الطهارة 50 مل صبايا; product_type=مسك أو عطر زيتي,approved,explicit musk/oil/mukhammaria,2026-08-02T07:33:46Z,ready,proposed_child,NO,NO,NO
ARD-1904,1904,عطر رويال مسك ابيض 50 مل,Royal Musk,50 مل,17000,عطر,العطور,high,المسك والمخمريات والعطور الزيتية,musk-oils-mukhammaria,high,explicit musk/oil/mukhammaria,name=عطر رويال مسك ابيض 50 مل; product_type=عطر,corrected,explicit musk/oil/mukhammaria,2026-08-02T07:33:46Z,ready,proposed_child,NO,YES,YES
ARD-1906,1906,عطر رويال مسك وردي 50 مل,Royal Musk,50 مل,17000,عطر,العطور,high,المسك والمخمريات والعطور الزيتية,musk-oils-mukhammaria,high,explicit musk/oil/mukhammaria,name=عطر رويال مسك وردي 50 مل; product_type=عطر,corrected,explicit musk/oil/mukhammaria,2026-08-02T07:33:46Z,ready,proposed_child,NO,YES,YES
ARD-1907,1907,عطر رويال مسك بنفسجي 50 مل,Royal Musk,50 مل,17000,عطر,العطور,high,المسك والمخمريات والعطور الزيتية,musk-oils-mukhammaria,high,explicit musk/oil/mukhammaria,name=عطر رويال مسك بنفسجي 50 مل; product_type=عطر,corrected,explicit musk/oil/mukhammaria,2026-08-02T07:33:46Z,ready,proposed_child,NO,YES,YES
ARD-1960,1960,عطر رويال مسك رمان 50 مل,Royal Musk,50 مل,17000,عطر,العطور,high,المسك والمخمريات والعطور الزيتية,musk-oils-mukhammaria,high,explicit musk/oil/mukhammaria,name=عطر رويال مسك رمان 50 مل; product_type=عطر,corrected,explicit musk/oil/mukhammaria,2026-08-02T07:33:46Z,ready,proposed_child,NO,YES,YES
ARD-4476,4476,عطر رويال مسك بيستاشيو 50 مل,Royal Musk,50 مل,17000,عطر,العطور,high,المسك والمخمريات والعطور الزيتية,musk-oils-mukhammaria,high,explicit musk/oil/mukhammaria,name=عطر رويال مسك بيستاشيو 50 مل; product_type=عطر,corrected,explicit musk/oil/mukhammaria,2026-08-02T07:33:46Z,ready,proposed_child,NO,YES,YES
ARD-4477,4477,عطر رويال مسك كاندي 50 مل,Royal Musk,50 مل,17000,عطر,العطور,high,المسك والمخمريات والعطور الزيتية,musk-oils-mukhammaria,high,explicit musk/oil/mukhammaria,name=عطر رويال مسك كاندي 50 مل; product_type=عطر,corrected,explicit musk/oil/mukhammaria,2026-08-02T07:33:46Z,ready,proposed_child,NO,YES,YES
ARD-2130,2130,عطر ماركوينا,Masterpiece,,18000,عطر,العطور,high,العطور,perfumes,high,standard perfume,name=عطر ماركوينا; product_type=عطر,approved,standard perfume,2026-08-02T07:33:46Z,ready,proposed_child,NO,NO,NO
ARD-2131,2131,عطر روزا دي ماريسا,Masterpiece,,18000,عطر,العطور,high,العطور,perfumes,high,standard perfume,name=عطر روزا دي ماريسا; product_type=عطر,approved,standard perfume,2026-08-02T07:33:46Z,ready,proposed_child,NO,NO,NO
ARD-2133,2133,عطر فيولا ليفانتي,Masterpiece,,18000,عطر,العطور,high,العطور,perfumes,high,standard perfume,name=عطر فيولا ليفانتي; product_type=عطر,approved,standard perfume,2026-08-02T07:33:46Z,ready,proposed_child,NO,NO,NO
ARD-2134,2134,عطر ازورتي بلو,Masterpiece,,18000,عطر,العطور,high,العطور,perfumes,high,standard perfume,name=عطر ازورتي بلو; product_type=عطر,approved,standard perfume,2026-08-02T07:33:46Z,ready,proposed_child,NO,NO,NO
ARD-2135,2135,عطر فيردي اندو,Masterpiece,,18000,عطر,العطور,high,العطور,perfumes,high,standard perfume,name=عطر فيردي اندو; product_type=عطر,approved,standard perfume,2026-08-02T07:33:46Z,ready,proposed_child,NO,NO,NO
ARD-2212,2212,عطر بلو داماسكو 100 مل,Masterpiece,100 مل,19000,عطر,العطور,high,العطور,perfumes,high,standard perfume,name=عطر بلو داماسكو 100 مل; product_type=عطر,approved,standard perfume,2026-08-02T07:33:46Z,ready,proposed_child,NO,NO,NO
ARD-2215,2215,عطر روجو اليكانتي,Masterpiece,,19000,عطر,العطور,high,العطور,perfumes,high,standard perfume,name=عطر روجو اليكانتي; product_type=عطر,approved,standard perfume,2026-08-02T07:33:46Z,ready,proposed_child,NO,NO,NO
ARD-2129,2129,معطر فراش احلى النساء كبير 500 مل,أرض الخليج,500 مل,8000,معطر مفارش,معطرات المنزل والمفارش والجو,high,معطرات المنزل والمفارش والجو,home-linen-air,high,explicit home fragrance,name=معطر فراش احلى النساء كبير 500 مل; product_type=معطر مفارش,approved,explicit home fragrance,2026-08-02T07:33:46Z,ready,proposed_child,NO,NO,NO
ARD-2136,2136,معطر فراش الاسطورة كبير 500 مل,أرض الخليج,500 مل,8000,معطر مفارش,معطرات المنزل والمفارش والجو,high,معطرات المنزل والمفارش والجو,home-linen-air,high,explicit home fragrance,name=معطر فراش الاسطورة كبير 500 مل; product_type=معطر مفارش,approved,explicit home fragrance,2026-08-02T07:33:46Z,ready,proposed_child,NO,NO,NO
ARD-2138,2138,معطر فراش غلا راشد كبير 500 مل,أرض الخليج,500 مل,8000,معطر مفارش,معطرات المنزل والمفارش والجو,high,معطرات المنزل والمفارش والجو,home-linen-air,high,explicit home fragrance,name=معطر فراش غلا راشد كبير 500 مل; product_type=معطر مفارش,approved,explicit home fragrance,2026-08-02T07:33:46Z,ready,proposed_child,NO,NO,NO
ARD-2139,2139,معطر فراش صدفة كبير 500 مل,أرض الخليج,500 مل,8000,معطر مفارش,معطرات المنزل والمفارش والجو,high,معطرات المنزل والمفارش والجو,home-linen-air,high,explicit home fragrance,name=معطر فراش صدفة كبير 500 مل; product_type=معطر مفارش,approved,explicit home fragrance,2026-08-02T07:33:46Z,ready,proposed_child,NO,NO,NO
ARD-2140,2140,معطر فراش قوارير كبير 500 مل,أرض الخليج,500 مل,8000,معطر مفارش,معطرات المنزل والمفارش والجو,high,معطرات المنزل والمفارش والجو,home-linen-air,high,explicit home fragrance,name=معطر فراش قوارير كبير 500 مل; product_type=معطر مفارش,approved,explicit home fragrance,2026-08-02T07:33:46Z,ready,proposed_child,NO,NO,NO
ARD-2141,2141,معطر فراش عود شيخ زايد كبير 500 مل,أرض الخليج,500 مل,9000,معطر مفارش,معطرات المنزل والمفارش والجو,high,معطرات المنزل والمفارش والجو,home-linen-air,high,explicit home fragrance,name=معطر فراش عود شيخ زايد كبير 500 مل; product_type=معطر مفارش,approved,explicit home fragrance,2026-08-02T07:33:46Z,ready,proposed_child,NO,NO,NO
ARD-2152,2152,معطر فراش فزاع كبير 500 مل,أرض الخليج,500 مل,9000,معطر مفارش,معطرات المنزل والمفارش والجو,high,معطرات المنزل والمفارش والجو,home-linen-air,high,explicit home fragrance,name=معطر فراش فزاع كبير 500 مل; product_type=معطر مفارش,approved,explicit home fragrance,2026-08-02T07:33:46Z,ready,proposed_child,NO,NO,NO
ARD-2217,2217,معطر فراش عليا مركز كبير 500 مل,أرض الخليج,500 مل,8000,معطر مفارش,معطرات المنزل والمفارش والجو,high,معطرات المنزل والمفارش والجو,home-linen-air,high,explicit home fragrance,name=معطر فراش عليا مركز كبير 500 مل; product_type=معطر مفارش,approved,explicit home fragrance,2026-08-02T07:33:46Z,ready,proposed_child,NO,NO,NO
ARD-2362,2362,معطر فراش مملكة العود ميرا 500 مل,أرض الخليج,500 مل,9000,معطر مفارش,معطرات المنزل والمفارش والجو,high,معطرات المنزل والمفارش والجو,home-linen-air,high,explicit home fragrance,name=معطر فراش مملكة العود ميرا 500 مل; product_type=معطر مفارش,approved,explicit home fragrance,2026-08-02T07:33:46Z,ready,proposed_child,NO,NO,NO
ARD-2422,2422,معطر فراش كيان جوزي 500 مل كبير,أرض الخليج,500 مل,8000,معطر مفارش,معطرات المنزل والمفارش والجو,high,معطرات المنزل والمفارش والجو,home-linen-air,high,explicit home fragrance,name=معطر فراش كيان جوزي 500 مل كبير; product_type=معطر مفارش,approved,explicit home fragrance,2026-08-02T07:33:46Z,ready,proposed_child,NO,NO,NO
ARD-2590,2590,معطر فراش معالي 500 مل / مجموعة الثمين,أرض الخليج,500 مل,9000,معطر مفارش,معطرات المنزل والمفارش والجو,high,معطرات المنزل والمفارش والجو,home-linen-air,high,explicit home fragrance,name=معطر فراش معالي 500 مل / مجموعة الثمين; product_type=معطر مفارش,approved,explicit home fragrance,2026-08-02T07:33:46Z,ready,proposed_child,NO,NO,NO
ARD-2603,2603,معطر فراش فخر 500 مل / مجموعة الثمين,أرض الخليج,500 مل,10000,معطر مفارش,معطرات المنزل والمفارش والجو,high,معطرات المنزل والمفارش والجو,home-linen-air,high,explicit home fragrance,name=معطر فراش فخر 500 مل / مجموعة الثمين; product_type=معطر مفارش,approved,explicit home fragrance,2026-08-02T07:33:46Z,ready,proposed_child,NO,NO,NO
ARD-2605,2605,معطر فراش شموخ 500 مل / مجموعة الثمين,أرض الخليج,500 مل,10000,معطر مفارش,معطرات المنزل والمفارش والجو,high,معطرات المنزل والمفارش والجو,home-linen-air,high,explicit home fragrance,name=معطر فراش شموخ 500 مل / مجموعة الثمين; product_type=معطر مفارش,approved,explicit home fragrance,2026-08-02T07:33:46Z,ready,proposed_child,NO,NO,NO
ARD-2622,2622,معطر فراش ثراء 500 مل / مجموعة الثمين,أرض الخليج,500 مل,10000,معطر مفارش,معطرات المنزل والمفارش والجو,high,معطرات المنزل والمفارش والجو,home-linen-air,high,explicit home fragrance,name=معطر فراش ثراء 500 مل / مجموعة الثمين; product_type=معطر مفارش,approved,explicit home fragrance,2026-08-02T07:33:46Z,ready,proposed_child,NO,NO,NO
ARD-2649,2649,معطر فراش نشوة 500 مل جديد,أرض الخليج,500 مل,8000,معطر مفارش,معطرات المنزل والمفارش والجو,high,معطرات المنزل والمفارش والجو,home-linen-air,high,explicit home fragrance,name=معطر فراش نشوة 500 مل جديد; product_type=معطر مفارش,approved,explicit home fragrance,2026-08-02T07:33:46Z,ready,proposed_child,NO,NO,NO
ARD-2650,2650,معطر فراش ذرات الذهب 500 مل جديد,أرض الخليج,500 مل,8000,معطر مفارش,معطرات المنزل والمفارش والجو,high,معطرات المنزل والمفارش والجو,home-linen-air,high,explicit home fragrance,name=معطر فراش ذرات الذهب 500 مل جديد; product_type=معطر مفارش,approved,explicit home fragrance,2026-08-02T07:33:46Z,ready,proposed_child,NO,NO,NO
ARD-2661,2661,معطر فراش كيان نسائي 500 مل كبير,أرض الخليج,500 مل,8000,معطر مفارش,معطرات المنزل والمفارش والجو,high,معطرات المنزل والمفارش والجو,home-linen-air,high,explicit home fragrance,name=معطر فراش كيان نسائي 500 مل كبير; product_type=معطر مفارش,approved,explicit home fragrance,2026-08-02T07:33:46Z,ready,proposed_child,NO,NO,NO
ARD-2442,2442,بودي مست مدنايت انجل 250 مل,أرض الخليج,250 مل,5000,معطر جسم أو بودي مست,معطرات الجسم والبودي مست,high,معطرات الجسم والبودي مست,body-mist-splash,high,explicit body mist/splash,name=بودي مست مدنايت انجل 250 مل; product_type=معطر جسم أو بودي مست,approved,explicit body mist/splash,2026-08-02T07:33:46Z,ready,proposed_child,NO,NO,NO
ARD-2220,2220,معطر فراش مكياج 300 مل جديد,أرض الخليج,300 مل,7000,بودرة أو منتج تجميل,البودرة ومنتجات التجميل,high,معطرات المنزل والمفارش والجو,home-linen-air,high,explicit home fragrance,name=معطر فراش مكياج 300 مل جديد; product_type=بودرة أو منتج تجميل,corrected,explicit home fragrance,2026-08-02T07:33:46Z,ready,proposed_child,NO,YES,NO
ARD-2525,2525,معطر فراش غلا زايد 300 مل جديد,أرض الخليج,300 مل,7000,معطر مفارش,معطرات المنزل والمفارش والجو,high,معطرات المنزل والمفارش والجو,home-linen-air,high,explicit home fragrance,name=معطر فراش غلا زايد 300 مل جديد; product_type=معطر مفارش,approved,explicit home fragrance,2026-08-02T07:33:46Z,ready,proposed_child,NO,NO,NO
ARD-2526,2526,معطر فراش للصبايا فقط 300 مل جديد,أرض الخليج,300 مل,7000,معطر مفارش,معطرات المنزل والمفارش والجو,high,معطرات المنزل والمفارش والجو,home-linen-air,high,explicit home fragrance,name=معطر فراش للصبايا فقط 300 مل جديد; product_type=معطر مفارش,approved,explicit home fragrance,2026-08-02T07:33:46Z,ready,proposed_child,NO,NO,NO
ARD-2530,2530,معطر فراش غلاها زايد 300 مل جديد,أرض الخليج,300 مل,7000,معطر مفارش,معطرات المنزل والمفارش والجو,high,معطرات المنزل والمفارش والجو,home-linen-air,high,explicit home fragrance,name=معطر فراش غلاها زايد 300 مل جديد; product_type=معطر مفارش,approved,explicit home fragrance,2026-08-02T07:33:46Z,ready,proposed_child,NO,NO,NO
ARD-2531,2531,معطر فراش عطر العروسة 300 مل جديد,أرض الخليج,300 مل,7000,معطر مفارش,معطرات المنزل والمفارش والجو,high,معطرات المنزل والمفارش والجو,home-linen-air,high,explicit home fragrance,name=معطر فراش عطر العروسة 300 مل جديد; product_type=معطر مفارش,approved,explicit home fragrance,2026-08-02T07:33:46Z,ready,proposed_child,NO,NO,NO
ARD-2582,2582,معطر فراش فاطمه اسود 300 مل جديد,أرض الخليج,300 مل,7000,معطر مفارش,معطرات المنزل والمفارش والجو,high,معطرات المنزل والمفارش والجو,home-linen-air,high,explicit home fragrance,name=معطر فراش فاطمه اسود 300 مل جديد; product_type=معطر مفارش,approved,explicit home fragrance,2026-08-02T07:33:46Z,ready,proposed_child,NO,NO,NO
ARD-2610,2610,معطر فراش فقط للنساء 300 مل جديد,أرض الخليج,300 مل,6000,معطر مفارش,معطرات المنزل والمفارش والجو,high,معطرات المنزل والمفارش والجو,home-linen-air,high,explicit home fragrance,name=معطر فراش فقط للنساء 300 مل جديد; product_type=معطر مفارش,approved,explicit home fragrance,2026-08-02T07:33:46Z,ready,proposed_child,NO,NO,NO
ARD-2647,2647,معطر فراش كيان جوزي 300 مل,أرض الخليج,300 مل,7000,معطر مفارش,معطرات المنزل والمفارش والجو,high,معطرات المنزل والمفارش والجو,home-linen-air,high,explicit home fragrance,name=معطر فراش كيان جوزي 300 مل; product_type=معطر مفارش,approved,explicit home fragrance,2026-08-02T07:33:46Z,ready,proposed_child,NO,NO,NO
ARD-2653,2653,معطر فراش الانوثة 300 مل جديد,أرض الخليج,300 مل,7000,معطر مفارش,معطرات المنزل والمفارش والجو,high,معطرات المنزل والمفارش والجو,home-linen-air,high,explicit home fragrance,name=معطر فراش الانوثة 300 مل جديد; product_type=معطر مفارش,approved,explicit home fragrance,2026-08-02T07:33:46Z,ready,proposed_child,NO,NO,NO
ARD-2654,2654,معطر فراش عليا مركز 300 مل,أرض الخليج,300 مل,7000,معطر مفارش,معطرات المنزل والمفارش والجو,high,معطرات المنزل والمفارش والجو,home-linen-air,high,explicit home fragrance,name=معطر فراش عليا مركز 300 مل; product_type=معطر مفارش,approved,explicit home fragrance,2026-08-02T07:33:46Z,ready,proposed_child,NO,NO,NO
ARD-2659,2659,معطر فراش قدوة 300 مل,أرض الخليج,300 مل,7000,معطر مفارش,معطرات المنزل والمفارش والجو,high,معطرات المنزل والمفارش والجو,home-linen-air,high,explicit home fragrance,name=معطر فراش قدوة 300 مل; product_type=معطر مفارش,approved,explicit home fragrance,2026-08-02T07:33:46Z,ready,proposed_child,NO,NO,NO
ARD-2663,2663,معطر فراش شهرة نسائي 300 مل,أرض الخليج,300 مل,7000,معطر مفارش,معطرات المنزل والمفارش والجو,high,معطرات المنزل والمفارش والجو,home-linen-air,high,explicit home fragrance,name=معطر فراش شهرة نسائي 300 مل; product_type=معطر مفارش,approved,explicit home fragrance,2026-08-02T07:33:46Z,ready,proposed_child,NO,NO,NO
ARD-2664,2664,معطر فراش ثمين 300 مل,أرض الخليج,300 مل,7000,معطر مفارش,معطرات المنزل والمفارش والجو,high,معطرات المنزل والمفارش والجو,home-linen-air,high,explicit home fragrance,name=معطر فراش ثمين 300 مل; product_type=معطر مفارش,approved,explicit home fragrance,2026-08-02T07:33:46Z,ready,proposed_child,NO,NO,NO
ARD-2665,2665,معطر فراش غرور 300 مل,أرض الخليج,300 مل,7000,معطر مفارش,معطرات المنزل والمفارش والجو,high,معطرات المنزل والمفارش والجو,home-linen-air,high,explicit home fragrance,name=معطر فراش غرور 300 مل; product_type=معطر مفارش,approved,explicit home fragrance,2026-08-02T07:33:46Z,ready,proposed_child,NO,NO,NO
ARD-2666,2666,معطر فراش نشوة 300 مل جديد,أرض الخليج,300 مل,7000,معطر مفارش,معطرات المنزل والمفارش والجو,high,معطرات المنزل والمفارش والجو,home-linen-air,high,explicit home fragrance,name=معطر فراش نشوة 300 مل جديد; product_type=معطر مفارش,approved,explicit home fragrance,2026-08-02T07:33:46Z,ready,proposed_child,NO,NO,NO
ARD-2679,2679,معطر فراش كيان نسائي 300 مل,أرض الخليج,300 مل,7000,معطر مفارش,معطرات المنزل والمفارش والجو,high,معطرات المنزل والمفارش والجو,home-linen-air,high,explicit home fragrance,name=معطر فراش كيان نسائي 300 مل; product_type=معطر مفارش,approved,explicit home fragrance,2026-08-02T07:33:46Z,ready,proposed_child,NO,NO,NO
ARD-2685,2685,معطر فراش وهم 300 مل,أرض الخليج,300 مل,7000,معطر مفارش,معطرات المنزل والمفارش والجو,high,معطرات المنزل والمفارش والجو,home-linen-air,high,explicit home fragrance,name=معطر فراش وهم 300 مل; product_type=معطر مفارش,approved,explicit home fragrance,2026-08-02T07:33:46Z,ready,proposed_child,NO,NO,NO
ARD-3301,3301,معطر فراش جميلة 300 مل جديد,أرض الخليج,300 مل,7000,معطر مفارش,معطرات المنزل والمفارش والجو,high,معطرات المنزل والمفارش والجو,home-linen-air,high,explicit home fragrance,name=معطر فراش جميلة 300 مل جديد; product_type=معطر مفارش,approved,explicit home fragrance,2026-08-02T07:33:46Z,ready,proposed_child,NO,NO,NO
ARD-3418,3418,بودي مست شهرة 250 مل / أرض الخليج,أرض الخليج,250 مل,5000,معطر جسم أو بودي مست,معطرات الجسم والبودي مست,high,معطرات الجسم والبودي مست,body-mist-splash,high,explicit body mist/splash,name=بودي مست شهرة 250 مل / أرض الخليج; product_type=معطر جسم أو بودي مست,approved,explicit body mist/splash,2026-08-02T07:33:46Z,ready,proposed_child,NO,NO,NO
ARD-3419,3419,بودي مست غلاها زايد 250 مل / أرض الخليج,أرض الخليج,250 مل,5000,معطر جسم أو بودي مست,معطرات الجسم والبودي مست,high,معطرات الجسم والبودي مست,body-mist-splash,high,explicit body mist/splash,name=بودي مست غلاها زايد 250 مل / أرض الخليج; product_type=معطر جسم أو بودي مست,approved,explicit body mist/splash,2026-08-02T07:33:46Z,ready,proposed_child,NO,NO,NO
ARD-3420,3420,بودي مست فاطمة 250 مل / أرض الخليج,أرض الخليج,250 مل,5000,معطر جسم أو بودي مست,معطرات الجسم والبودي مست,high,معطرات الجسم والبودي مست,body-mist-splash,high,explicit body mist/splash,name=بودي مست فاطمة 250 مل / أرض الخليج; product_type=معطر جسم أو بودي مست,approved,explicit body mist/splash,2026-08-02T07:33:46Z,ready,proposed_child,NO,NO,NO
ARD-3421,3421,بودي مست صبايا 250 مل / أرض الخليج,أرض الخليج,250 مل,5000,معطر جسم أو بودي مست,معطرات الجسم والبودي مست,high,معطرات الجسم والبودي مست,body-mist-splash,high,explicit body mist/splash,name=بودي مست صبايا 250 مل / أرض الخليج; product_type=معطر جسم أو بودي مست,approved,explicit body mist/splash,2026-08-02T07:33:46Z,ready,proposed_child,NO,NO,NO
ARD-3423,3423,بودي مست العروسه 250 مل / أرض الخليج,أرض الخليج,250 مل,5000,معطر جسم أو بودي مست,معطرات الجسم والبودي مست,high,معطرات الجسم والبودي مست,body-mist-splash,high,explicit body mist/splash,name=بودي مست العروسه 250 مل / أرض الخليج; product_type=معطر جسم أو بودي مست,approved,explicit body mist/splash,2026-08-02T07:33:46Z,ready,proposed_child,NO,NO,NO
ARD-3424,3424,بودي مست الانوثه ابيض 250 مل / أرض الخليج,أرض الخليج,250 مل,5000,معطر جسم أو بودي مست,معطرات الجسم والبودي مست,high,معطرات الجسم والبودي مست,body-mist-splash,high,explicit body mist/splash,name=بودي مست الانوثه ابيض 250 مل / أرض الخليج; product_type=معطر جسم أو بودي مست,approved,explicit body mist/splash,2026-08-02T07:33:46Z,ready,proposed_child,NO,NO,NO
ARD-3429,3429,بودي مست مكياج 250 مل / أرض الخليج,أرض الخليج,250 مل,5000,بودرة أو منتج تجميل,البودرة ومنتجات التجميل,high,معطرات الجسم والبودي مست,body-mist-splash,high,explicit body mist/splash,name=بودي مست مكياج 250 مل / أرض الخليج; product_type=بودرة أو منتج تجميل,corrected,explicit body mist/splash,2026-08-02T07:33:46Z,ready,proposed_child,NO,YES,NO
ARD-3472,3472,بودي مست فقط لنساء 250 مل / أرض الخليج,أرض الخليج,250 مل,5000,معطر جسم أو بودي مست,معطرات الجسم والبودي مست,high,معطرات الجسم والبودي مست,body-mist-splash,high,explicit body mist/splash,name=بودي مست فقط لنساء 250 مل / أرض الخليج; product_type=معطر جسم أو بودي مست,approved,explicit body mist/splash,2026-08-02T07:33:46Z,ready,proposed_child,NO,NO,NO
ARD-183,183,عطر دلع البنات,مملكة العود,,18000,عطر,العطور,high,العطور,perfumes,high,standard perfume,name=عطر دلع البنات; product_type=عطر,approved,standard perfume,2026-08-02T07:33:46Z,ready,proposed_child,NO,NO,NO
ARD-216,216,عطر كهرمانه,مملكة العود,,18000,عطر,العطور,high,العطور,perfumes,high,standard perfume,name=عطر كهرمانه; product_type=عطر,approved,standard perfume,2026-08-02T07:33:46Z,ready,proposed_child,NO,NO,NO
ARD-234,234,عطر راشد,مملكة العود,,24000,عطر,العطور,high,العطور,perfumes,high,standard perfume,name=عطر راشد; product_type=عطر,approved,standard perfume,2026-08-02T07:33:46Z,ready,proposed_child,NO,NO,NO
ARD-236,236,عطر عليا مركز,مملكة العود,,24000,عطر,العطور,high,العطور,perfumes,high,standard perfume,name=عطر عليا مركز; product_type=عطر,approved,standard perfume,2026-08-02T07:33:46Z,ready,proposed_child,NO,NO,NO
ARD-240,240,عطر صدفه,مملكة العود,,25000,عطر,العطور,high,العطور,perfumes,high,standard perfume,name=عطر صدفه; product_type=عطر,approved,standard perfume,2026-08-02T07:33:46Z,ready,proposed_child,NO,NO,NO
ARD-241,241,عطر قوارير,مملكة العود,,22000,عطر,العطور,high,العطور,perfumes,high,standard perfume,name=عطر قوارير; product_type=عطر,approved,standard perfume,2026-08-02T07:33:46Z,ready,proposed_child,NO,NO,NO
ARD-243,243,عطر فزاع اصدار محدود,مملكة العود,,20000,عطر,العطور,high,العطور,perfumes,high,standard perfume,name=عطر فزاع اصدار محدود; product_type=عطر,approved,standard perfume,2026-08-02T07:33:46Z,ready,proposed_child,NO,NO,NO
ARD-244,244,عطر الباشا,مملكة العود,,30000,عطر,العطور,high,العطور,perfumes,high,standard perfume,name=عطر الباشا; product_type=عطر,approved,standard perfume,2026-08-02T07:33:46Z,ready,proposed_child,NO,NO,NO
ARD-245,245,عطر الاسطوره رجالي,مملكة العود,,31000,عطر,العطور,high,العطور,perfumes,high,standard perfume,name=عطر الاسطوره رجالي; product_type=عطر,approved,standard perfume,2026-08-02T07:33:46Z,ready,proposed_child,NO,NO,NO
ARD-250,250,عطر ايهم,مملكة العود,,20000,عطر,العطور,high,العطور,perfumes,high,standard perfume,name=عطر ايهم; product_type=عطر,approved,standard perfume,2026-08-02T07:33:46Z,ready,proposed_child,NO,NO,NO
ARD-251,251,عطر مينا,مملكة العود,,18000,عطر,العطور,high,العطور,perfumes,high,standard perfume,name=عطر مينا; product_type=عطر,approved,standard perfume,2026-08-02T07:33:46Z,ready,proposed_child,NO,NO,NO
ARD-347,347,عطر غلا راشد,مملكة العود,,30000,عطر,العطور,high,العطور,perfumes,high,standard perfume,name=عطر غلا راشد; product_type=عطر,approved,standard perfume,2026-08-02T07:33:46Z,ready,proposed_child,NO,NO,NO
ARD-358,358,عطر ملك / مملكه العود,مملكة العود,,31000,عطر,العطور,high,العطور,perfumes,high,standard perfume,name=عطر ملك / مملكه العود; product_type=عطر,approved,standard perfume,2026-08-02T07:33:46Z,ready,proposed_child,NO,NO,NO
ARD-461,461,عطر كيان / رجالي,مملكة العود,,25000,عطر,العطور,high,العطور,perfumes,high,standard perfume,name=عطر كيان / رجالي; product_type=عطر,approved,standard perfume,2026-08-02T07:33:46Z,ready,proposed_child,NO,NO,NO
ARD-589,589,عطر كيان نسائي,مملكة العود,,25000,عطر,العطور,high,العطور,perfumes,high,standard perfume,name=عطر كيان نسائي; product_type=عطر,approved,standard perfume,2026-08-02T07:33:46Z,ready,proposed_child,NO,NO,NO
ARD-616,616,عطر جود,مملكة العود,,25000,عطر,العطور,high,العطور,perfumes,high,standard perfume,name=عطر جود; product_type=عطر,approved,standard perfume,2026-08-02T07:33:46Z,ready,proposed_child,NO,NO,NO
ARD-1001,1001,عطر الافندي,مملكة العود,,26000,عطر,العطور,high,العطور,perfumes,high,standard perfume,name=عطر الافندي; product_type=عطر,approved,standard perfume,2026-08-02T07:33:46Z,ready,proposed_child,NO,NO,NO
ARD-1147,1147,عطر نخبة العود,مملكة العود,,14000,عطر,العطور,high,العطور,perfumes,high,standard perfume,name=عطر نخبة العود; product_type=عطر,approved,standard perfume,2026-08-02T07:33:46Z,ready,proposed_child,NO,NO,NO
ARD-1313,1313,عطر الحفرة,مملكة العود,,17000,عطر,العطور,high,العطور,perfumes,high,standard perfume,name=عطر الحفرة; product_type=عطر,approved,standard perfume,2026-08-02T07:33:46Z,ready,proposed_child,NO,NO,NO
ARD-1347,1347,عطر شهلة,مملكة العود,,14000,عطر,العطور,high,العطور,perfumes,high,standard perfume,name=عطر شهلة; product_type=عطر,approved,standard perfume,2026-08-02T07:33:46Z,ready,proposed_child,NO,NO,NO
ARD-1364,1364,عطر شجاع,مملكة العود,,31000,عطر,العطور,high,العطور,perfumes,high,standard perfume,name=عطر شجاع; product_type=عطر,approved,standard perfume,2026-08-02T07:33:46Z,ready,proposed_child,NO,NO,NO
ARD-1718,1718,عطر ميرا,مملكة العود,,26000,عطر,العطور,high,العطور,perfumes,high,standard perfume,name=عطر ميرا; product_type=عطر,approved,standard perfume,2026-08-02T07:33:46Z,ready,proposed_child,NO,NO,NO
ARD-1862,1862,عطر مهرة,مملكة العود,,11000,عطر,العطور,high,العطور,perfumes,high,standard perfume,name=عطر مهرة; product_type=عطر,approved,standard perfume,2026-08-02T07:33:46Z,ready,proposed_child,NO,NO,NO
ARD-1994,1994,عطر نشوة 100 مل,مملكة العود,100 مل,23000,عطر,العطور,high,العطور,perfumes,high,standard perfume,name=عطر نشوة 100 مل; product_type=عطر,approved,standard perfume,2026-08-02T07:33:46Z,ready,proposed_child,NO,NO,NO
ARD-2011,2011,عطر القدوة,مملكة العود,,31000,عطر,العطور,high,العطور,perfumes,high,standard perfume,name=عطر القدوة; product_type=عطر,approved,standard perfume,2026-08-02T07:33:46Z,ready,proposed_child,NO,NO,NO
ARD-2087,2087,عطر قسم 100 مل,مملكة العود,100 مل,20000,عطر,العطور,high,العطور,perfumes,high,standard perfume,name=عطر قسم 100 مل; product_type=عطر,approved,standard perfume,2026-08-02T07:33:46Z,ready,proposed_child,NO,NO,NO
ARD-2093,2093,عطر لواء 80 مل,مملكة العود,80 مل,35000,عطر,العطور,high,العطور,perfumes,high,standard perfume,name=عطر لواء 80 مل; product_type=عطر,approved,standard perfume,2026-08-02T07:33:46Z,ready,proposed_child,NO,NO,NO
ARD-2102,2102,عطر الكوخ رجال,مملكة العود,,16000,عطر,العطور,high,العطور,perfumes,high,standard perfume,name=عطر الكوخ رجال; product_type=عطر,approved,standard perfume,2026-08-02T07:33:46Z,ready,proposed_child,NO,NO,NO
ARD-2103,2103,عطر الكوخ نسائي,مملكة العود,,16000,عطر,العطور,high,العطور,perfumes,high,standard perfume,name=عطر الكوخ نسائي; product_type=عطر,approved,standard perfume,2026-08-02T07:33:46Z,ready,proposed_child,NO,NO,NO
ARD-2244,2244,سيت مملكة العود ابيض 6ق 35 مل,مملكة العود,35 مل,48000,مجموعة عطرية,العطور,high,العطور,perfumes,high,workbook category retained after rules miss,name=سيت مملكة العود ابيض 6ق 35 مل; product_type=مجموعة عطرية,approved,workbook category retained after rules miss,2026-08-02T07:33:46Z,ready,proposed_child,NO,NO,YES
ARD-2431,2431,عطر العراب 100 مل,مملكة العود,100 مل,23000,عطر,العطور,high,العطور,perfumes,high,standard perfume,name=عطر العراب 100 مل; product_type=عطر,approved,standard perfume,2026-08-02T07:33:46Z,ready,proposed_child,NO,NO,NO
ARD-2434,2434,عطر لولو,مملكة العود,,25000,عطر,العطور,high,العطور,perfumes,high,standard perfume,name=عطر لولو; product_type=عطر,approved,standard perfume,2026-08-02T07:33:46Z,ready,proposed_child,NO,NO,NO
ARD-2678,2678,عطر نيشان احمر,مملكة العود,,32000,عطر,العطور,high,العطور,perfumes,high,standard perfume,name=عطر نيشان احمر; product_type=عطر,approved,standard perfume,2026-08-02T07:33:46Z,ready,proposed_child,NO,NO,NO
ARD-2731,2731,عطر فزاع احمر 100 مل,مملكة العود,100 مل,22000,عطر,العطور,high,العطور,perfumes,high,standard perfume,name=عطر فزاع احمر 100 مل; product_type=عطر,approved,standard perfume,2026-08-02T07:33:46Z,ready,proposed_child,NO,NO,NO
ARD-2821,2821,عطر اكنان 100 مل,مملكة العود,100 مل,12000,عطر,العطور,high,العطور,perfumes,high,standard perfume,name=عطر اكنان 100 مل; product_type=عطر,approved,standard perfume,2026-08-02T07:33:46Z,ready,proposed_child,NO,NO,NO
ARD-2871,2871,عطر نشمي,مملكة العود,,27000,عطر,العطور,high,العطور,perfumes,high,standard perfume,name=عطر نشمي; product_type=عطر,approved,standard perfume,2026-08-02T07:33:46Z,ready,proposed_child,NO,NO,NO
ARD-2872,2872,عطر قهار,مملكة العود,,19000,عطر,العطور,high,العطور,perfumes,high,standard perfume,name=عطر قهار; product_type=عطر,approved,standard perfume,2026-08-02T07:33:46Z,ready,proposed_child,NO,NO,NO
ARD-2893,2893,عطر شمم 100 مل,مملكة العود,100 مل,30000,عطر,العطور,high,العطور,perfumes,high,standard perfume,name=عطر شمم 100 مل; product_type=عطر,approved,standard perfume,2026-08-02T07:33:46Z,ready,proposed_child,NO,NO,NO
ARD-2894,2894,عطر يارا 100 مل,مملكة العود,100 مل,27000,عطر,العطور,high,العطور,perfumes,high,standard perfume,name=عطر يارا 100 مل; product_type=عطر,approved,standard perfume,2026-08-02T07:33:46Z,ready,proposed_child,NO,NO,NO
ARD-2931,2931,عطر لين,مملكة العود,,11000,عطر,العطور,high,العطور,perfumes,high,standard perfume,name=عطر لين; product_type=عطر,approved,standard perfume,2026-08-02T07:33:46Z,ready,proposed_child,NO,NO,NO
ARD-2934,2934,عطر اسمى,مملكة العود,,13000,عطر,العطور,high,العطور,perfumes,high,standard perfume,name=عطر اسمى; product_type=عطر,approved,standard perfume,2026-08-02T07:33:46Z,ready,proposed_child,NO,NO,NO
ARD-2935,2935,عطر افق,مملكة العود,,13000,عطر,العطور,high,العطور,perfumes,high,standard perfume,name=عطر افق; product_type=عطر,approved,standard perfume,2026-08-02T07:33:46Z,ready,proposed_child,NO,NO,NO
ARD-2936,2936,عطر امارة,مملكة العود,,13000,عطر,العطور,high,العطور,perfumes,high,standard perfume,name=عطر امارة; product_type=عطر,approved,standard perfume,2026-08-02T07:33:46Z,ready,proposed_child,NO,NO,NO
ARD-2937,2937,عطر حور,مملكة العود,,12000,عطر,العطور,high,العطور,perfumes,high,standard perfume,name=عطر حور; product_type=عطر,approved,standard perfume,2026-08-02T07:33:46Z,ready,proposed_child,NO,NO,NO
ARD-2938,2938,عطر تسنيم,مملكة العود,,13000,عطر,العطور,high,العطور,perfumes,high,standard perfume,name=عطر تسنيم; product_type=عطر,approved,standard perfume,2026-08-02T07:33:46Z,ready,proposed_child,NO,NO,NO
ARD-2939,2939,عطر تالا,مملكة العود,,11000,عطر,العطور,high,العطور,perfumes,high,standard perfume,name=عطر تالا; product_type=عطر,approved,standard perfume,2026-08-02T07:33:46Z,ready,proposed_child,NO,NO,NO
ARD-2940,2940,عطر رواد,مملكة العود,,13000,عطر,العطور,high,العطور,perfumes,high,standard perfume,name=عطر رواد; product_type=عطر,approved,standard perfume,2026-08-02T07:33:46Z,ready,proposed_child,NO,NO,NO
ARD-2941,2941,عطر منار,مملكة العود,,12000,عطر,العطور,high,العطور,perfumes,high,standard perfume,name=عطر منار; product_type=عطر,approved,standard perfume,2026-08-02T07:33:46Z,ready,proposed_child,NO,NO,NO
ARD-2942,2942,عطر ذهب,مملكة العود,,28000,عطر,العطور,high,العطور,perfumes,high,standard perfume,name=عطر ذهب; product_type=عطر,approved,standard perfume,2026-08-02T07:33:46Z,ready,proposed_child,NO,NO,NO
ARD-2943,2943,عطر شاهين,مملكة العود,,28000,عطر,العطور,high,العطور,perfumes,high,standard perfume,name=عطر شاهين; product_type=عطر,approved,standard perfume,2026-08-02T07:33:46Z,ready,proposed_child,NO,NO,NO
ARD-2968,2968,عطر العراب ذهبي,مملكة العود,,23000,عطر,العطور,high,العطور,perfumes,high,standard perfume,name=عطر العراب ذهبي; product_type=عطر,approved,standard perfume,2026-08-02T07:33:46Z,ready,proposed_child,NO,NO,NO
ARD-2977,2977,عطر انس,مملكة العود,,27000,عطر,العطور,high,العطور,perfumes,high,standard perfume,name=عطر انس; product_type=عطر,approved,standard perfume,2026-08-02T07:33:46Z,ready,proposed_child,NO,NO,NO
ARD-3021,3021,عطر زين,مملكة العود,,27000,عطر,العطور,high,العطور,perfumes,high,standard perfume,name=عطر زين; product_type=عطر,approved,standard perfume,2026-08-02T07:33:46Z,ready,proposed_child,NO,NO,NO
ARD-3087,3087,عطر لاجيري لمار وردي 100 مل,مملكة العود,100 مل,16000,عطر,العطور,high,العطور,perfumes,high,standard perfume,name=عطر لاجيري لمار وردي 100 مل; product_type=عطر,approved,standard perfume,2026-08-02T07:33:46Z,ready,proposed_child,NO,NO,NO
ARD-3088,3088,عطر لا امور لمار اخضر 80 مل,مملكة العود,80 مل,16000,عطر,العطور,high,العطور,perfumes,high,standard perfume,name=عطر لا امور لمار اخضر 80 مل; product_type=عطر,approved,standard perfume,2026-08-02T07:33:46Z,ready,proposed_child,NO,NO,NO
ARD-3120,3120,عطر بينات,مملكة العود,,12000,عطر,العطور,high,العطور,perfumes,high,standard perfume,name=عطر بينات; product_type=عطر,approved,standard perfume,2026-08-02T07:33:46Z,ready,proposed_child,NO,NO,NO
ARD-3478,3478,عطر قسور 100 مل,مملكة العود,100 مل,12000,عطر,العطور,high,العطور,perfumes,high,standard perfume,name=عطر قسور 100 مل; product_type=عطر,approved,standard perfume,2026-08-02T07:33:46Z,ready,proposed_child,NO,NO,NO
ARD-3480,3480,عطر ملهم 100 مل,مملكة العود,100 مل,13000,عطر,العطور,high,العطور,perfumes,high,standard perfume,name=عطر ملهم 100 مل; product_type=عطر,approved,standard perfume,2026-08-02T07:33:46Z,ready,proposed_child,NO,NO,NO
ARD-3552,3552,عطر ميقات 100 مل,مملكة العود,100 مل,13000,عطر,العطور,high,العطور,perfumes,high,standard perfume,name=عطر ميقات 100 مل; product_type=عطر,approved,standard perfume,2026-08-02T07:33:46Z,ready,proposed_child,NO,NO,NO
ARD-3556,3556,عطر صميم 100 مل,مملكة العود,100 مل,12000,عطر,العطور,high,العطور,perfumes,high,standard perfume,name=عطر صميم 100 مل; product_type=عطر,approved,standard perfume,2026-08-02T07:33:46Z,ready,proposed_child,NO,NO,NO
ARD-3650,3650,عطر مقدام 100 مل,مملكة العود,100 مل,14000,عطر,العطور,high,العطور,perfumes,high,standard perfume,name=عطر مقدام 100 مل; product_type=عطر,approved,standard perfume,2026-08-02T07:33:46Z,ready,proposed_child,NO,NO,NO
ARD-3696,3696,عطر نوح 100 مل,مملكة العود,100 مل,44000,عطر,العطور,high,العطور,perfumes,high,standard perfume,name=عطر نوح 100 مل; product_type=عطر,approved,standard perfume,2026-08-02T07:33:46Z,ready,proposed_child,NO,NO,NO
ARD-3703,3703,عطر الدرة 100 مل مملكة العود / موافي,مملكة العود,100 مل,14000,عطر,العطور,high,العطور,perfumes,high,standard perfume,name=عطر الدرة 100 مل مملكة العود / موافي; product_type=عطر,approved,standard perfume,2026-08-02T07:33:46Z,ready,proposed_child,NO,NO,NO
ARD-3704,3704,عطر الدرة 100 مل مملكة العود / بيرل,مملكة العود,100 مل,14000,عطر,العطور,high,العطور,perfumes,high,standard perfume,name=عطر الدرة 100 مل مملكة العود / بيرل; product_type=عطر,approved,standard perfume,2026-08-02T07:33:46Z,ready,proposed_child,NO,NO,NO
ARD-3705,3705,عطر الدرة 100 مل مملكة العود / بينك,مملكة العود,100 مل,14000,عطر,العطور,high,العطور,perfumes,high,standard perfume,name=عطر الدرة 100 مل مملكة العود / بينك; product_type=عطر,approved,standard perfume,2026-08-02T07:33:46Z,ready,proposed_child,NO,NO,NO
ARD-3706,3706,عطر الدرة 100 مل مملكة العود / تيفاني,مملكة العود,100 مل,14000,عطر,العطور,high,العطور,perfumes,high,standard perfume,name=عطر الدرة 100 مل مملكة العود / تيفاني; product_type=عطر,approved,standard perfume,2026-08-02T07:33:46Z,ready,proposed_child,NO,NO,NO
ARD-3708,3708,عطر الاجهر 100 مل,مملكة العود,100 مل,22000,عطر,العطور,high,العطور,perfumes,high,standard perfume,name=عطر الاجهر 100 مل; product_type=عطر,approved,standard perfume,2026-08-02T07:33:46Z,ready,proposed_child,NO,NO,NO
ARD-3895,3895,عطر الشهم 100 مل الابيض / مملكه العود,مملكة العود,100 مل,39000,عطر,العطور,high,العطور,perfumes,high,standard perfume,name=عطر الشهم 100 مل الابيض / مملكه العود; product_type=عطر,approved,standard perfume,2026-08-02T07:33:46Z,ready,proposed_child,NO,NO,NO
ARD-3901,3901,عطر ماغنايت جديد,مملكة العود,,59000,عطر,العطور,high,العطور,perfumes,high,standard perfume,name=عطر ماغنايت جديد; product_type=عطر,approved,standard perfume,2026-08-02T07:33:46Z,ready,proposed_child,NO,NO,NO
ARD-3958,3958,عطر تيماء 100 مل,مملكة العود,100 مل,20000,عطر,العطور,high,العطور,perfumes,high,standard perfume,name=عطر تيماء 100 مل; product_type=عطر,approved,standard perfume,2026-08-02T07:33:46Z,ready,proposed_child,NO,NO,NO
ARD-3965,3965,عطر مها 100 مل,مملكة العود,100 مل,20000,عطر,العطور,high,العطور,perfumes,high,standard perfume,name=عطر مها 100 مل; product_type=عطر,approved,standard perfume,2026-08-02T07:33:46Z,ready,proposed_child,NO,NO,NO
ARD-3966,3966,عطر رزان 100 مل,مملكة العود,100 مل,16000,عطر,العطور,high,العطور,perfumes,high,standard perfume,name=عطر رزان 100 مل; product_type=عطر,approved,standard perfume,2026-08-02T07:33:46Z,ready,proposed_child,NO,NO,NO
ARD-4204,4204,عطر كاريزما 100 مل,مملكة العود,100 مل,22000,عطر,العطور,high,العطور,perfumes,high,standard perfume,name=عطر كاريزما 100 مل; product_type=عطر,approved,standard perfume,2026-08-02T07:33:46Z,ready,proposed_child,NO,NO,NO
ARD-4259,4259,عطر روعه رجال 200 مل,مملكة العود,200 مل,34000,عطر,العطور,high,العطور,perfumes,high,standard perfume,name=عطر روعه رجال 200 مل; product_type=عطر,approved,standard perfume,2026-08-02T07:33:46Z,ready,proposed_child,NO,NO,NO
ARD-4260,4260,عطر روعه نساء 200 مل,مملكة العود,200 مل,34000,عطر,العطور,high,العطور,perfumes,high,standard perfume,name=عطر روعه نساء 200 مل; product_type=عطر,approved,standard perfume,2026-08-02T07:33:46Z,ready,proposed_child,NO,NO,NO
ARD-4263,4263,عطر الحان 210 مل,مملكة العود,210 مل,28000,عطر,العطور,high,العطور,perfumes,high,standard perfume,name=عطر الحان 210 مل; product_type=عطر,approved,standard perfume,2026-08-02T07:33:46Z,ready,proposed_child,NO,NO,YES
ARD-4264,4264,عطر الحان نوير 210 مل,مملكة العود,210 مل,28000,عطر,العطور,high,العطور,perfumes,high,standard perfume,name=عطر الحان نوير 210 مل; product_type=عطر,approved,standard perfume,2026-08-02T07:33:46Z,ready,proposed_child,NO,NO,YES
ARD-4274,4274,عطر افراح اكسكلوسف 100 مل,مملكة العود,100 مل,22000,عطر,العطور,high,العطور,perfumes,high,standard perfume,name=عطر افراح اكسكلوسف 100 مل; product_type=عطر,approved,standard perfume,2026-08-02T07:33:46Z,ready,proposed_child,NO,NO,NO
ARD-4276,4276,عطر افراح جيري 100 مل,مملكة العود,100 مل,22000,عطر,العطور,high,العطور,perfumes,high,standard perfume,name=عطر افراح جيري 100 مل; product_type=عطر,approved,standard perfume,2026-08-02T07:33:46Z,ready,proposed_child,NO,NO,NO
ARD-4277,4277,عطر افراح سنشوال 100 مل,مملكة العود,100 مل,22000,عطر,العطور,high,العطور,perfumes,high,standard perfume,name=عطر افراح سنشوال 100 مل; product_type=عطر,approved,standard perfume,2026-08-02T07:33:46Z,ready,proposed_child,NO,NO,NO
ARD-4280,4280,عطر قرطبة كلوري 100 مل,مملكة العود,100 مل,25000,عطر,العطور,high,العطور,perfumes,high,standard perfume,name=عطر قرطبة كلوري 100 مل; product_type=عطر,approved,standard perfume,2026-08-02T07:33:46Z,ready,proposed_child,NO,NO,NO
ARD-4281,4281,عطر قرطبة اصيل 100 مل,مملكة العود,100 مل,25000,عطر,العطور,high,العطور,perfumes,high,standard perfume,name=عطر قرطبة اصيل 100 مل; product_type=عطر,approved,standard perfume,2026-08-02T07:33:46Z,ready,proposed_child,NO,NO,NO
ARD-4282,4282,عطر قرطبة روج 100 مل,مملكة العود,100 مل,25000,عطر,العطور,high,العطور,perfumes,high,standard perfume,name=عطر قرطبة روج 100 مل; product_type=عطر,approved,standard perfume,2026-08-02T07:33:46Z,ready,proposed_child,NO,NO,NO
ARD-4308,4308,عطر حمزة 100 مل,مملكة العود,100 مل,18000,عطر,العطور,high,العطور,perfumes,high,standard perfume,name=عطر حمزة 100 مل; product_type=عطر,approved,standard perfume,2026-08-02T07:33:46Z,ready,proposed_child,NO,NO,NO
ARD-4309,4309,عطر ثريا روزا 100 مل,مملكة العود,100 مل,16000,عطر,العطور,high,العطور,perfumes,high,standard perfume,name=عطر ثريا روزا 100 مل; product_type=عطر,approved,standard perfume,2026-08-02T07:33:46Z,ready,proposed_child,NO,NO,NO
ARD-4310,4310,عطر جاذبية ازرق 100 مل,مملكة العود,100 مل,25000,عطر,العطور,high,العطور,perfumes,high,standard perfume,name=عطر جاذبية ازرق 100 مل; product_type=عطر,approved,standard perfume,2026-08-02T07:33:46Z,ready,proposed_child,NO,NO,NO
ARD-4312,4312,عطر جاذبية بلوش 100 مل,مملكة العود,100 مل,25000,عطر,العطور,high,العطور,perfumes,high,standard perfume,name=عطر جاذبية بلوش 100 مل; product_type=عطر,approved,standard perfume,2026-08-02T07:33:46Z,ready,proposed_child,NO,NO,NO
ARD-4314,4314,عطر ثريا 100 مل,مملكة العود,100 مل,16000,عطر,العطور,high,العطور,perfumes,high,standard perfume,name=عطر ثريا 100 مل; product_type=عطر,approved,standard perfume,2026-08-02T07:33:46Z,ready,proposed_child,NO,NO,NO
ARD-4325,4325,عطر سدرة 100 مل,مملكة العود,100 مل,16000,عطر,العطور,high,العطور,perfumes,high,standard perfume,name=عطر سدرة 100 مل; product_type=عطر,approved,standard perfume,2026-08-02T07:33:46Z,ready,proposed_child,NO,NO,NO
ARD-4339,4339,عطر قصر العود انفنتي 100 مل,مملكة العود,100 مل,29000,عطر,العطور,high,العطور,perfumes,high,standard perfume,name=عطر قصر العود انفنتي 100 مل; product_type=عطر,approved,standard perfume,2026-08-02T07:33:46Z,ready,proposed_child,NO,NO,NO
ARD-4340,4340,عطر قصر العود ميراج 100 مل,مملكة العود,100 مل,29000,عطر,العطور,high,العطور,perfumes,high,standard perfume,name=عطر قصر العود ميراج 100 مل; product_type=عطر,approved,standard perfume,2026-08-02T07:33:46Z,ready,proposed_child,NO,NO,NO
ARD-4341,4341,عطر اوج ازوري 90 مل,مملكة العود,90 مل,23000,عطر,العطور,high,العطور,perfumes,high,standard perfume,name=عطر اوج ازوري 90 مل; product_type=عطر,approved,standard perfume,2026-08-02T07:33:46Z,ready,proposed_child,NO,NO,NO
ARD-4354,4354,عطر البدلة 100 مل,مملكة العود,100 مل,16000,عطر,العطور,high,العطور,perfumes,high,standard perfume,name=عطر البدلة 100 مل; product_type=عطر,approved,standard perfume,2026-08-02T07:33:46Z,ready,proposed_child,NO,NO,NO
ARD-4364,4364,عطر ريم 100 مل / اصداف,مملكة العود,100 مل,27000,عطر,العطور,high,العطور,perfumes,high,standard perfume,name=عطر ريم 100 مل / اصداف; product_type=عطر,approved,standard perfume,2026-08-02T07:33:46Z,ready,proposed_child,NO,NO,NO
ARD-4366,4366,عطر سراب 100 مل,مملكة العود,100 مل,26000,عطر,العطور,high,العطور,perfumes,high,standard perfume,name=عطر سراب 100 مل; product_type=عطر,approved,standard perfume,2026-08-02T07:33:46Z,ready,proposed_child,NO,NO,NO
ARD-4384,4384,عطر روح,مملكة العود,,11000,عطر,العطور,high,العطور,perfumes,high,standard perfume,name=عطر روح; product_type=عطر,approved,standard perfume,2026-08-02T07:33:46Z,ready,proposed_child,NO,NO,NO
ARD-4386,4386,عطر سحاب 100 مل,مملكة العود,100 مل,29000,عطر,العطور,high,العطور,perfumes,high,standard perfume,name=عطر سحاب 100 مل; product_type=عطر,approved,standard perfume,2026-08-02T07:33:46Z,ready,proposed_child,NO,NO,NO
ARD-4458,4458,عطر دانة 100 مل,مملكة العود,100 مل,21000,عطر,العطور,high,العطور,perfumes,high,standard perfume,name=عطر دانة 100 مل; product_type=عطر,approved,standard perfume,2026-08-02T07:33:46Z,ready,proposed_child,NO,NO,NO
ARD-4478,4478,عطر اصحاب فانيلا 100 مل,مملكة العود,100 مل,15000,عطر,العطور,high,العطور,perfumes,high,standard perfume,name=عطر اصحاب فانيلا 100 مل; product_type=عطر,approved,standard perfume,2026-08-02T07:33:46Z,ready,proposed_child,NO,NO,NO
ARD-4479,4479,عطر اصحاب كراميل 100 مل,مملكة العود,100 مل,15000,عطر,العطور,high,العطور,perfumes,high,standard perfume,name=عطر اصحاب كراميل 100 مل; product_type=عطر,approved,standard perfume,2026-08-02T07:33:46Z,ready,proposed_child,NO,NO,NO
ARD-4488,4488,عطر غنى 100 مل,مملكة العود,100 مل,26000,عطر,العطور,high,العطور,perfumes,high,standard perfume,name=عطر غنى 100 مل; product_type=عطر,approved,standard perfume,2026-08-02T07:33:46Z,ready,proposed_child,NO,NO,NO
ARD-4507,4507,عطر لوتس 100 مل,مملكة العود,100 مل,15000,عطر,العطور,high,العطور,perfumes,high,standard perfume,name=عطر لوتس 100 مل; product_type=عطر,approved,standard perfume,2026-08-02T07:33:46Z,ready,proposed_child,NO,NO,NO
ARD-4517,4517,عطر ميرال 100 مل,مملكة العود,100 مل,15000,عطر,العطور,high,العطور,perfumes,high,standard perfume,name=عطر ميرال 100 مل; product_type=عطر,approved,standard perfume,2026-08-02T07:33:46Z,ready,proposed_child,NO,NO,NO
ARD-4518,4518,عطر ايلاف 100 مل,مملكة العود,100 مل,19000,عطر,العطور,high,العطور,perfumes,high,standard perfume,name=عطر ايلاف 100 مل; product_type=عطر,approved,standard perfume,2026-08-02T07:33:46Z,ready,proposed_child,NO,NO,NO
ARD-4612,4612,عطر افق بريز 100 مل,مملكة العود,100 مل,27000,عطر,العطور,high,العطور,perfumes,high,standard perfume,name=عطر افق بريز 100 مل; product_type=عطر,approved,standard perfume,2026-08-02T07:33:46Z,ready,proposed_child,NO,NO,NO
ARD-4613,4613,عطر افق دلكايت 100 مل,مملكة العود,100 مل,27000,عطر,العطور,high,العطور,perfumes,high,standard perfume,name=عطر افق دلكايت 100 مل; product_type=عطر,approved,standard perfume,2026-08-02T07:33:46Z,ready,proposed_child,NO,NO,NO
ARD-4614,4614,عطر افق ديفاين 100 مل,مملكة العود,100 مل,27000,عطر,العطور,high,العطور,perfumes,high,standard perfume,name=عطر افق ديفاين 100 مل; product_type=عطر,approved,standard perfume,2026-08-02T07:33:46Z,ready,proposed_child,NO,NO,NO
ARD-4615,4615,عطر افق هارموني 100 مل,مملكة العود,100 مل,27000,عطر,العطور,high,العطور,perfumes,high,standard perfume,name=عطر افق هارموني 100 مل; product_type=عطر,approved,standard perfume,2026-08-02T07:33:46Z,ready,proposed_child,NO,NO,NO
ARD-4616,4616,عطر افق اوبسشن 100 مل,مملكة العود,100 مل,27000,عطر,العطور,high,العطور,perfumes,high,standard perfume,name=عطر افق اوبسشن 100 مل; product_type=عطر,approved,standard perfume,2026-08-02T07:33:46Z,ready,proposed_child,NO,NO,NO
ARD-4629,4629,عطر سيرتي امورا 100 مل,مملكة العود,100 مل,22000,عطر,العطور,high,العطور,perfumes,high,standard perfume,name=عطر سيرتي امورا 100 مل; product_type=عطر,approved,standard perfume,2026-08-02T07:33:46Z,ready,proposed_child,NO,NO,NO
ARD-4630,4630,عطر سيرتي لونايري 100 مل,مملكة العود,100 مل,22000,عطر,العطور,high,العطور,perfumes,high,standard perfume,name=عطر سيرتي لونايري 100 مل; product_type=عطر,approved,standard perfume,2026-08-02T07:33:46Z,ready,proposed_child,NO,NO,NO
ARD-4631,4631,عطر سيرتي اونلي يو 100 مل,مملكة العود,100 مل,22000,عطر,العطور,high,العطور,perfumes,high,standard perfume,name=عطر سيرتي اونلي يو 100 مل; product_type=عطر,approved,standard perfume,2026-08-02T07:33:46Z,ready,proposed_child,NO,NO,NO
ARD-4633,4633,عطر سيرتي فالي مست 100 مل,مملكة العود,100 مل,22000,عطر,العطور,high,العطور,perfumes,high,standard perfume,name=عطر سيرتي فالي مست 100 مل; product_type=عطر,approved,standard perfume,2026-08-02T07:33:46Z,ready,proposed_child,NO,NO,NO
ARD-4673,4673,عطر رويال قطن وردي / مملكه العود,مملكة العود,,16000,عطر,العطور,high,العطور,perfumes,high,standard perfume,name=عطر رويال قطن وردي / مملكه العود; product_type=عطر,approved,standard perfume,2026-08-02T07:33:46Z,ready,proposed_child,NO,NO,NO
ARD-4674,4674,عطر رويال قطن روج / مملكه العود,مملكة العود,,16000,عطر,العطور,high,العطور,perfumes,high,standard perfume,name=عطر رويال قطن روج / مملكه العود; product_type=عطر,approved,standard perfume,2026-08-02T07:33:46Z,ready,proposed_child,NO,NO,NO
ARD-4675,4675,عطر رويال قطن ملكي / مملكه العود,مملكة العود,,16000,عطر,العطور,high,العطور,perfumes,high,standard perfume,name=عطر رويال قطن ملكي / مملكه العود; product_type=عطر,approved,standard perfume,2026-08-02T07:33:46Z,ready,proposed_child,NO,NO,NO
ARD-4676,4676,عطر رويال قطن ابيض / مملكه العود,مملكة العود,,16000,عطر,العطور,high,العطور,perfumes,high,standard perfume,name=عطر رويال قطن ابيض / مملكه العود; product_type=عطر,approved,standard perfume,2026-08-02T07:33:46Z,ready,proposed_child,NO,NO,NO
ARD-4915,4915,عطر ريو توباكو 100 مل,مملكة العود,100 مل,21000,عطر,العطور,high,العطور,perfumes,high,standard perfume,name=عطر ريو توباكو 100 مل; product_type=عطر,approved,standard perfume,2026-08-02T07:33:46Z,ready,proposed_child,NO,NO,NO
ARD-4916,4916,عطر كوهيبا توباكو 100 مل,مملكة العود,100 مل,21000,عطر,العطور,high,العطور,perfumes,high,standard perfume,name=عطر كوهيبا توباكو 100 مل; product_type=عطر,approved,standard perfume,2026-08-02T07:33:46Z,ready,proposed_child,NO,NO,NO
ARD-4917,4917,عطر باريسيان توباكو 100 مل,مملكة العود,100 مل,21000,عطر,العطور,high,العطور,perfumes,high,standard perfume,name=عطر باريسيان توباكو 100 مل; product_type=عطر,approved,standard perfume,2026-08-02T07:33:46Z,ready,proposed_child,NO,NO,NO
ARD-4922,4922,عطر فانيلا مادنس كورماند كولكشن 100 مل,مملكة العود,100 مل,20000,عطر,العطور,high,العطور,perfumes,high,standard perfume,name=عطر فانيلا مادنس كورماند كولكشن 100 مل; product_type=عطر,approved,standard perfume,2026-08-02T07:33:46Z,ready,proposed_child,NO,NO,NO
ARD-4923,4923,عطر مارشميلو كلايز كورماند كولكشن 100 مل,مملكة العود,100 مل,20000,عطر,العطور,high,العطور,perfumes,high,standard perfume,name=عطر مارشميلو كلايز كورماند كولكشن 100 مل; product_type=عطر,approved,standard perfume,2026-08-02T07:33:46Z,ready,proposed_child,NO,NO,NO
ARD-4924,4924,عطر كوكي بايت كورماند كولكشن 100 مل,مملكة العود,100 مل,20000,عطر,العطور,high,العطور,perfumes,high,standard perfume,name=عطر كوكي بايت كورماند كولكشن 100 مل; product_type=عطر,approved,standard perfume,2026-08-02T07:33:46Z,ready,proposed_child,NO,NO,NO
ARD-4925,4925,عطر ميلت مارشميلو كيز 100 مل,مملكة العود,100 مل,21000,عطر,العطور,high,العطور,perfumes,high,standard perfume,name=عطر ميلت مارشميلو كيز 100 مل; product_type=عطر,approved,standard perfume,2026-08-02T07:33:46Z,ready,proposed_child,NO,NO,NO
ARD-4926,4926,عطر ميلت كافيه بلس 100 مل,مملكة العود,100 مل,21000,عطر,العطور,high,العطور,perfumes,high,standard perfume,name=عطر ميلت كافيه بلس 100 مل; product_type=عطر,approved,standard perfume,2026-08-02T07:33:46Z,ready,proposed_child,NO,NO,NO
ARD-4927,4927,عطر ميلت كريم كراميل 100 مل,مملكة العود,100 مل,21000,عطر,العطور,high,العطور,perfumes,high,standard perfume,name=عطر ميلت كريم كراميل 100 مل; product_type=عطر,approved,standard perfume,2026-08-02T07:33:46Z,ready,proposed_child,NO,NO,NO
ARD-4928,4928,عطر ميلت فلفت بريز 100 مل,مملكة العود,100 مل,21000,عطر,العطور,high,العطور,perfumes,high,standard perfume,name=عطر ميلت فلفت بريز 100 مل; product_type=عطر,approved,standard perfume,2026-08-02T07:33:46Z,ready,proposed_child,NO,NO,NO
ARD-4957,4957,عطر شهلة ليتشي بلوم,مملكة العود,,15000,عطر,العطور,high,العطور,perfumes,high,standard perfume,name=عطر شهلة ليتشي بلوم; product_type=عطر,approved,standard perfume,2026-08-02T07:33:46Z,ready,proposed_child,NO,NO,NO
ARD-4958,4958,عطر كهرمانة انتنس ذهبي,مملكة العود,,18000,عطر,العطور,high,العطور,perfumes,high,standard perfume,name=عطر كهرمانة انتنس ذهبي; product_type=عطر,approved,standard perfume,2026-08-02T07:33:46Z,ready,proposed_child,NO,NO,NO
ARD-4959,4959,عطر ساهارا توباكو 100 مل,مملكة العود,100 مل,22000,عطر,العطور,high,العطور,perfumes,high,standard perfume,name=عطر ساهارا توباكو 100 مل; product_type=عطر,approved,standard perfume,2026-08-02T07:33:46Z,ready,proposed_child,NO,NO,NO
ARD-4960,4960,عطر افراح سندريم 100 مل,مملكة العود,100 مل,23000,عطر,العطور,high,العطور,perfumes,high,standard perfume,name=عطر افراح سندريم 100 مل; product_type=عطر,approved,standard perfume,2026-08-02T07:33:46Z,ready,proposed_child,NO,NO,NO
ARD-4962,4962,عطر جواهر كريمسون 100 مل,مملكة العود,100 مل,20000,عطر,العطور,high,العطور,perfumes,high,standard perfume,name=عطر جواهر كريمسون 100 مل; product_type=عطر,approved,standard perfume,2026-08-02T07:33:46Z,ready,proposed_child,NO,NO,NO
ARD-4963,4963,عطر جواهر تيرا 100 مل,مملكة العود,100 مل,20000,عطر,العطور,high,العطور,perfumes,high,standard perfume,name=عطر جواهر تيرا 100 مل; product_type=عطر,approved,standard perfume,2026-08-02T07:33:46Z,ready,proposed_child,NO,NO,NO
ARD-4964,4964,عطر جواهر ازوري 100 مل,مملكة العود,100 مل,20000,عطر,العطور,high,العطور,perfumes,high,standard perfume,name=عطر جواهر ازوري 100 مل; product_type=عطر,approved,standard perfume,2026-08-02T07:33:46Z,ready,proposed_child,NO,NO,NO
ARD-4965,4965,عطر جواهر ارديسنت 100 مل,مملكة العود,100 مل,20000,عطر,العطور,high,العطور,perfumes,high,standard perfume,name=عطر جواهر ارديسنت 100 مل; product_type=عطر,approved,standard perfume,2026-08-02T07:33:46Z,ready,proposed_child,NO,NO,NO
ARD-4966,4966,عطر الق 100 مل,مملكة العود,100 مل,27000,عطر,العطور,high,العطور,perfumes,high,standard perfume,name=عطر الق 100 مل; product_type=عطر,approved,standard perfume,2026-08-02T07:33:46Z,ready,proposed_child,NO,NO,NO
ARD-4967,4967,عطر فلفت لوش كورماند كولكشن 100 مل,مملكة العود,100 مل,20000,عطر,العطور,high,العطور,perfumes,high,standard perfume,name=عطر فلفت لوش كورماند كولكشن 100 مل; product_type=عطر,approved,standard perfume,2026-08-02T07:33:46Z,ready,proposed_child,NO,NO,NO
ARD-5024,5024,عطر اوج اكستراكت 100 مل,مملكة العود,100 مل,23000,عطر,العطور,high,العطور,perfumes,high,standard perfume,name=عطر اوج اكستراكت 100 مل; product_type=عطر,approved,standard perfume,2026-08-02T07:33:46Z,ready,proposed_child,NO,NO,NO
ARD-5068,5068,عطر هلال 100 مل,مملكة العود,100 مل,25000,عطر,العطور,high,العطور,perfumes,high,standard perfume,name=عطر هلال 100 مل; product_type=عطر,approved,standard perfume,2026-08-02T07:33:46Z,ready,proposed_child,NO,NO,NO
ARD-5069,5069,عطر محق 100 مل,مملكة العود,100 مل,25000,عطر,العطور,high,العطور,perfumes,high,standard perfume,name=عطر محق 100 مل; product_type=عطر,approved,standard perfume,2026-08-02T07:33:46Z,ready,proposed_child,NO,NO,NO
ARD-5070,5070,عطر افراح بارادايس 100 مل,مملكة العود,100 مل,23000,عطر,العطور,high,العطور,perfumes,high,standard perfume,name=عطر افراح بارادايس 100 مل; product_type=عطر,approved,standard perfume,2026-08-02T07:33:46Z,ready,proposed_child,NO,NO,NO
ARD-5075,5075,عطر فهد 80 مل / لطافة,مملكة العود,80 مل,37000,عطر,العطور,high,العطور,perfumes,high,standard perfume,name=عطر فهد 80 مل / لطافة; product_type=عطر,approved,standard perfume,2026-08-02T07:33:46Z,ready,proposed_child,NO,NO,NO
ARD-5162,5162,عطر زهراء ليلك دريم 100 مل,مملكة العود,100 مل,25000,عطر,العطور,high,العطور,perfumes,high,standard perfume,name=عطر زهراء ليلك دريم 100 مل; product_type=عطر,approved,standard perfume,2026-08-02T07:33:46Z,ready,proposed_child,NO,NO,NO
ARD-5163,5163,عطر زهراء بيتال كيز 100 مل,مملكة العود,100 مل,25000,عطر,العطور,high,العطور,perfumes,high,standard perfume,name=عطر زهراء بيتال كيز 100 مل; product_type=عطر,approved,standard perfume,2026-08-02T07:33:46Z,ready,proposed_child,NO,NO,NO
ARD-5164,5164,عطر زهراء فلفت افاير 100 مل,مملكة العود,100 مل,25000,عطر,العطور,high,العطور,perfumes,high,standard perfume,name=عطر زهراء فلفت افاير 100 مل; product_type=عطر,approved,standard perfume,2026-08-02T07:33:46Z,ready,proposed_child,NO,NO,NO
ARD-5166,5166,عطر سلطان رمال 100 مل,مملكة العود,100 مل,23000,عطر,العطور,high,العطور,perfumes,high,standard perfume,name=عطر سلطان رمال 100 مل; product_type=عطر,approved,standard perfume,2026-08-02T07:33:46Z,ready,proposed_child,NO,NO,NO
ARD-5167,5167,عطر سلطان بوادي 100 مل,مملكة العود,100 مل,23000,عطر,العطور,high,العطور,perfumes,high,standard perfume,name=عطر سلطان بوادي 100 مل; product_type=عطر,approved,standard perfume,2026-08-02T07:33:46Z,ready,proposed_child,NO,NO,NO
ARD-5168,5168,عطر سلطان خيمة 100 مل,مملكة العود,100 مل,23000,عطر,العطور,high,العطور,perfumes,high,standard perfume,name=عطر سلطان خيمة 100 مل; product_type=عطر,approved,standard perfume,2026-08-02T07:33:46Z,ready,proposed_child,NO,NO,NO
ARD-156,156,معطر مينا,مملكة العود,,2000,معطر,معطرات الجسم والبودي مست,medium,معطرات الجسم والبودي مست,body-mist-splash,medium,workbook category retained after rules miss,name=معطر مينا; product_type=معطر,approved,workbook category retained after rules miss,2026-08-02T07:33:46Z,ready,proposed_child,NO,NO,YES
ARD-381,381,معطر جسم صدفه,مملكة العود,,2000,معطر جسم أو بودي مست,معطرات الجسم والبودي مست,high,معطرات الجسم والبودي مست,body-mist-splash,high,explicit body mist/splash,name=معطر جسم صدفه; product_type=معطر جسم أو بودي مست,approved,explicit body mist/splash,2026-08-02T07:33:46Z,ready,proposed_child,NO,NO,NO
ARD-315,315,سبلاش فزاع,مملكة العود,,5000,معطر جسم أو بودي مست,معطرات الجسم والبودي مست,high,معطرات الجسم والبودي مست,body-mist-splash,high,explicit body mist/splash,name=سبلاش فزاع; product_type=معطر جسم أو بودي مست,approved,explicit body mist/splash,2026-08-02T07:33:46Z,ready,proposed_child,NO,NO,NO
ARD-806,806,سبلاش راكان,مملكة العود,,5000,معطر جسم أو بودي مست,معطرات الجسم والبودي مست,high,معطرات الجسم والبودي مست,body-mist-splash,high,explicit body mist/splash,name=سبلاش راكان; product_type=معطر جسم أو بودي مست,approved,explicit body mist/splash,2026-08-02T07:33:46Z,ready,proposed_child,NO,NO,NO
ARD-808,808,سبلاش الباشا,مملكة العود,,5000,معطر جسم أو بودي مست,معطرات الجسم والبودي مست,high,معطرات الجسم والبودي مست,body-mist-splash,high,explicit body mist/splash,name=سبلاش الباشا; product_type=معطر جسم أو بودي مست,approved,explicit body mist/splash,2026-08-02T07:33:46Z,ready,proposed_child,NO,NO,NO
ARD-809,809,سبلاش رحال,مملكة العود,,5000,معطر جسم أو بودي مست,معطرات الجسم والبودي مست,high,معطرات الجسم والبودي مست,body-mist-splash,high,explicit body mist/splash,name=سبلاش رحال; product_type=معطر جسم أو بودي مست,approved,explicit body mist/splash,2026-08-02T07:33:46Z,ready,proposed_child,NO,NO,NO
ARD-1736,1736,سبلاش ايهم,مملكة العود,,5000,معطر جسم أو بودي مست,معطرات الجسم والبودي مست,high,معطرات الجسم والبودي مست,body-mist-splash,high,explicit body mist/splash,name=سبلاش ايهم; product_type=معطر جسم أو بودي مست,approved,explicit body mist/splash,2026-08-02T07:33:46Z,ready,proposed_child,NO,NO,NO
ARD-1951,1951,معطر فراش احلى النساء 300 مل,مملكة العود,300 مل,7000,معطر مفارش,معطرات المنزل والمفارش والجو,high,معطرات المنزل والمفارش والجو,home-linen-air,high,explicit home fragrance,name=معطر فراش احلى النساء 300 مل; product_type=معطر مفارش,approved,explicit home fragrance,2026-08-02T07:33:46Z,ready,proposed_child,NO,NO,NO
ARD-1952,1952,معطر فراش جود 300 مل,مملكة العود,300 مل,7000,معطر مفارش,معطرات المنزل والمفارش والجو,high,معطرات المنزل والمفارش والجو,home-linen-air,high,explicit home fragrance,name=معطر فراش جود 300 مل; product_type=معطر مفارش,approved,explicit home fragrance,2026-08-02T07:33:46Z,ready,proposed_child,NO,NO,NO
ARD-1955,1955,معطر فراش كادي 300 مل,مملكة العود,300 مل,7000,معطر مفارش,معطرات المنزل والمفارش والجو,high,معطرات المنزل والمفارش والجو,home-linen-air,high,explicit home fragrance,name=معطر فراش كادي 300 مل; product_type=معطر مفارش,approved,explicit home fragrance,2026-08-02T07:33:46Z,ready,proposed_child,NO,NO,NO
ARD-1956,1956,معطر فراش غلا راشد 300 مل,مملكة العود,300 مل,7000,معطر مفارش,معطرات المنزل والمفارش والجو,high,معطرات المنزل والمفارش والجو,home-linen-air,high,explicit home fragrance,name=معطر فراش غلا راشد 300 مل; product_type=معطر مفارش,approved,explicit home fragrance,2026-08-02T07:33:46Z,ready,proposed_child,NO,NO,NO
ARD-1957,1957,معطر فراش الاسطورة نسائي 300 مل,مملكة العود,300 مل,7000,معطر مفارش,معطرات المنزل والمفارش والجو,high,معطرات المنزل والمفارش والجو,home-linen-air,high,explicit home fragrance,name=معطر فراش الاسطورة نسائي 300 مل; product_type=معطر مفارش,approved,explicit home fragrance,2026-08-02T07:33:46Z,ready,proposed_child,NO,NO,NO
ARD-1959,1959,معطر فراش ملك 300 مل,مملكة العود,300 مل,7000,معطر مفارش,معطرات المنزل والمفارش والجو,high,معطرات المنزل والمفارش والجو,home-linen-air,high,explicit home fragrance,name=معطر فراش ملك 300 مل; product_type=معطر مفارش,approved,explicit home fragrance,2026-08-02T07:33:46Z,ready,proposed_child,NO,NO,NO
ARD-1961,1961,معطر فراش هوس 300 مل,مملكة العود,300 مل,7000,معطر مفارش,معطرات المنزل والمفارش والجو,high,معطرات المنزل والمفارش والجو,home-linen-air,high,explicit home fragrance,name=معطر فراش هوس 300 مل; product_type=معطر مفارش,approved,explicit home fragrance,2026-08-02T07:33:46Z,ready,proposed_child,NO,NO,NO
ARD-1962,1962,معطر فراش قوارير 300 مل,مملكة العود,300 مل,7000,معطر مفارش,معطرات المنزل والمفارش والجو,high,معطرات المنزل والمفارش والجو,home-linen-air,high,explicit home fragrance,name=معطر فراش قوارير 300 مل; product_type=معطر مفارش,approved,explicit home fragrance,2026-08-02T07:33:46Z,ready,proposed_child,NO,NO,NO
ARD-2004,2004,معطر فراش 300 مل فزاع,مملكة العود,300 مل,5000,معطر مفارش,معطرات المنزل والمفارش والجو,high,معطرات المنزل والمفارش والجو,home-linen-air,high,explicit home fragrance,name=معطر فراش 300 مل فزاع; product_type=معطر مفارش,approved,explicit home fragrance,2026-08-02T07:33:46Z,ready,proposed_child,NO,NO,NO
ARD-2036,2036,معطر فراش شهلة,مملكة العود,,5000,معطر مفارش,معطرات المنزل والمفارش والجو,high,معطرات المنزل والمفارش والجو,home-linen-air,high,explicit home fragrance,name=معطر فراش شهلة; product_type=معطر مفارش,approved,explicit home fragrance,2026-08-02T07:33:46Z,ready,proposed_child,NO,NO,NO
ARD-2050,2050,معطر فراش نشوة,مملكة العود,,5000,معطر مفارش,معطرات المنزل والمفارش والجو,high,معطرات المنزل والمفارش والجو,home-linen-air,high,explicit home fragrance,name=معطر فراش نشوة; product_type=معطر مفارش,approved,explicit home fragrance,2026-08-02T07:33:46Z,ready,proposed_child,NO,NO,NO
ARD-2213,2213,معطر فراش امجاد 300 مل,مملكة العود,300 مل,7000,معطر مفارش,معطرات المنزل والمفارش والجو,high,معطرات المنزل والمفارش والجو,home-linen-air,high,explicit home fragrance,name=معطر فراش امجاد 300 مل; product_type=معطر مفارش,approved,explicit home fragrance,2026-08-02T07:33:46Z,ready,proposed_child,NO,NO,NO
ARD-842,842,معطر جو الاسطورة,مملكة العود,,3000,معطر منزل وجو,معطرات المنزل والمفارش والجو,high,معطرات المنزل والمفارش والجو,home-linen-air,high,explicit home fragrance,name=معطر جو الاسطورة; product_type=معطر منزل وجو,approved,explicit home fragrance,2026-08-02T07:33:46Z,ready,proposed_child,NO,NO,NO
ARD-2107,2107,بودي مست سما مع لمعة,مملكة العود,,4000,معطر جسم أو بودي مست,معطرات الجسم والبودي مست,high,معطرات الجسم والبودي مست,body-mist-splash,high,explicit body mist/splash,name=بودي مست سما مع لمعة; product_type=معطر جسم أو بودي مست,approved,explicit body mist/splash,2026-08-02T07:33:46Z,ready,proposed_child,NO,NO,NO
ARD-2108,2108,بودي مست صدفة مع لمعة,مملكة العود,,4000,معطر جسم أو بودي مست,معطرات الجسم والبودي مست,high,معطرات الجسم والبودي مست,body-mist-splash,high,explicit body mist/splash,name=بودي مست صدفة مع لمعة; product_type=معطر جسم أو بودي مست,approved,explicit body mist/splash,2026-08-02T07:33:46Z,ready,proposed_child,NO,NO,NO
ARD-2110,2110,بودي مست ميرا,مملكة العود,,4000,معطر جسم أو بودي مست,معطرات الجسم والبودي مست,high,معطرات الجسم والبودي مست,body-mist-splash,high,explicit body mist/splash,name=بودي مست ميرا; product_type=معطر جسم أو بودي مست,approved,explicit body mist/splash,2026-08-02T07:33:46Z,ready,proposed_child,NO,NO,NO
ARD-2111,2111,بودي مست كيان للنساء مع لمعة,مملكة العود,,4000,معطر جسم أو بودي مست,معطرات الجسم والبودي مست,high,معطرات الجسم والبودي مست,body-mist-splash,high,explicit body mist/splash,name=بودي مست كيان للنساء مع لمعة; product_type=معطر جسم أو بودي مست,approved,explicit body mist/splash,2026-08-02T07:33:46Z,ready,proposed_child,NO,NO,NO
ARD-2114,2114,بودي مست ملك,مملكة العود,,4000,معطر جسم أو بودي مست,معطرات الجسم والبودي مست,high,معطرات الجسم والبودي مست,body-mist-splash,high,explicit body mist/splash,name=بودي مست ملك; product_type=معطر جسم أو بودي مست,approved,explicit body mist/splash,2026-08-02T07:33:46Z,ready,proposed_child,NO,NO,NO
ARD-2115,2115,بودي مست عليا مركز,مملكة العود,,4000,معطر جسم أو بودي مست,معطرات الجسم والبودي مست,high,معطرات الجسم والبودي مست,body-mist-splash,high,explicit body mist/splash,name=بودي مست عليا مركز; product_type=معطر جسم أو بودي مست,approved,explicit body mist/splash,2026-08-02T07:33:46Z,ready,proposed_child,NO,NO,NO
ARD-2095,2095,بخور عود معطر امجاد,مملكة العود,,6000,بخور,البخور والمعمول,high,البخور والمعمول,incense-maamoul,high,explicit incense,name=بخور عود معطر امجاد; product_type=بخور,approved,explicit incense,2026-08-02T07:33:46Z,ready,proposed_child,NO,NO,NO
ARD-2096,2096,بخور عود معطر فزاع,مملكة العود,,6000,بخور,البخور والمعمول,high,البخور والمعمول,incense-maamoul,high,explicit incense,name=بخور عود معطر فزاع; product_type=بخور,approved,explicit incense,2026-08-02T07:33:46Z,ready,proposed_child,NO,NO,NO
ARD-2097,2097,بخور عود معطر غلا راشد,مملكة العود,,6000,بخور,البخور والمعمول,high,البخور والمعمول,incense-maamoul,high,explicit incense,name=بخور عود معطر غلا راشد; product_type=بخور,approved,explicit incense,2026-08-02T07:33:46Z,ready,proposed_child,NO,NO,NO
ARD-3392,3392,بودي مست القدوة 250 مل,مملكة العود,250 مل,4000,معطر جسم أو بودي مست,معطرات الجسم والبودي مست,high,معطرات الجسم والبودي مست,body-mist-splash,high,explicit body mist/splash,name=بودي مست القدوة 250 مل; product_type=معطر جسم أو بودي مست,approved,explicit body mist/splash,2026-08-02T07:33:46Z,ready,proposed_child,NO,NO,NO
ARD-3393,3393,بودي مست كادي ازرق 250 مل,مملكة العود,250 مل,4000,معطر جسم أو بودي مست,معطرات الجسم والبودي مست,high,معطرات الجسم والبودي مست,body-mist-splash,high,explicit body mist/splash,name=بودي مست كادي ازرق 250 مل; product_type=معطر جسم أو بودي مست,approved,explicit body mist/splash,2026-08-02T07:33:46Z,ready,proposed_child,NO,NO,NO
ARD-3394,3394,بودي مست كيان نسائي 250 مل,مملكة العود,250 مل,4000,معطر جسم أو بودي مست,معطرات الجسم والبودي مست,high,معطرات الجسم والبودي مست,body-mist-splash,high,explicit body mist/splash,name=بودي مست كيان نسائي 250 مل; product_type=معطر جسم أو بودي مست,approved,explicit body mist/splash,2026-08-02T07:33:46Z,ready,proposed_child,NO,NO,NO
ARD-3395,3395,بودي مست الاسطورة نسائي 250 مل,مملكة العود,250 مل,4000,معطر جسم أو بودي مست,معطرات الجسم والبودي مست,high,معطرات الجسم والبودي مست,body-mist-splash,high,explicit body mist/splash,name=بودي مست الاسطورة نسائي 250 مل; product_type=معطر جسم أو بودي مست,approved,explicit body mist/splash,2026-08-02T07:33:46Z,ready,proposed_child,NO,NO,NO
ARD-3401,3401,بودي مست ميرا 250 مل,مملكة العود,250 مل,4000,معطر جسم أو بودي مست,معطرات الجسم والبودي مست,high,معطرات الجسم والبودي مست,body-mist-splash,high,explicit body mist/splash,name=بودي مست ميرا 250 مل; product_type=معطر جسم أو بودي مست,approved,explicit body mist/splash,2026-08-02T07:33:46Z,ready,proposed_child,NO,NO,NO
ARD-3402,3402,بودي مست ملك 250 مل,مملكة العود,250 مل,4000,معطر جسم أو بودي مست,معطرات الجسم والبودي مست,high,معطرات الجسم والبودي مست,body-mist-splash,high,explicit body mist/splash,name=بودي مست ملك 250 مل; product_type=معطر جسم أو بودي مست,approved,explicit body mist/splash,2026-08-02T07:33:46Z,ready,proposed_child,NO,NO,NO
ARD-3403,3403,بودي مست يارا 250 مل,مملكة العود,250 مل,4000,معطر جسم أو بودي مست,معطرات الجسم والبودي مست,high,معطرات الجسم والبودي مست,body-mist-splash,high,explicit body mist/splash,name=بودي مست يارا 250 مل; product_type=معطر جسم أو بودي مست,approved,explicit body mist/splash,2026-08-02T07:33:46Z,ready,proposed_child,NO,NO,NO
ARD-3406,3406,بودي مست كادي اخضر 250 مل,مملكة العود,250 مل,4000,معطر جسم أو بودي مست,معطرات الجسم والبودي مست,high,معطرات الجسم والبودي مست,body-mist-splash,high,explicit body mist/splash,name=بودي مست كادي اخضر 250 مل; product_type=معطر جسم أو بودي مست,approved,explicit body mist/splash,2026-08-02T07:33:46Z,ready,proposed_child,NO,NO,NO
ARD-4520,4520,بودي مست مسك طهارة مملكة العود كاندي,مملكة العود,,4000,مسك أو عطر زيتي,المسك والمخمريات والعطور الزيتية,high,معطرات الجسم والبودي مست,body-mist-splash,high,explicit body mist/splash,name=بودي مست مسك طهارة مملكة العود كاندي; product_type=مسك أو عطر زيتي,corrected,explicit body mist/splash,2026-08-02T07:33:46Z,ready,proposed_child,NO,YES,NO
ARD-4521,4521,بودي مست مسك طهارة مملكة العود بلو بيري,مملكة العود,,4000,مسك أو عطر زيتي,المسك والمخمريات والعطور الزيتية,high,معطرات الجسم والبودي مست,body-mist-splash,high,explicit body mist/splash,name=بودي مست مسك طهارة مملكة العود بلو بيري; product_type=مسك أو عطر زيتي,corrected,explicit body mist/splash,2026-08-02T07:33:46Z,ready,proposed_child,NO,YES,NO
ARD-4522,4522,بودي مست مسك طهارة مملكة العود فانيلا,مملكة العود,,4000,مسك أو عطر زيتي,المسك والمخمريات والعطور الزيتية,high,معطرات الجسم والبودي مست,body-mist-splash,high,explicit body mist/splash,name=بودي مست مسك طهارة مملكة العود فانيلا; product_type=مسك أو عطر زيتي,corrected,explicit body mist/splash,2026-08-02T07:33:46Z,ready,proposed_child,NO,YES,NO
ARD-4523,4523,بودي مست مسك طهارة مملكة العود تروبكال مسك,مملكة العود,,4000,مسك أو عطر زيتي,المسك والمخمريات والعطور الزيتية,high,معطرات الجسم والبودي مست,body-mist-splash,high,explicit body mist/splash,name=بودي مست مسك طهارة مملكة العود تروبكال مسك; product_type=مسك أو عطر زيتي,corrected,explicit body mist/splash,2026-08-02T07:33:46Z,ready,proposed_child,NO,YES,NO
ARD-4524,4524,بودي مست مسك طهارة مملكة العودلافندر,مملكة العود,,4000,مسك أو عطر زيتي,المسك والمخمريات والعطور الزيتية,high,معطرات الجسم والبودي مست,body-mist-splash,high,explicit body mist/splash,name=بودي مست مسك طهارة مملكة العودلافندر; product_type=مسك أو عطر زيتي,corrected,explicit body mist/splash,2026-08-02T07:33:46Z,ready,proposed_child,NO,YES,NO
ARD-4534,4534,بودي مست مسك طهارة مملكة العود بوميغرانتي موسك,مملكة العود,,4000,مسك أو عطر زيتي,المسك والمخمريات والعطور الزيتية,high,معطرات الجسم والبودي مست,body-mist-splash,high,explicit body mist/splash,name=بودي مست مسك طهارة مملكة العود بوميغرانتي موسك; product_type=مسك أو عطر زيتي,corrected,explicit body mist/splash,2026-08-02T07:33:46Z,ready,proposed_child,NO,YES,NO
ARD-3295,3295,عطر هيريرو رجالي 100 مل,Volare,100 مل,13000,عطر,العطور,high,العطور,perfumes,high,standard perfume,name=عطر هيريرو رجالي 100 مل; product_type=عطر,approved,standard perfume,2026-08-02T07:33:46Z,ready,proposed_child,NO,NO,NO
ARD-3296,3296,عطر نانسيا فور هير 100 مل,Volare,100 مل,13000,عطر,العطور,high,العطور,perfumes,high,standard perfume,name=عطر نانسيا فور هير 100 مل; product_type=عطر,approved,standard perfume,2026-08-02T07:33:46Z,ready,proposed_child,NO,NO,NO
ARD-3298,3298,عطر افانسي 100 مل,Volare,100 مل,13000,عطر,العطور,high,العطور,perfumes,high,standard perfume,name=عطر افانسي 100 مل; product_type=عطر,approved,standard perfume,2026-08-02T07:33:46Z,ready,proposed_child,NO,NO,NO
ARD-3300,3300,عطر فلورال نارسوس 100 مل,Volare,100 مل,13000,عطر,العطور,high,العطور,perfumes,high,standard perfume,name=عطر فلورال نارسوس 100 مل; product_type=عطر,approved,standard perfume,2026-08-02T07:33:46Z,ready,proposed_child,NO,NO,NO
ARD-3344,3344,عطر انفنتف 100 مل,Volare,100 مل,14000,عطر,العطور,high,العطور,perfumes,high,standard perfume,name=عطر انفنتف 100 مل; product_type=عطر,approved,standard perfume,2026-08-02T07:33:46Z,ready,proposed_child,NO,NO,NO
ARD-3356,3356,عطر انفنتف فكتوري 100 مل,Volare,100 مل,15000,عطر,العطور,high,العطور,perfumes,high,standard perfume,name=عطر انفنتف فكتوري 100 مل; product_type=عطر,approved,standard perfume,2026-08-02T07:33:46Z,ready,proposed_child,NO,NO,NO
ARD-3357,3357,عطر فرانتك 100 مل,Volare,100 مل,14000,عطر,العطور,high,العطور,perfumes,high,standard perfume,name=عطر فرانتك 100 مل; product_type=عطر,approved,standard perfume,2026-08-02T07:33:46Z,ready,proposed_child,NO,NO,NO
ARD-3358,3358,عطر انفنتف لجند 100 مل,Volare,100 مل,14000,عطر,العطور,high,العطور,perfumes,high,standard perfume,name=عطر انفنتف لجند 100 مل; product_type=عطر,approved,standard perfume,2026-08-02T07:33:46Z,ready,proposed_child,NO,NO,NO
ARD-3359,3359,عطر برافيرلي مان 100 مل,Volare,100 مل,13000,عطر,العطور,high,العطور,perfumes,high,standard perfume,name=عطر برافيرلي مان 100 مل; product_type=عطر,approved,standard perfume,2026-08-02T07:33:46Z,ready,proposed_child,NO,NO,NO
ARD-3363,3363,عطر اينامور اوبرو 100 مل,Volare,100 مل,13000,عطر,العطور,high,العطور,perfumes,high,standard perfume,name=عطر اينامور اوبرو 100 مل; product_type=عطر,approved,standard perfume,2026-08-02T07:33:46Z,ready,proposed_child,NO,NO,NO
ARD-3364,3364,عطر لنتيمو 100 مل,Volare,100 مل,13000,عطر,العطور,high,العطور,perfumes,high,standard perfume,name=عطر لنتيمو 100 مل; product_type=عطر,approved,standard perfume,2026-08-02T07:33:46Z,ready,proposed_child,NO,NO,NO
ARD-3367,3367,عطر انتنسف لجن 100 مل,Volare,100 مل,13000,عطر,العطور,high,العطور,perfumes,high,standard perfume,name=عطر انتنسف لجن 100 مل; product_type=عطر,approved,standard perfume,2026-08-02T07:33:46Z,ready,proposed_child,NO,NO,NO
ARD-3368,3368,عطر اينامور روج 100 مل,Volare,100 مل,13000,عطر,العطور,high,العطور,perfumes,high,standard perfume,name=عطر اينامور روج 100 مل; product_type=عطر,approved,standard perfume,2026-08-02T07:33:46Z,ready,proposed_child,NO,NO,NO
ARD-3369,3369,عطر ماجستي 100 مل,Volare,100 مل,14000,عطر,العطور,high,العطور,perfumes,high,standard perfume,name=عطر ماجستي 100 مل; product_type=عطر,approved,standard perfume,2026-08-02T07:33:46Z,ready,proposed_child,NO,NO,NO
ARD-3370,3370,عطر ال هوم بلو 100 مل,Volare,100 مل,13000,عطر,العطور,high,العطور,perfumes,high,standard perfume,name=عطر ال هوم بلو 100 مل; product_type=عطر,approved,standard perfume,2026-08-02T07:33:46Z,ready,proposed_child,NO,NO,NO
ARD-3373,3373,عطر كاردن فلورا 100 مل,Volare,100 مل,13000,عطر,العطور,high,العطور,perfumes,high,standard perfume,name=عطر كاردن فلورا 100 مل; product_type=عطر,approved,standard perfume,2026-08-02T07:33:46Z,ready,proposed_child,NO,NO,NO
ARD-3374,3374,عطر تمبتايشن 111 بور فيم 100 مل,Volare,100 مل,13000,عطر,العطور,high,العطور,perfumes,high,standard perfume,name=عطر تمبتايشن 111 بور فيم 100 مل; product_type=عطر,approved,standard perfume,2026-08-02T07:33:46Z,ready,proposed_child,NO,NO,NO
ARD-3375,3375,عطر دير كيل 90 مل,Volare,90 مل,13000,عطر,العطور,high,العطور,perfumes,high,standard perfume,name=عطر دير كيل 90 مل; product_type=عطر,approved,standard perfume,2026-08-02T07:33:46Z,ready,proposed_child,NO,NO,NO
ARD-3377,3377,عطر دارلين بور فيم 100 مل,Volare,100 مل,16000,عطر,العطور,high,العطور,perfumes,high,standard perfume,name=عطر دارلين بور فيم 100 مل; product_type=عطر,approved,standard perfume,2026-08-02T07:33:46Z,ready,proposed_child,NO,NO,NO
ARD-3381,3381,عطر ميلينا 100 مل,Volare,100 مل,13000,عطر,العطور,high,العطور,perfumes,high,standard perfume,name=عطر ميلينا 100 مل; product_type=عطر,approved,standard perfume,2026-08-02T07:33:46Z,ready,proposed_child,NO,NO,NO
ARD-3382,3382,عطر فيراكت بينك 100 مل,Volare,100 مل,14000,عطر,العطور,high,العطور,perfumes,high,standard perfume,name=عطر فيراكت بينك 100 مل; product_type=عطر,approved,standard perfume,2026-08-02T07:33:46Z,ready,proposed_child,NO,NO,NO
ARD-3383,3383,عطر فورتي مين 100 مل,Volare,100 مل,13000,عطر,العطور,high,العطور,perfumes,high,standard perfume,name=عطر فورتي مين 100 مل; product_type=عطر,approved,standard perfume,2026-08-02T07:33:46Z,ready,proposed_child,NO,NO,NO
ARD-3387,3387,عطر اوفيارا 100 مل,Volare,100 مل,13000,عطر,العطور,high,العطور,perfumes,high,standard perfume,name=عطر اوفيارا 100 مل; product_type=عطر,approved,standard perfume,2026-08-02T07:33:46Z,ready,proposed_child,NO,NO,NO
ARD-3388,3388,عطر نانسيا بودري 100 مل,Volare,100 مل,15000,عطر,العطور,high,العطور,perfumes,high,standard perfume,name=عطر نانسيا بودري 100 مل; product_type=عطر,approved,standard perfume,2026-08-02T07:33:46Z,ready,proposed_child,NO,NO,YES
ARD-3455,3455,عطر بيلا فيتا 100 مل,Volare,100 مل,16000,عطر,العطور,high,العطور,perfumes,high,standard perfume,name=عطر بيلا فيتا 100 مل; product_type=عطر,approved,standard perfume,2026-08-02T07:33:46Z,ready,proposed_child,NO,NO,NO
ARD-3456,3456,عطر جاستي 100 مل,Volare,100 مل,13000,عطر,العطور,high,العطور,perfumes,high,standard perfume,name=عطر جاستي 100 مل; product_type=عطر,approved,standard perfume,2026-08-02T07:33:46Z,ready,proposed_child,NO,NO,NO
ARD-3457,3457,عطر اي يودي بلو 100 مل,Volare,100 مل,13000,عطر,العطور,high,العطور,perfumes,high,standard perfume,name=عطر اي يودي بلو 100 مل; product_type=عطر,approved,standard perfume,2026-08-02T07:33:46Z,ready,proposed_child,NO,NO,NO
ARD-3458,3458,عطر اينامور سينتو 100 مل,Volare,100 مل,13000,عطر,العطور,high,العطور,perfumes,high,standard perfume,name=عطر اينامور سينتو 100 مل; product_type=عطر,approved,standard perfume,2026-08-02T07:33:46Z,ready,proposed_child,NO,NO,NO
ARD-3459,3459,عطر جست فور يو ومن 100 مل,Volare,100 مل,14000,عطر,العطور,high,العطور,perfumes,high,standard perfume,name=عطر جست فور يو ومن 100 مل; product_type=عطر,approved,standard perfume,2026-08-02T07:33:46Z,ready,proposed_child,NO,NO,NO
ARD-3460,3460,عطر لا ناييج بور هوم 100 مل,Volare,100 مل,13000,عطر,العطور,high,العطور,perfumes,high,standard perfume,name=عطر لا ناييج بور هوم 100 مل; product_type=عطر,approved,standard perfume,2026-08-02T07:33:46Z,ready,proposed_child,NO,NO,NO
ARD-3461,3461,عطر لا فانتو اوركيد 100 مل,Volare,100 مل,13000,عطر,العطور,high,العطور,perfumes,high,standard perfume,name=عطر لا فانتو اوركيد 100 مل; product_type=عطر,approved,standard perfume,2026-08-02T07:33:46Z,ready,proposed_child,NO,NO,NO
ARD-3462,3462,عطر موسيل اورا 100 مل,Volare,100 مل,14000,عطر,العطور,high,العطور,perfumes,high,standard perfume,name=عطر موسيل اورا 100 مل; product_type=عطر,approved,standard perfume,2026-08-02T07:33:46Z,ready,proposed_child,NO,NO,NO
ARD-3464,3464,عطر نوير لذر 100 مل,Volare,100 مل,13000,عطر,العطور,high,العطور,perfumes,high,standard perfume,name=عطر نوير لذر 100 مل; product_type=عطر,approved,standard perfume,2026-08-02T07:33:46Z,ready,proposed_child,NO,NO,NO
ARD-3465,3465,عطر اوبس نويت,Volare,,14000,عطر,العطور,high,العطور,perfumes,high,standard perfume,name=عطر اوبس نويت; product_type=عطر,approved,standard perfume,2026-08-02T07:33:46Z,ready,proposed_child,NO,NO,NO
ARD-3466,3466,عطر رومنتك روز VIP ومن 100 مل,Volare,100 مل,14000,عطر,العطور,high,العطور,perfumes,high,standard perfume,name=عطر رومنتك روز VIP ومن 100 مل; product_type=عطر,approved,standard perfume,2026-08-02T07:33:46Z,ready,proposed_child,NO,NO,NO
ARD-3468,3468,عطر فيراكت نوير 100 مل,Volare,100 مل,13000,عطر,العطور,high,العطور,perfumes,high,standard perfume,name=عطر فيراكت نوير 100 مل; product_type=عطر,approved,standard perfume,2026-08-02T07:33:46Z,ready,proposed_child,NO,NO,NO
ARD-3469,3469,عطر فيراكت بلو 100 مل,Volare,100 مل,13000,عطر,العطور,high,العطور,perfumes,high,standard perfume,name=عطر فيراكت بلو 100 مل; product_type=عطر,approved,standard perfume,2026-08-02T07:33:46Z,ready,proposed_child,NO,NO,NO
ARD-3470,3470,عطر فيراكت روج 100 مل,Volare,100 مل,13000,عطر,العطور,high,العطور,perfumes,high,standard perfume,name=عطر فيراكت روج 100 مل; product_type=عطر,approved,standard perfume,2026-08-02T07:33:46Z,ready,proposed_child,NO,NO,NO
ARD-3668,3668,عطر لذر انسنس 100 مل,Volare,100 مل,13000,عطر,العطور,high,العطور,perfumes,high,standard perfume,name=عطر لذر انسنس 100 مل; product_type=عطر,approved,standard perfume,2026-08-02T07:33:46Z,ready,proposed_child,NO,NO,NO
ARD-3669,3669,عطر ميغادوس 80 مل,Volare,80 مل,16000,عطر,العطور,high,العطور,perfumes,high,standard perfume,name=عطر ميغادوس 80 مل; product_type=عطر,approved,standard perfume,2026-08-02T07:33:46Z,ready,proposed_child,NO,NO,NO
ARD-3670,3670,عطر ميلودك ليدي 100 مل,Volare,100 مل,14000,عطر,العطور,high,العطور,perfumes,high,standard perfume,name=عطر ميلودك ليدي 100 مل; product_type=عطر,approved,standard perfume,2026-08-02T07:33:46Z,ready,proposed_child,NO,NO,NO
ARD-3671,3671,عطر ميلودك الكسير 100 مل,Volare,100 مل,13000,عطر,العطور,high,العطور,perfumes,high,standard perfume,name=عطر ميلودك الكسير 100 مل; product_type=عطر,approved,standard perfume,2026-08-02T07:33:46Z,ready,proposed_child,NO,NO,NO
ARD-3673,3673,عطر نوبلنس 100 مل,Volare,100 مل,15000,عطر,العطور,high,العطور,perfumes,high,standard perfume,name=عطر نوبلنس 100 مل; product_type=عطر,approved,standard perfume,2026-08-02T07:33:46Z,ready,proposed_child,NO,NO,NO
ARD-3674,3674,عطر افينوير برفومو 100 مل,Volare,100 مل,13000,عطر,العطور,high,العطور,perfumes,high,standard perfume,name=عطر افينوير برفومو 100 مل; product_type=عطر,approved,standard perfume,2026-08-02T07:33:46Z,ready,proposed_child,NO,NO,NO
ARD-3675,3675,عطر بوتيك اكستراكت 100 مل,Volare,100 مل,13000,عطر,العطور,high,العطور,perfumes,high,standard perfume,name=عطر بوتيك اكستراكت 100 مل; product_type=عطر,approved,standard perfume,2026-08-02T07:33:46Z,ready,proposed_child,NO,NO,NO
ARD-3676,3676,عطر بوتيك روج 540 100 مل,Volare,100 مل,15000,عطر,العطور,high,العطور,perfumes,high,standard perfume,name=عطر بوتيك روج 540 100 مل; product_type=عطر,approved,standard perfume,2026-08-02T07:33:46Z,ready,proposed_child,NO,NO,NO
ARD-3677,3677,عطر بوتيك سيلك عود 100 مل,Volare,100 مل,13000,عطر,العطور,high,العطور,perfumes,high,standard perfume,name=عطر بوتيك سيلك عود 100 مل; product_type=عطر,approved,standard perfume,2026-08-02T07:33:46Z,ready,proposed_child,NO,NO,NO
ARD-3678,3678,عطر جيري بلوسوم 100 مل,Volare,100 مل,13000,عطر,العطور,high,العطور,perfumes,high,standard perfume,name=عطر جيري بلوسوم 100 مل; product_type=عطر,approved,standard perfume,2026-08-02T07:33:46Z,ready,proposed_child,NO,NO,NO
ARD-3679,3679,عطر فلوريان 100 مل,Volare,100 مل,14000,عطر,العطور,high,العطور,perfumes,high,standard perfume,name=عطر فلوريان 100 مل; product_type=عطر,approved,standard perfume,2026-08-02T07:33:46Z,ready,proposed_child,NO,NO,NO
ARD-3680,3680,عطر جوردي بروفندو 100 مل,Volare,100 مل,13000,عطر,العطور,high,العطور,perfumes,high,standard perfume,name=عطر جوردي بروفندو 100 مل; product_type=عطر,approved,standard perfume,2026-08-02T07:33:46Z,ready,proposed_child,NO,NO,NO
ARD-3681,3681,عطر جوردي بروفومو 100 مل,Volare,100 مل,13000,عطر,العطور,high,العطور,perfumes,high,standard perfume,name=عطر جوردي بروفومو 100 مل; product_type=عطر,approved,standard perfume,2026-08-02T07:33:46Z,ready,proposed_child,NO,NO,NO
ARD-3682,3682,عطر كلانسي 100 مل,Volare,100 مل,15000,عطر,العطور,high,العطور,perfumes,high,standard perfume,name=عطر كلانسي 100 مل; product_type=عطر,approved,standard perfume,2026-08-02T07:33:46Z,ready,proposed_child,NO,NO,NO
ARD-3683,3683,عطر عود انتريور 100 مل,Volare,100 مل,13000,عطر,العطور,high,العطور,perfumes,high,standard perfume,name=عطر عود انتريور 100 مل; product_type=عطر,approved,standard perfume,2026-08-02T07:33:46Z,ready,proposed_child,NO,NO,NO
ARD-3684,3684,عطر عود ماجستك 100 مل,Volare,100 مل,13000,عطر,العطور,high,العطور,perfumes,high,standard perfume,name=عطر عود ماجستك 100 مل; product_type=عطر,approved,standard perfume,2026-08-02T07:33:46Z,ready,proposed_child,NO,NO,NO
ARD-3685,3685,عطر بيج ابسلو 100 مل,Volare,100 مل,15000,عطر,العطور,high,العطور,perfumes,high,standard perfume,name=عطر بيج ابسلو 100 مل; product_type=عطر,approved,standard perfume,2026-08-02T07:33:46Z,ready,proposed_child,NO,NO,NO
ARD-3686,3686,عطر بيور سيدكشن سيكرت 100 مل,Volare,100 مل,13000,عطر,العطور,high,العطور,perfumes,high,standard perfume,name=عطر بيور سيدكشن سيكرت 100 مل; product_type=عطر,approved,standard perfume,2026-08-02T07:33:46Z,ready,proposed_child,NO,NO,NO
ARD-3687,3687,عطر بيور سيدكشن سيكرت انتنس 100 مل,Volare,100 مل,15000,عطر,العطور,high,العطور,perfumes,high,standard perfume,name=عطر بيور سيدكشن سيكرت انتنس 100 مل; product_type=عطر,approved,standard perfume,2026-08-02T07:33:46Z,ready,proposed_child,NO,NO,NO
ARD-3688,3688,عطر روز ماجستك 100 مل,Volare,100 مل,13000,عطر,العطور,high,العطور,perfumes,high,standard perfume,name=عطر روز ماجستك 100 مل; product_type=عطر,approved,standard perfume,2026-08-02T07:33:46Z,ready,proposed_child,NO,NO,NO
ARD-3690,3690,عطر سيرين 100 مل,Volare,100 مل,16000,عطر,العطور,high,العطور,perfumes,high,standard perfume,name=عطر سيرين 100 مل; product_type=عطر,approved,standard perfume,2026-08-02T07:33:46Z,ready,proposed_child,NO,NO,NO
ARD-3692,3692,عطر توباكو انسنس 100 مل,Volare,100 مل,13000,عطر,العطور,high,العطور,perfumes,high,standard perfume,name=عطر توباكو انسنس 100 مل; product_type=عطر,approved,standard perfume,2026-08-02T07:33:46Z,ready,proposed_child,NO,NO,NO
ARD-3693,3693,عطر وود انتنسف 100 مل,Volare,100 مل,16000,عطر,العطور,high,العطور,perfumes,high,standard perfume,name=عطر وود انتنسف 100 مل; product_type=عطر,approved,standard perfume,2026-08-02T07:33:46Z,ready,proposed_child,NO,NO,NO
ARD-3694,3694,عطر ميلودك 100 مل,Volare,100 مل,13000,عطر,العطور,high,العطور,perfumes,high,standard perfume,name=عطر ميلودك 100 مل; product_type=عطر,approved,standard perfume,2026-08-02T07:33:46Z,ready,proposed_child,NO,NO,NO
ARD-3789,3789,عطر سيلين بور فيم 100 مل,Volare,100 مل,14000,عطر,العطور,high,العطور,perfumes,high,standard perfume,name=عطر سيلين بور فيم 100 مل; product_type=عطر,approved,standard perfume,2026-08-02T07:33:46Z,ready,proposed_child,NO,NO,NO
ARD-3902,3902,عطر نيش كولكشن اماراناث 100 مل,Volare,100 مل,20000,عطر,العطور,high,العطور,perfumes,high,standard perfume,name=عطر نيش كولكشن اماراناث 100 مل; product_type=عطر,approved,standard perfume,2026-08-02T07:33:46Z,ready,proposed_child,NO,NO,NO
ARD-3903,3903,عطر نيش كولكشن امارا 100 مل,Volare,100 مل,21000,عطر,العطور,high,العطور,perfumes,high,standard perfume,name=عطر نيش كولكشن امارا 100 مل; product_type=عطر,approved,standard perfume,2026-08-02T07:33:46Z,ready,proposed_child,NO,NO,NO
ARD-3904,3904,عطر نيش كولكشن اموري 100 مل,Volare,100 مل,20000,عطر,العطور,high,العطور,perfumes,high,standard perfume,name=عطر نيش كولكشن اموري 100 مل; product_type=عطر,approved,standard perfume,2026-08-02T07:33:46Z,ready,proposed_child,NO,NO,NO
ARD-3905,3905,عطر نيش كولكشن اركتك 100 مل,Volare,100 مل,20000,عطر,العطور,high,العطور,perfumes,high,standard perfume,name=عطر نيش كولكشن اركتك 100 مل; product_type=عطر,approved,standard perfume,2026-08-02T07:33:46Z,ready,proposed_child,NO,NO,NO
ARD-3906,3906,عطر نيش كولكشن سيلينا 100 مل,Volare,100 مل,21000,عطر,العطور,high,العطور,perfumes,high,standard perfume,name=عطر نيش كولكشن سيلينا 100 مل; product_type=عطر,approved,standard perfume,2026-08-02T07:33:46Z,ready,proposed_child,NO,NO,NO
ARD-3907,3907,عطر نيش كولكشن جولت 100 مل,Volare,100 مل,20000,عطر,العطور,high,العطور,perfumes,high,standard perfume,name=عطر نيش كولكشن جولت 100 مل; product_type=عطر,approved,standard perfume,2026-08-02T07:33:46Z,ready,proposed_child,NO,NO,NO
ARD-3908,3908,عطر نيش كولكشن اونيكس 100 مل,Volare,100 مل,20000,عطر,العطور,high,العطور,perfumes,high,standard perfume,name=عطر نيش كولكشن اونيكس 100 مل; product_type=عطر,approved,standard perfume,2026-08-02T07:33:46Z,ready,proposed_child,NO,NO,NO
ARD-3909,3909,عطر نيش كولكشن سسيون 100 مل,Volare,100 مل,20000,عطر,العطور,high,العطور,perfumes,high,standard perfume,name=عطر نيش كولكشن سسيون 100 مل; product_type=عطر,approved,standard perfume,2026-08-02T07:33:46Z,ready,proposed_child,NO,NO,NO
ARD-3910,3910,عطر نيش كولكشن سوان 100 مل,Volare,100 مل,21000,عطر,العطور,high,العطور,perfumes,high,standard perfume,name=عطر نيش كولكشن سوان 100 مل; product_type=عطر,approved,standard perfume,2026-08-02T07:33:46Z,ready,proposed_child,NO,NO,NO
ARD-3911,3911,عطر نيش كولكشن فنتورو 100 مل,Volare,100 مل,20000,عطر,العطور,high,العطور,perfumes,high,standard perfume,name=عطر نيش كولكشن فنتورو 100 مل; product_type=عطر,approved,standard perfume,2026-08-02T07:33:46Z,ready,proposed_child,NO,NO,NO
ARD-3912,3912,عطر سكنجر ازوري سكايز 100 مل,Volare,100 مل,22000,عطر,العطور,high,العطور,perfumes,high,standard perfume,name=عطر سكنجر ازوري سكايز 100 مل; product_type=عطر,approved,standard perfume,2026-08-02T07:33:46Z,ready,proposed_child,NO,NO,NO
ARD-3913,3913,عطر سكنجر سكارليت سونك 100 مل,Volare,100 مل,23000,عطر,العطور,high,العطور,perfumes,high,standard perfume,name=عطر سكنجر سكارليت سونك 100 مل; product_type=عطر,approved,standard perfume,2026-08-02T07:33:46Z,ready,proposed_child,NO,NO,NO
ARD-3914,3914,عطر سكنجر تركواز ايز 55 مل,Volare,55 مل,22000,عطر,العطور,high,العطور,perfumes,high,standard perfume,name=عطر سكنجر تركواز ايز 55 مل; product_type=عطر,approved,standard perfume,2026-08-02T07:33:46Z,ready,proposed_child,NO,NO,YES
ARD-3915,3915,عطر سوشايتي بيرفوم 971 100 مل,Volare,100 مل,22000,عطر,العطور,high,العطور,perfumes,high,standard perfume,name=عطر سوشايتي بيرفوم 971 100 مل; product_type=عطر,approved,standard perfume,2026-08-02T07:33:46Z,ready,proposed_child,NO,NO,NO
ARD-3916,3916,عطر سوشايتي بيرفوم 974 100 مل,Volare,100 مل,22000,عطر,العطور,high,العطور,perfumes,high,standard perfume,name=عطر سوشايتي بيرفوم 974 100 مل; product_type=عطر,approved,standard perfume,2026-08-02T07:33:46Z,ready,proposed_child,NO,NO,NO
ARD-3917,3917,عطر سوشايتي بيرفوم 991 100 مل,Volare,100 مل,22000,عطر,العطور,high,العطور,perfumes,high,standard perfume,name=عطر سوشايتي بيرفوم 991 100 مل; product_type=عطر,approved,standard perfume,2026-08-02T07:33:46Z,ready,proposed_child,NO,NO,NO
ARD-3918,3918,عطر ماغنيتود 020 100 مل,Volare,100 مل,15000,عطر,العطور,high,العطور,perfumes,high,standard perfume,name=عطر ماغنيتود 020 100 مل; product_type=عطر,approved,standard perfume,2026-08-02T07:33:46Z,ready,proposed_child,NO,NO,NO
ARD-3919,3919,عطر اوثينتك بلاك 100 مل,Volare,100 مل,13000,عطر,العطور,high,العطور,perfumes,high,standard perfume,name=عطر اوثينتك بلاك 100 مل; product_type=عطر,approved,standard perfume,2026-08-02T07:33:46Z,ready,proposed_child,NO,NO,NO
ARD-3920,3920,عطر جينسز 100 مل,Volare,100 مل,15000,عطر,العطور,high,العطور,perfumes,high,standard perfume,name=عطر جينسز 100 مل; product_type=عطر,approved,standard perfume,2026-08-02T07:33:46Z,ready,proposed_child,NO,NO,NO
ARD-3921,3921,عطر هايدين 100 مل,Volare,100 مل,15000,عطر,العطور,high,العطور,perfumes,high,standard perfume,name=عطر هايدين 100 مل; product_type=عطر,approved,standard perfume,2026-08-02T07:33:46Z,ready,proposed_child,NO,NO,NO
ARD-3922,3922,عطر انفنتف اكستراكت 100 مل,Volare,100 مل,15000,عطر,العطور,high,العطور,perfumes,high,standard perfume,name=عطر انفنتف اكستراكت 100 مل; product_type=عطر,approved,standard perfume,2026-08-02T07:33:46Z,ready,proposed_child,NO,NO,NO
ARD-3923,3923,عطر كيمورا سيكرت 100 مل,Volare,100 مل,16000,عطر,العطور,high,العطور,perfumes,high,standard perfume,name=عطر كيمورا سيكرت 100 مل; product_type=عطر,approved,standard perfume,2026-08-02T07:33:46Z,ready,proposed_child,NO,NO,NO
ARD-3924,3924,عطر كرستال 100 مل,Volare,100 مل,16000,عطر,العطور,high,العطور,perfumes,high,standard perfume,name=عطر كرستال 100 مل; product_type=عطر,approved,standard perfume,2026-08-02T07:33:46Z,ready,proposed_child,NO,NO,NO
ARD-3925,3925,عطر لافيفا 100 مل,Volare,100 مل,15000,عطر,العطور,high,العطور,perfumes,high,standard perfume,name=عطر لافيفا 100 مل; product_type=عطر,approved,standard perfume,2026-08-02T07:33:46Z,ready,proposed_child,NO,NO,NO
ARD-3926,3926,عطر ليندلي 100 مل,Volare,100 مل,15000,عطر,العطور,high,العطور,perfumes,high,standard perfume,name=عطر ليندلي 100 مل; product_type=عطر,approved,standard perfume,2026-08-02T07:33:46Z,ready,proposed_child,NO,NO,NO
ARD-3927,3927,عطر ماغنفك بيور عود 100 مل,Volare,100 مل,15000,عطر,العطور,high,العطور,perfumes,high,standard perfume,name=عطر ماغنفك بيور عود 100 مل; product_type=عطر,approved,standard perfume,2026-08-02T07:33:46Z,ready,proposed_child,NO,NO,NO
ARD-3928,3928,عطر نوبلنس 100ذا وايلد مل,Volare,,15000,عطر,العطور,high,العطور,perfumes,high,standard perfume,name=عطر نوبلنس 100ذا وايلد مل; product_type=عطر,approved,standard perfume,2026-08-02T07:33:46Z,ready,proposed_child,NO,NO,NO
ARD-3929,3929,عطر زورا 100 مل,Volare,100 مل,13000,عطر,العطور,high,العطور,perfumes,high,standard perfume,name=عطر زورا 100 مل; product_type=عطر,approved,standard perfume,2026-08-02T07:33:46Z,ready,proposed_child,NO,NO,NO
ARD-3977,3977,عطربلاك لوسيد دريمس 100 مل,Volare,100 مل,26000,عطر,العطور,high,العطور,perfumes,high,standard perfume,name=عطربلاك لوسيد دريمس 100 مل; product_type=عطر,approved,standard perfume,2026-08-02T07:33:46Z,ready,proposed_child,NO,NO,NO
ARD-3978,3978,عطرمايستكال واندرلوست 100 مل,Volare,100 مل,26000,عطر,العطور,high,العطور,perfumes,high,standard perfume,name=عطرمايستكال واندرلوست 100 مل; product_type=عطر,approved,standard perfume,2026-08-02T07:33:46Z,ready,proposed_child,NO,NO,NO
ARD-3979,3979,عطربروميسينك تريشور 100 مل,Volare,100 مل,26000,عطر,العطور,high,العطور,perfumes,high,standard perfume,name=عطربروميسينك تريشور 100 مل; product_type=عطر,approved,standard perfume,2026-08-02T07:33:46Z,ready,proposed_child,NO,NO,NO
ARD-3980,3980,عطر باراكون اوف فيرتو 100 مل,Volare,100 مل,26000,عطر,العطور,high,العطور,perfumes,high,standard perfume,name=عطر باراكون اوف فيرتو 100 مل; product_type=عطر,approved,standard perfume,2026-08-02T07:33:46Z,ready,proposed_child,NO,NO,NO
ARD-3982,3982,عطر امبشن مان اديشن 100 مل,Volare,100 مل,16000,عطر,العطور,high,العطور,perfumes,high,standard perfume,name=عطر امبشن مان اديشن 100 مل; product_type=عطر,approved,standard perfume,2026-08-02T07:33:46Z,ready,proposed_child,NO,NO,NO
ARD-3985,3985,عطر بوتيك ايسنس 100 مل,Volare,100 مل,15000,عطر,العطور,high,العطور,perfumes,high,standard perfume,name=عطر بوتيك ايسنس 100 مل; product_type=عطر,approved,standard perfume,2026-08-02T07:33:46Z,ready,proposed_child,NO,NO,NO
ARD-3986,3986,عطر ديب بلاك,Volare,,14000,عطر,العطور,high,العطور,perfumes,high,standard perfume,name=عطر ديب بلاك; product_type=عطر,approved,standard perfume,2026-08-02T07:33:46Z,ready,proposed_child,NO,NO,NO
ARD-3987,3987,عطر فانتاستك اكستراكت 100 مل,Volare,100 مل,15000,عطر,العطور,high,العطور,perfumes,high,standard perfume,name=عطر فانتاستك اكستراكت 100 مل; product_type=عطر,approved,standard perfume,2026-08-02T07:33:46Z,ready,proposed_child,NO,NO,NO
ARD-3988,3988,عطر انتميت لوف 100 مل,Volare,100 مل,15000,عطر,العطور,high,العطور,perfumes,high,standard perfume,name=عطر انتميت لوف 100 مل; product_type=عطر,approved,standard perfume,2026-08-02T07:33:46Z,ready,proposed_child,NO,NO,NO
ARD-3989,3989,عطر جون الين ابسلو 100 مل,Volare,100 مل,16000,عطر,العطور,high,العطور,perfumes,high,standard perfume,name=عطر جون الين ابسلو 100 مل; product_type=عطر,approved,standard perfume,2026-08-02T07:33:46Z,ready,proposed_child,NO,NO,NO
ARD-3990,3990,عطر جون الين الوشن 100 مل,Volare,100 مل,16000,لوشن جسم,العناية بالجسم والاستحمام,high,العطور,perfumes,medium,perfume named lotion (not body-care SKU),name=عطر جون الين الوشن 100 مل; product_type=لوشن جسم,corrected,perfume named lotion (not body-care SKU),2026-08-02T07:33:46Z,ready,proposed_child,NO,YES,NO
ARD-3992,3992,عطر ماريانا فلورال بلوم 100 مل,Volare,100 مل,14000,عطر,العطور,high,العطور,perfumes,high,standard perfume,name=عطر ماريانا فلورال بلوم 100 مل; product_type=عطر,approved,standard perfume,2026-08-02T07:33:46Z,ready,proposed_child,NO,NO,NO
ARD-3993,3993,عطر بورتريت بلو 100 مل,Volare,100 مل,15000,عطر,العطور,high,العطور,perfumes,high,standard perfume,name=عطر بورتريت بلو 100 مل; product_type=عطر,approved,standard perfume,2026-08-02T07:33:46Z,ready,proposed_child,NO,NO,NO
ARD-3994,3994,عطر سينايت الكسير 100 مل,Volare,100 مل,16000,عطر,العطور,high,العطور,perfumes,high,standard perfume,name=عطر سينايت الكسير 100 مل; product_type=عطر,approved,standard perfume,2026-08-02T07:33:46Z,ready,proposed_child,NO,NO,NO
ARD-3995,3995,عطر سيرين روج 100 مل,Volare,100 مل,16000,عطر,العطور,high,العطور,perfumes,high,standard perfume,name=عطر سيرين روج 100 مل; product_type=عطر,approved,standard perfume,2026-08-02T07:33:46Z,ready,proposed_child,NO,NO,NO
ARD-3996,3996,عطر تربيوت 100 مل,Volare,100 مل,15000,عطر,العطور,high,العطور,perfumes,high,standard perfume,name=عطر تربيوت 100 مل; product_type=عطر,approved,standard perfume,2026-08-02T07:33:46Z,ready,proposed_child,NO,NO,NO
ARD-3997,3997,عطر اوربان كود,Volare,,16000,عطر,العطور,high,العطور,perfumes,high,standard perfume,name=عطر اوربان كود; product_type=عطر,approved,standard perfume,2026-08-02T07:33:46Z,ready,proposed_child,NO,NO,NO
ARD-4005,4005,عطر ريلود بارفوم بلو فور مان 100 مل,Volare,100 مل,18000,عطر,العطور,high,العطور,perfumes,high,standard perfume,name=عطر ريلود بارفوم بلو فور مان 100 مل; product_type=عطر,approved,standard perfume,2026-08-02T07:33:46Z,ready,proposed_child,NO,NO,NO
ARD-4006,4006,عطر ريلود بارفوم نويت فور مان 100 مل,Volare,100 مل,17000,عطر,العطور,high,العطور,perfumes,high,standard perfume,name=عطر ريلود بارفوم نويت فور مان 100 مل; product_type=عطر,approved,standard perfume,2026-08-02T07:33:46Z,ready,proposed_child,NO,NO,NO
ARD-4007,4007,عطر ريلود بارفوم سلفر فور مان 100 مل,Volare,100 مل,18000,عطر,العطور,high,العطور,perfumes,high,standard perfume,name=عطر ريلود بارفوم سلفر فور مان 100 مل; product_type=عطر,approved,standard perfume,2026-08-02T07:33:46Z,ready,proposed_child,NO,NO,NO
ARD-4008,4008,عطر سافور بلاست اكستريم 100 مل,Volare,100 مل,17000,عطر,العطور,high,العطور,perfumes,high,standard perfume,name=عطر سافور بلاست اكستريم 100 مل; product_type=عطر,approved,standard perfume,2026-08-02T07:33:46Z,ready,proposed_child,NO,NO,NO
ARD-4009,4009,عطر اكسوتك ميراج 100 مل,Volare,100 مل,28000,عطر,العطور,high,العطور,perfumes,high,standard perfume,name=عطر اكسوتك ميراج 100 مل; product_type=عطر,approved,standard perfume,2026-08-02T07:33:46Z,ready,proposed_child,NO,NO,NO
ARD-4010,4010,عطر اومبيريس دي لا مير 100 مل,Volare,100 مل,18000,عطر,العطور,high,العطور,perfumes,high,standard perfume,name=عطر اومبيريس دي لا مير 100 مل; product_type=عطر,approved,standard perfume,2026-08-02T07:33:46Z,ready,proposed_child,NO,NO,NO
ARD-4011,4011,عطر تروبيكال تيمبتايشن 100 مل,Volare,100 مل,28000,عطر,العطور,high,العطور,perfumes,high,standard perfume,name=عطر تروبيكال تيمبتايشن 100 مل; product_type=عطر,approved,standard perfume,2026-08-02T07:33:46Z,ready,proposed_child,NO,NO,NO
ARD-4012,4012,عطر وايلد جنكل 100 مل,Volare,100 مل,28000,عطر,العطور,high,العطور,perfumes,high,standard perfume,name=عطر وايلد جنكل 100 مل; product_type=عطر,approved,standard perfume,2026-08-02T07:33:46Z,ready,proposed_child,NO,NO,NO
ARD-4013,4013,عطر ريلود بارفوم انتنس فور مان 100 مل,Volare,100 مل,17000,عطر,العطور,high,العطور,perfumes,high,standard perfume,name=عطر ريلود بارفوم انتنس فور مان 100 مل; product_type=عطر,approved,standard perfume,2026-08-02T07:33:46Z,ready,proposed_child,NO,NO,NO
ARD-4145,4145,عطر بليس كلودي دريمز 100 مل,Volare,100 مل,15000,عطر,العطور,high,العطور,perfumes,high,standard perfume,name=عطر بليس كلودي دريمز 100 مل; product_type=عطر,approved,standard perfume,2026-08-02T07:33:46Z,ready,proposed_child,NO,NO,NO
ARD-4147,4147,عطر فلورال ديديكايشن 100 مل,Volare,100 مل,18000,عطر,العطور,high,العطور,perfumes,high,standard perfume,name=عطر فلورال ديديكايشن 100 مل; product_type=عطر,approved,standard perfume,2026-08-02T07:33:46Z,ready,proposed_child,NO,NO,NO
ARD-4148,4148,عطر فيركو فيرت 100 مل,Volare,100 مل,13000,عطر,العطور,high,العطور,perfumes,high,standard perfume,name=عطر فيركو فيرت 100 مل; product_type=عطر,approved,standard perfume,2026-08-02T07:33:46Z,ready,proposed_child,NO,NO,NO
ARD-4149,4149,عطر سيملس فوريست 100 مل,Volare,100 مل,26000,عطر,العطور,high,العطور,perfumes,high,standard perfume,name=عطر سيملس فوريست 100 مل; product_type=عطر,approved,standard perfume,2026-08-02T07:33:46Z,ready,proposed_child,NO,NO,NO
ARD-4201,4201,عطر استا اورو 100 مل,Volare,100 مل,18000,عطر,العطور,high,العطور,perfumes,high,standard perfume,name=عطر استا اورو 100 مل; product_type=عطر,approved,standard perfume,2026-08-02T07:33:46Z,ready,proposed_child,NO,NO,NO
ARD-4202,4202,عطر ازكارديان 11 100 مل,Volare,100 مل,15000,عطر,العطور,high,العطور,perfumes,high,standard perfume,name=عطر ازكارديان 11 100 مل; product_type=عطر,approved,standard perfume,2026-08-02T07:33:46Z,ready,proposed_child,NO,NO,NO
ARD-4203,4203,عطر مكسيكان برونكو 100 مل,Volare,100 مل,15000,عطر,العطور,high,العطور,perfumes,high,standard perfume,name=عطر مكسيكان برونكو 100 مل; product_type=عطر,approved,standard perfume,2026-08-02T07:33:46Z,ready,proposed_child,NO,NO,NO
ARD-4205,4205,عطر ريلود بارفوم كولد فور مان 100 مل,Volare,100 مل,17000,عطر,العطور,high,العطور,perfumes,high,standard perfume,name=عطر ريلود بارفوم كولد فور مان 100 مل; product_type=عطر,approved,standard perfume,2026-08-02T07:33:46Z,ready,proposed_child,NO,NO,NO
ARD-4206,4206,عطر كنزي فانيلا 70 مل,Volare,70 مل,13000,عطر,العطور,high,العطور,perfumes,high,standard perfume,name=عطر كنزي فانيلا 70 مل; product_type=عطر,approved,standard perfume,2026-08-02T07:33:46Z,ready,proposed_child,NO,NO,NO
ARD-4261,4261,عطر فلفت الكسير 100 مل,Volare,100 مل,28000,عطر,العطور,high,العطور,perfumes,high,standard perfume,name=عطر فلفت الكسير 100 مل; product_type=عطر,approved,standard perfume,2026-08-02T07:33:46Z,ready,proposed_child,NO,NO,NO
ARD-4262,4262,عطر فلورير دي امور 100 مل,Volare,100 مل,28000,عطر,العطور,high,العطور,perfumes,high,standard perfume,name=عطر فلورير دي امور 100 مل; product_type=عطر,approved,standard perfume,2026-08-02T07:33:46Z,ready,proposed_child,NO,NO,NO
ARD-4311,4311,عطر ماجيكال فانيلا 100 مل,Volare,100 مل,17000,عطر,العطور,high,العطور,perfumes,high,standard perfume,name=عطر ماجيكال فانيلا 100 مل; product_type=عطر,approved,standard perfume,2026-08-02T07:33:46Z,ready,proposed_child,NO,NO,NO
ARD-4338,4338,عطر توينكل ديليكايت لمتد 100 مل,Volare,100 مل,17000,عطر,العطور,high,العطور,perfumes,high,standard perfume,name=عطر توينكل ديليكايت لمتد 100 مل; product_type=عطر,approved,standard perfume,2026-08-02T07:33:46Z,ready,proposed_child,NO,NO,NO
ARD-4342,4342,عطر كلادييايتور توايلايت لي بو 100 مل,Volare,100 مل,25000,عطر,العطور,high,العطور,perfumes,high,standard perfume,name=عطر كلادييايتور توايلايت لي بو 100 مل; product_type=عطر,approved,standard perfume,2026-08-02T07:33:46Z,ready,proposed_child,NO,NO,NO
ARD-4343,4343,عطر كلادييايتور توايلايت الترا ميل 100 مل,Volare,100 مل,25000,عطر,العطور,high,العطور,perfumes,high,standard perfume,name=عطر كلادييايتور توايلايت الترا ميل 100 مل; product_type=عطر,approved,standard perfume,2026-08-02T07:33:46Z,ready,proposed_child,NO,NO,NO
ARD-4344,4344,عطر كلادييايتور توايلايت بارفوم 100 مل,Volare,100 مل,25000,عطر,العطور,high,العطور,perfumes,high,standard perfume,name=عطر كلادييايتور توايلايت بارفوم 100 مل; product_type=عطر,approved,standard perfume,2026-08-02T07:33:46Z,ready,proposed_child,NO,NO,NO
ARD-4345,4345,عطر كلادييايتور توايلايت لي مايل 100 مل,Volare,100 مل,25000,عطر,العطور,high,العطور,perfumes,high,standard perfume,name=عطر كلادييايتور توايلايت لي مايل 100 مل; product_type=عطر,approved,standard perfume,2026-08-02T07:33:46Z,ready,proposed_child,NO,NO,NO
ARD-4346,4346,عطر كلادييايتور توايلايت الكسير 100 مل,Volare,100 مل,25000,عطر,العطور,high,العطور,perfumes,high,standard perfume,name=عطر كلادييايتور توايلايت الكسير 100 مل; product_type=عطر,approved,standard perfume,2026-08-02T07:33:46Z,ready,proposed_child,NO,NO,NO
ARD-4347,4347,عطر فولاري ليالي عود بلند 100 مل,Volare,100 مل,21000,عطر,العطور,high,العطور,perfumes,high,standard perfume,name=عطر فولاري ليالي عود بلند 100 مل; product_type=عطر,approved,standard perfume,2026-08-02T07:33:46Z,ready,proposed_child,NO,NO,NO
ARD-4348,4348,عطر فولاري ليالي امبر ليشي 100 مل,Volare,100 مل,21000,عطر,العطور,high,العطور,perfumes,high,standard perfume,name=عطر فولاري ليالي امبر ليشي 100 مل; product_type=عطر,approved,standard perfume,2026-08-02T07:33:46Z,ready,proposed_child,NO,NO,NO
ARD-4349,4349,عطر فولاري ليالي كلاسك بيستاشيو 100 مل,Volare,100 مل,21000,عطر,العطور,high,العطور,perfumes,high,standard perfume,name=عطر فولاري ليالي كلاسك بيستاشيو 100 مل; product_type=عطر,approved,standard perfume,2026-08-02T07:33:46Z,ready,proposed_child,NO,NO,NO
ARD-4351,4351,عطر داك كولكشنس كريب فروت 100 مل فولاري,Volare,100 مل,17000,عطر,العطور,high,العطور,perfumes,high,standard perfume,name=عطر داك كولكشنس كريب فروت 100 مل فولاري; product_type=عطر,approved,standard perfume,2026-08-02T07:33:46Z,ready,proposed_child,NO,NO,NO
ARD-4352,4352,عطر رواية برايت فليمز 100 مل,Volare,100 مل,17000,عطر,العطور,high,العطور,perfumes,high,standard perfume,name=عطر رواية برايت فليمز 100 مل; product_type=عطر,approved,standard perfume,2026-08-02T07:33:46Z,ready,proposed_child,NO,NO,NO
ARD-4353,4353,عطر رواية فلفت نايتس 100 مل,Volare,100 مل,17000,عطر,العطور,high,العطور,perfumes,high,standard perfume,name=عطر رواية فلفت نايتس 100 مل; product_type=عطر,approved,standard perfume,2026-08-02T07:33:46Z,ready,proposed_child,NO,NO,NO
ARD-4355,4355,عطر كرانديوسو كول. هوني توباكو 100 مل,Volare,100 مل,31000,عطر,العطور,high,العطور,perfumes,high,standard perfume,name=عطر كرانديوسو كول. هوني توباكو 100 مل; product_type=عطر,approved,standard perfume,2026-08-02T07:33:46Z,ready,proposed_child,NO,NO,NO
ARD-4356,4356,عطر كرانديوسو كول. عود جيري 100 مل,Volare,100 مل,31000,عطر,العطور,high,العطور,perfumes,high,standard perfume,name=عطر كرانديوسو كول. عود جيري 100 مل; product_type=عطر,approved,standard perfume,2026-08-02T07:33:46Z,ready,proposed_child,NO,NO,NO
ARD-4357,4357,عطر كرانديوسو كول. سوير بيلكا 100 مل,Volare,100 مل,31000,عطر,العطور,high,العطور,perfumes,high,standard perfume,name=عطر كرانديوسو كول. سوير بيلكا 100 مل; product_type=عطر,approved,standard perfume,2026-08-02T07:33:46Z,ready,proposed_child,NO,NO,NO
ARD-4358,4358,عطر كرانديوسو كول. فانيلا فلوريل 100 مل,Volare,100 مل,31000,عطر,العطور,high,العطور,perfumes,high,standard perfume,name=عطر كرانديوسو كول. فانيلا فلوريل 100 مل; product_type=عطر,approved,standard perfume,2026-08-02T07:33:46Z,ready,proposed_child,NO,NO,NO
ARD-4359,4359,عطر كرانديوسو كول. انجليك نوير 100 مل,Volare,100 مل,31000,عطر,العطور,high,العطور,perfumes,high,standard perfume,name=عطر كرانديوسو كول. انجليك نوير 100 مل; product_type=عطر,approved,standard perfume,2026-08-02T07:33:46Z,ready,proposed_child,NO,NO,NO
ARD-4368,4368,عطر بلند لوكس 100 مل,Volare,100 مل,18000,عطر,العطور,high,العطور,perfumes,high,standard perfume,name=عطر بلند لوكس 100 مل; product_type=عطر,approved,standard perfume,2026-08-02T07:33:46Z,ready,proposed_child,NO,NO,NO
ARD-4369,4369,عطر الورنك انفاتيوايشن 100 مل,Volare,100 مل,16000,عطر,العطور,high,العطور,perfumes,high,standard perfume,name=عطر الورنك انفاتيوايشن 100 مل; product_type=عطر,approved,standard perfume,2026-08-02T07:33:46Z,ready,proposed_child,NO,NO,NO
ARD-4387,4387,عطر استرال كوديس 100 مل,Volare,100 مل,14000,عطر,العطور,high,العطور,perfumes,high,standard perfume,name=عطر استرال كوديس 100 مل; product_type=عطر,approved,standard perfume,2026-08-02T07:33:46Z,ready,proposed_child,NO,NO,NO
ARD-4388,4388,عطر التيرا 100 مل,Volare,100 مل,14000,عطر,العطور,high,العطور,perfumes,high,standard perfume,name=عطر التيرا 100 مل; product_type=عطر,approved,standard perfume,2026-08-02T07:33:46Z,ready,proposed_child,NO,NO,NO
ARD-4389,4389,عطر سيست دي لامور 100 مل,Volare,100 مل,14000,عطر,العطور,high,العطور,perfumes,high,standard perfume,name=عطر سيست دي لامور 100 مل; product_type=عطر,approved,standard perfume,2026-08-02T07:33:46Z,ready,proposed_child,NO,NO,NO
ARD-4390,4390,عطر ايسينترك 100 مل 070,Volare,100 مل,16000,عطر,العطور,high,العطور,perfumes,high,standard perfume,name=عطر ايسينترك 100 مل 070; product_type=عطر,approved,standard perfume,2026-08-02T07:33:46Z,ready,proposed_child,NO,NO,NO
ARD-4391,4391,عطر دايتنك 100 مل,Volare,100 مل,14000,عطر,العطور,high,العطور,perfumes,high,standard perfume,name=عطر دايتنك 100 مل; product_type=عطر,approved,standard perfume,2026-08-02T07:33:46Z,ready,proposed_child,NO,NO,NO
ARD-4392,4392,عطر لبريتد اروماس 100 مل,Volare,100 مل,15000,عطر,العطور,high,العطور,perfumes,high,standard perfume,name=عطر لبريتد اروماس 100 مل; product_type=عطر,approved,standard perfume,2026-08-02T07:33:46Z,ready,proposed_child,NO,NO,NO
ARD-4393,4393,عطر نيرولي اوراكل 100 مل,Volare,100 مل,16000,عطر,العطور,high,العطور,perfumes,high,standard perfume,name=عطر نيرولي اوراكل 100 مل; product_type=عطر,approved,standard perfume,2026-08-02T07:33:46Z,ready,proposed_child,NO,NO,NO
ARD-4394,4394,عطر فانيلا بودس 100 مل,Volare,100 مل,16000,عطر,العطور,high,العطور,perfumes,high,standard perfume,name=عطر فانيلا بودس 100 مل; product_type=عطر,approved,standard perfume,2026-08-02T07:33:46Z,ready,proposed_child,NO,NO,NO
ARD-4395,4395,عطر كرستال سينت 100 مل,Volare,100 مل,16000,عطر,العطور,high,العطور,perfumes,high,standard perfume,name=عطر كرستال سينت 100 مل; product_type=عطر,approved,standard perfume,2026-08-02T07:33:46Z,ready,proposed_child,NO,NO,NO
ARD-4396,4396,عطر كولف بلو 100 مل,Volare,100 مل,14000,عطر,العطور,high,العطور,perfumes,high,standard perfume,name=عطر كولف بلو 100 مل; product_type=عطر,approved,standard perfume,2026-08-02T07:33:46Z,ready,proposed_child,NO,NO,NO
ARD-4397,4397,عطر مارفيلوس بور فيم 100 مل,Volare,100 مل,16000,عطر,العطور,high,العطور,perfumes,high,standard perfume,name=عطر مارفيلوس بور فيم 100 مل; product_type=عطر,approved,standard perfume,2026-08-02T07:33:46Z,ready,proposed_child,NO,NO,NO
ARD-4398,4398,عطر هيرموسا بور فيم 100 مل,Volare,100 مل,16000,عطر,العطور,high,العطور,perfumes,high,standard perfume,name=عطر هيرموسا بور فيم 100 مل; product_type=عطر,approved,standard perfume,2026-08-02T07:33:46Z,ready,proposed_child,NO,NO,NO
ARD-4399,4399,عطر دارك داي 100 مل,Volare,100 مل,16000,عطر,العطور,high,العطور,perfumes,high,standard perfume,name=عطر دارك داي 100 مل; product_type=عطر,approved,standard perfume,2026-08-02T07:33:46Z,ready,proposed_child,NO,NO,NO
ARD-4400,4400,عطر الوي 100 مل,Volare,100 مل,16000,عطر,العطور,high,العطور,perfumes,high,standard perfume,name=عطر الوي 100 مل; product_type=عطر,approved,standard perfume,2026-08-02T07:33:46Z,ready,proposed_child,NO,NO,NO
ARD-4401,4401,عطر افانسي فلفت 100 مل,Volare,100 مل,14000,عطر,العطور,high,العطور,perfumes,high,standard perfume,name=عطر افانسي فلفت 100 مل; product_type=عطر,approved,standard perfume,2026-08-02T07:33:46Z,ready,proposed_child,NO,NO,NO
ARD-4402,4402,عطر هيلين بور فيم 100 مل,Volare,100 مل,16000,عطر,العطور,high,العطور,perfumes,high,standard perfume,name=عطر هيلين بور فيم 100 مل; product_type=عطر,approved,standard perfume,2026-08-02T07:33:46Z,ready,proposed_child,NO,NO,NO
ARD-4403,4403,عطربروميس الكسير 100 مل,Volare,100 مل,17000,عطر,العطور,high,العطور,perfumes,high,standard perfume,name=عطربروميس الكسير 100 مل; product_type=عطر,approved,standard perfume,2026-08-02T07:33:46Z,ready,proposed_child,NO,NO,NO
ARD-4459,4459,عطر ريغال انجانتي بارايسو اسكونديدو 100 مل,Volare,100 مل,16000,عطر,العطور,high,العطور,perfumes,high,standard perfume,name=عطر ريغال انجانتي بارايسو اسكونديدو 100 مل; product_type=عطر,approved,standard perfume,2026-08-02T07:33:46Z,ready,proposed_child,NO,NO,NO
ARD-4460,4460,عطر ريغال انجانتي برستيج باراديسو 100 مل,Volare,100 مل,16000,عطر,العطور,high,العطور,perfumes,high,standard perfume,name=عطر ريغال انجانتي برستيج باراديسو 100 مل; product_type=عطر,approved,standard perfume,2026-08-02T07:33:46Z,ready,proposed_child,NO,NO,NO
ARD-4462,4462,عطر بيستاشيو ديلايت ميلاني 100 مل,Volare,100 مل,20000,عطر,العطور,high,العطور,perfumes,high,standard perfume,name=عطر بيستاشيو ديلايت ميلاني 100 مل; product_type=عطر,approved,standard perfume,2026-08-02T07:33:46Z,ready,proposed_child,NO,NO,NO
ARD-4463,4463,عطر ريد ابل ميلاني 100 مل,Volare,100 مل,20000,عطر,العطور,high,العطور,perfumes,high,standard perfume,name=عطر ريد ابل ميلاني 100 مل; product_type=عطر,approved,standard perfume,2026-08-02T07:33:46Z,ready,proposed_child,NO,NO,NO
ARD-4464,4464,عطر وارم فانيلا ميلاني 100 مل,Volare,100 مل,20000,عطر,العطور,high,العطور,perfumes,high,standard perfume,name=عطر وارم فانيلا ميلاني 100 مل; product_type=عطر,approved,standard perfume,2026-08-02T07:33:46Z,ready,proposed_child,NO,NO,NO
ARD-4465,4465,عطر جيري لوش ميلاني 100 مل,Volare,100 مل,20000,عطر,العطور,high,العطور,perfumes,high,standard perfume,name=عطر جيري لوش ميلاني 100 مل; product_type=عطر,approved,standard perfume,2026-08-02T07:33:46Z,ready,proposed_child,NO,NO,NO
ARD-4466,4466,عطر استروفا بيور بلاك 100 مل,Volare,100 مل,16000,عطر,العطور,high,العطور,perfumes,high,standard perfume,name=عطر استروفا بيور بلاك 100 مل; product_type=عطر,approved,standard perfume,2026-08-02T07:33:46Z,ready,proposed_child,NO,NO,NO
ARD-4467,4467,عطر استروفا بيور الكسير 100 مل,Volare,100 مل,16000,عطر,العطور,high,العطور,perfumes,high,standard perfume,name=عطر استروفا بيور الكسير 100 مل; product_type=عطر,approved,standard perfume,2026-08-02T07:33:46Z,ready,proposed_child,NO,NO,NO
ARD-4469,4469,عطر ريفلكتو سموكي انتنس 100 مل فولاري,Volare,100 مل,17000,عطر,العطور,high,العطور,perfumes,high,standard perfume,name=عطر ريفلكتو سموكي انتنس 100 مل فولاري; product_type=عطر,approved,standard perfume,2026-08-02T07:33:46Z,ready,proposed_child,NO,NO,NO
ARD-4471,4471,عطر كيمورا ومن 100 مل,Volare,100 مل,15000,عطر,العطور,high,العطور,perfumes,high,standard perfume,name=عطر كيمورا ومن 100 مل; product_type=عطر,approved,standard perfume,2026-08-02T07:33:46Z,ready,proposed_child,NO,NO,NO
ARD-4508,4508,عطر ميلاني بينك كراش 100 مل,Volare,100 مل,20000,عطر,العطور,high,العطور,perfumes,high,standard perfume,name=عطر ميلاني بينك كراش 100 مل; product_type=عطر,approved,standard perfume,2026-08-02T07:33:46Z,ready,proposed_child,NO,NO,NO
ARD-4515,4515,عطر كنزي كانديد فانيلا 100 مل,Volare,100 مل,16000,عطر,العطور,high,العطور,perfumes,high,standard perfume,name=عطر كنزي كانديد فانيلا 100 مل; product_type=عطر,approved,standard perfume,2026-08-02T07:33:46Z,ready,proposed_child,NO,NO,NO
ARD-4516,4516,عطر كنزي كلاسك بيستاشيو 100 مل,Volare,100 مل,16000,عطر,العطور,high,العطور,perfumes,high,standard perfume,name=عطر كنزي كلاسك بيستاشيو 100 مل; product_type=عطر,approved,standard perfume,2026-08-02T07:33:46Z,ready,proposed_child,NO,NO,NO
ARD-4525,4525,عطر درنك ماسترس 90 مل,Volare,90 مل,18000,عطر,العطور,high,العطور,perfumes,high,standard perfume,name=عطر درنك ماسترس 90 مل; product_type=عطر,approved,standard perfume,2026-08-02T07:33:46Z,ready,proposed_child,NO,NO,NO
ARD-4526,4526,عطر اكس اي اكس سيكرت جانت 100 مل,Volare,100 مل,19000,عطر,العطور,high,العطور,perfumes,high,standard perfume,name=عطر اكس اي اكس سيكرت جانت 100 مل; product_type=عطر,approved,standard perfume,2026-08-02T07:33:46Z,ready,proposed_child,NO,NO,NO
ARD-4527,4527,عطر امبشن ريتالياشين 100 مل,Volare,100 مل,21000,عطر,العطور,high,العطور,perfumes,high,standard perfume,name=عطر امبشن ريتالياشين 100 مل; product_type=عطر,approved,standard perfume,2026-08-02T07:33:46Z,ready,proposed_child,NO,NO,NO
ARD-4528,4528,عطر هيبيسكوس ماجستك 100 مل,Volare,100 مل,18000,عطر,العطور,high,العطور,perfumes,high,standard perfume,name=عطر هيبيسكوس ماجستك 100 مل; product_type=عطر,approved,standard perfume,2026-08-02T07:33:46Z,ready,proposed_child,NO,NO,NO
ARD-4529,4529,عطر امبشن بروبوس 100 مل,Volare,100 مل,21000,عطر,العطور,high,العطور,perfumes,high,standard perfume,name=عطر امبشن بروبوس 100 مل; product_type=عطر,approved,standard perfume,2026-08-02T07:33:46Z,ready,proposed_child,NO,NO,NO
ARD-4530,4530,عطر امبشن كايدلاين 100 مل,Volare,100 مل,21000,عطر,العطور,high,العطور,perfumes,high,standard perfume,name=عطر امبشن كايدلاين 100 مل; product_type=عطر,approved,standard perfume,2026-08-02T07:33:46Z,ready,proposed_child,NO,NO,NO
ARD-4531,4531,عطر ذا موست فيرساتل 100 مل,Volare,100 مل,18000,عطر,العطور,high,العطور,perfumes,high,standard perfume,name=عطر ذا موست فيرساتل 100 مل; product_type=عطر,approved,standard perfume,2026-08-02T07:33:46Z,ready,proposed_child,NO,NO,NO
ARD-4532,4532,عطر مايستك روزز 100 مل,Volare,100 مل,16000,عطر,العطور,high,العطور,perfumes,high,standard perfume,name=عطر مايستك روزز 100 مل; product_type=عطر,approved,standard perfume,2026-08-02T07:33:46Z,ready,proposed_child,NO,NO,NO
ARD-4533,4533,عطر نوكتورن 100 مل,Volare,100 مل,18000,عطر,العطور,high,العطور,perfumes,high,standard perfume,name=عطر نوكتورن 100 مل; product_type=عطر,approved,standard perfume,2026-08-02T07:33:46Z,ready,proposed_child,NO,NO,NO
ARD-4544,4544,عطر كرانديوسو كول. بيجي ميغنون 100 مل,Volare,100 مل,31000,عطر,العطور,high,العطور,perfumes,high,standard perfume,name=عطر كرانديوسو كول. بيجي ميغنون 100 مل; product_type=عطر,approved,standard perfume,2026-08-02T07:33:46Z,ready,proposed_child,NO,NO,NO
ARD-4545,4545,عطر روجيت بلوم 100 مل,Volare,100 مل,18000,عطر,العطور,high,العطور,perfumes,high,standard perfume,name=عطر روجيت بلوم 100 مل; product_type=عطر,approved,standard perfume,2026-08-02T07:33:46Z,ready,proposed_child,NO,NO,NO
ARD-4546,4546,عطر ريغال كول. اليسيان دريم 115 مل,Volare,115 مل,16000,عطر,العطور,high,العطور,perfumes,high,standard perfume,name=عطر ريغال كول. اليسيان دريم 115 مل; product_type=عطر,approved,standard perfume,2026-08-02T07:33:46Z,ready,proposed_child,NO,NO,YES
ARD-4548,4548,عطر فاليريو يومو انتنس 80 مل,Volare,80 مل,16000,عطر,العطور,high,العطور,perfumes,high,standard perfume,name=عطر فاليريو يومو انتنس 80 مل; product_type=عطر,approved,standard perfume,2026-08-02T07:33:46Z,ready,proposed_child,NO,NO,NO
ARD-4549,4549,عطر انجانتد روزيس 100 مل,Volare,100 مل,18000,عطر,العطور,high,العطور,perfumes,high,standard perfume,name=عطر انجانتد روزيس 100 مل; product_type=عطر,approved,standard perfume,2026-08-02T07:33:46Z,ready,proposed_child,NO,NO,NO
ARD-4550,4550,عطر اوراكل 100 مل,Volare,100 مل,18000,عطر,العطور,high,العطور,perfumes,high,standard perfume,name=عطر اوراكل 100 مل; product_type=عطر,approved,standard perfume,2026-08-02T07:33:46Z,ready,proposed_child,NO,NO,NO
ARD-4569,4569,عطر هاميلتون 100 مل,Volare,100 مل,15000,عطر,العطور,high,العطور,perfumes,high,standard perfume,name=عطر هاميلتون 100 مل; product_type=عطر,approved,standard perfume,2026-08-02T07:33:46Z,ready,proposed_child,NO,NO,NO
ARD-4570,4570,عطر بليس اوبسكورا 80 مل,Volare,80 مل,15000,عطر,العطور,high,العطور,perfumes,high,standard perfume,name=عطر بليس اوبسكورا 80 مل; product_type=عطر,approved,standard perfume,2026-08-02T07:33:46Z,ready,proposed_child,NO,NO,NO
ARD-4571,4571,عطر اوبسيديان ستالوارت 100 مل,Volare,100 مل,19000,عطر,العطور,high,العطور,perfumes,high,standard perfume,name=عطر اوبسيديان ستالوارت 100 مل; product_type=عطر,approved,standard perfume,2026-08-02T07:33:46Z,ready,proposed_child,NO,NO,NO
ARD-4572,4572,عطر ديفينو اليكانزا 100 مل,Volare,100 مل,15000,عطر,العطور,high,العطور,perfumes,high,standard perfume,name=عطر ديفينو اليكانزا 100 مل; product_type=عطر,approved,standard perfume,2026-08-02T07:33:46Z,ready,proposed_child,NO,NO,NO
ARD-4573,4573,عطر فيرميل ايكلبس ناجامي 100 مل,Volare,100 مل,15000,عطر,العطور,high,العطور,perfumes,high,standard perfume,name=عطر فيرميل ايكلبس ناجامي 100 مل; product_type=عطر,approved,standard perfume,2026-08-02T07:33:46Z,ready,proposed_child,NO,NO,NO
ARD-4574,4574,عطر ايكونك 100 مل,Volare,100 مل,15000,عطر,العطور,high,العطور,perfumes,high,standard perfume,name=عطر ايكونك 100 مل; product_type=عطر,approved,standard perfume,2026-08-02T07:33:46Z,ready,proposed_child,NO,NO,NO
ARD-4575,4575,عطر كنزي عود بليند 100 مل,Volare,100 مل,16000,عطر,العطور,high,العطور,perfumes,high,standard perfume,name=عطر كنزي عود بليند 100 مل; product_type=عطر,approved,standard perfume,2026-08-02T07:33:46Z,ready,proposed_child,NO,NO,NO
ARD-4576,4576,عطر جنرال كراندور 100 مل,Volare,100 مل,14000,عطر,العطور,high,العطور,perfumes,high,standard perfume,name=عطر جنرال كراندور 100 مل; product_type=عطر,approved,standard perfume,2026-08-02T07:33:46Z,ready,proposed_child,NO,NO,NO
ARD-4577,4577,عطر كلوسر وذ يو انفينتلي 100 مل,Volare,100 مل,15000,عطر,العطور,high,العطور,perfumes,high,standard perfume,name=عطر كلوسر وذ يو انفينتلي 100 مل; product_type=عطر,approved,standard perfume,2026-08-02T07:33:46Z,ready,proposed_child,NO,NO,NO
ARD-4578,4578,عطر التديود 100 مل,Volare,100 مل,16000,عطر,العطور,high,العطور,perfumes,high,standard perfume,name=عطر التديود 100 مل; product_type=عطر,approved,standard perfume,2026-08-02T07:33:46Z,ready,proposed_child,NO,NO,NO
ARD-4579,4579,عطر ويسترن رانجس 100 مل,Volare,100 مل,16000,عطر,العطور,high,العطور,perfumes,high,standard perfume,name=عطر ويسترن رانجس 100 مل; product_type=عطر,approved,standard perfume,2026-08-02T07:33:46Z,ready,proposed_child,NO,NO,NO
ARD-4580,4580,عطر كلوسر وذ يو 100 مل,Volare,100 مل,14000,عطر,العطور,high,العطور,perfumes,high,standard perfume,name=عطر كلوسر وذ يو 100 مل; product_type=عطر,approved,standard perfume,2026-08-02T07:33:46Z,ready,proposed_child,NO,NO,NO
ARD-4581,4581,عطر لورد اوف فليمز شادو كيز 100 مل,Volare,100 مل,17000,عطر,العطور,high,العطور,perfumes,high,standard perfume,name=عطر لورد اوف فليمز شادو كيز 100 مل; product_type=عطر,approved,standard perfume,2026-08-02T07:33:46Z,ready,proposed_child,NO,NO,NO
ARD-4582,4582,عطر بايرون بلاك سافاري 100 مل,Volare,100 مل,17000,عطر,العطور,high,العطور,perfumes,high,standard perfume,name=عطر بايرون بلاك سافاري 100 مل; product_type=عطر,approved,standard perfume,2026-08-02T07:33:46Z,ready,proposed_child,NO,NO,NO
ARD-4588,4588,عطر فاليريا ديفين فيم 100 مل,Volare,100 مل,21000,عطر,العطور,high,العطور,perfumes,high,standard perfume,name=عطر فاليريا ديفين فيم 100 مل; product_type=عطر,approved,standard perfume,2026-08-02T07:33:46Z,ready,proposed_child,NO,NO,NO
ARD-4589,4589,عطر فاليريا انتنس فيم 100 مل,Volare,100 مل,21000,عطر,العطور,high,العطور,perfumes,high,standard perfume,name=عطر فاليريا انتنس فيم 100 مل; product_type=عطر,approved,standard perfume,2026-08-02T07:33:46Z,ready,proposed_child,NO,NO,NO
ARD-4590,4590,عطر سنسوريو فيلوتو 100 مل,Volare,100 مل,17000,عطر,العطور,high,العطور,perfumes,high,standard perfume,name=عطر سنسوريو فيلوتو 100 مل; product_type=عطر,approved,standard perfume,2026-08-02T07:33:46Z,ready,proposed_child,NO,NO,NO
ARD-4591,4591,عطر فاليريا موديرن فيم 100 مل,Volare,100 مل,21000,عطر,العطور,high,العطور,perfumes,high,standard perfume,name=عطر فاليريا موديرن فيم 100 مل; product_type=عطر,approved,standard perfume,2026-08-02T07:33:46Z,ready,proposed_child,NO,NO,NO
ARD-4592,4592,عطر تيرا ماغنيفيكا 100 مل,Volare,100 مل,14000,عطر,العطور,high,العطور,perfumes,high,standard perfume,name=عطر تيرا ماغنيفيكا 100 مل; product_type=عطر,approved,standard perfume,2026-08-02T07:33:46Z,ready,proposed_child,NO,NO,NO
ARD-4593,4593,عطر فاليريا بيلي فيم 100 مل,Volare,100 مل,21000,عطر,العطور,high,العطور,perfumes,high,standard perfume,name=عطر فاليريا بيلي فيم 100 مل; product_type=عطر,approved,standard perfume,2026-08-02T07:33:46Z,ready,proposed_child,NO,NO,NO
ARD-4594,4594,عطر توايلايت تونكا روز 100 مل,Volare,100 مل,14000,عطر,العطور,high,العطور,perfumes,high,standard perfume,name=عطر توايلايت تونكا روز 100 مل; product_type=عطر,approved,standard perfume,2026-08-02T07:33:46Z,ready,proposed_child,NO,NO,NO
ARD-4595,4595,عطر برايف بيرفوم برستيج 100 مل,Volare,100 مل,25000,عطر,العطور,high,العطور,perfumes,high,standard perfume,name=عطر برايف بيرفوم برستيج 100 مل; product_type=عطر,approved,standard perfume,2026-08-02T07:33:46Z,ready,proposed_child,NO,NO,NO
ARD-4596,4596,عطر رابسودي 100 مل,Volare,100 مل,25000,عطر,العطور,high,العطور,perfumes,high,standard perfume,name=عطر رابسودي 100 مل; product_type=عطر,approved,standard perfume,2026-08-02T07:33:46Z,ready,proposed_child,NO,NO,NO
ARD-4597,4597,عطر سنسوريو ميلودينو 100 مل,Volare,100 مل,17000,عطر,العطور,high,العطور,perfumes,high,standard perfume,name=عطر سنسوريو ميلودينو 100 مل; product_type=عطر,approved,standard perfume,2026-08-02T07:33:46Z,ready,proposed_child,NO,NO,NO
ARD-4602,4602,عطر ارميلي فيرت انجانتي 100 مل,Volare,100 مل,21000,عطر,العطور,high,العطور,perfumes,high,standard perfume,name=عطر ارميلي فيرت انجانتي 100 مل; product_type=عطر,approved,standard perfume,2026-08-02T07:33:46Z,ready,proposed_child,NO,NO,NO
ARD-4603,4603,عطر ارميلي بلو اوسيانيك 100 مل,Volare,100 مل,21000,عطر,العطور,high,العطور,perfumes,high,standard perfume,name=عطر ارميلي بلو اوسيانيك 100 مل; product_type=عطر,approved,standard perfume,2026-08-02T07:33:46Z,ready,proposed_child,NO,NO,NO
ARD-4604,4604,عطر بليون جمس ساهارا 100 مل,Volare,100 مل,18000,عطر,العطور,high,العطور,perfumes,high,standard perfume,name=عطر بليون جمس ساهارا 100 مل; product_type=عطر,approved,standard perfume,2026-08-02T07:33:46Z,ready,proposed_child,NO,NO,NO
ARD-4605,4605,عطر فانتازي شوكر روش 100 مل,Volare,100 مل,18000,عطر,العطور,high,العطور,perfumes,high,standard perfume,name=عطر فانتازي شوكر روش 100 مل; product_type=عطر,approved,standard perfume,2026-08-02T07:33:46Z,ready,proposed_child,NO,NO,NO
ARD-4606,4606,عطر فانتازي ايندلس كوكو لوف 100 مل,Volare,100 مل,18000,عطر,العطور,high,العطور,perfumes,high,standard perfume,name=عطر فانتازي ايندلس كوكو لوف 100 مل; product_type=عطر,approved,standard perfume,2026-08-02T07:33:46Z,ready,proposed_child,NO,NO,NO
ARD-4607,4607,عطر فانتازي ايسنس 01 / 100 مل,Volare,100 مل,18000,عطر,العطور,high,العطور,perfumes,high,standard perfume,name=عطر فانتازي ايسنس 01 / 100 مل; product_type=عطر,approved,standard perfume,2026-08-02T07:33:46Z,ready,proposed_child,NO,NO,NO
ARD-4608,4608,عطر بليون جمس فالكون 100 مل,Volare,100 مل,18000,عطر,العطور,high,العطور,perfumes,high,standard perfume,name=عطر بليون جمس فالكون 100 مل; product_type=عطر,approved,standard perfume,2026-08-02T07:33:46Z,ready,proposed_child,NO,NO,NO
ARD-4609,4609,عطر ارميلي روج مستيك 100 مل,Volare,100 مل,21000,عطر,العطور,high,العطور,perfumes,high,standard perfume,name=عطر ارميلي روج مستيك 100 مل; product_type=عطر,approved,standard perfume,2026-08-02T07:33:46Z,ready,proposed_child,NO,NO,NO
ARD-4610,4610,عطر ارميلي بلو باروك 100 مل,Volare,100 مل,21000,عطر,العطور,high,العطور,perfumes,high,standard perfume,name=عطر ارميلي بلو باروك 100 مل; product_type=عطر,approved,standard perfume,2026-08-02T07:33:46Z,ready,proposed_child,NO,NO,NO
ARD-4611,4611,عطر فانتازي فانيلا بريز 100 مل,Volare,100 مل,18000,عطر,العطور,high,العطور,perfumes,high,standard perfume,name=عطر فانتازي فانيلا بريز 100 مل; product_type=عطر,approved,standard perfume,2026-08-02T07:33:46Z,ready,proposed_child,NO,NO,NO
ARD-4617,4617,عطر لمبريور ريغال 100 مل,Volare,100 مل,15000,عطر,العطور,high,العطور,perfumes,high,standard perfume,name=عطر لمبريور ريغال 100 مل; product_type=عطر,approved,standard perfume,2026-08-02T07:33:46Z,ready,proposed_child,NO,NO,NO
ARD-4641,4641,عطر ميلينيوم فور مان 100 مل,Volare,100 مل,14000,عطر,العطور,high,العطور,perfumes,high,standard perfume,name=عطر ميلينيوم فور مان 100 مل; product_type=عطر,approved,standard perfume,2026-08-02T07:33:46Z,ready,proposed_child,NO,NO,NO
ARD-4642,4642,عطر بوهيميو جيري روز الكسير 100 مل,Volare,100 مل,18000,عطر,العطور,high,العطور,perfumes,high,standard perfume,name=عطر بوهيميو جيري روز الكسير 100 مل; product_type=عطر,approved,standard perfume,2026-08-02T07:33:46Z,ready,proposed_child,NO,NO,NO
ARD-4643,4643,عطر بوهيميو كوفي فلورال هاز 100 مل,Volare,100 مل,18000,عطر,العطور,high,العطور,perfumes,high,standard perfume,name=عطر بوهيميو كوفي فلورال هاز 100 مل; product_type=عطر,approved,standard perfume,2026-08-02T07:33:46Z,ready,proposed_child,NO,NO,NO
ARD-4644,4644,عطر بوهيميو ريد فلفت دريم 100 مل,Volare,100 مل,18000,عطر,العطور,high,العطور,perfumes,high,standard perfume,name=عطر بوهيميو ريد فلفت دريم 100 مل; product_type=عطر,approved,standard perfume,2026-08-02T07:33:46Z,ready,proposed_child,NO,NO,NO
ARD-4645,4645,عطر بوهيميو سي سالت كوكونوت 100 مل,Volare,100 مل,18000,عطر,العطور,high,العطور,perfumes,high,standard perfume,name=عطر بوهيميو سي سالت كوكونوت 100 مل; product_type=عطر,approved,standard perfume,2026-08-02T07:33:46Z,ready,proposed_child,NO,NO,NO
ARD-4647,4647,عطر فاليريو يومو (بورن تو ون كردن) 80 مل,Volare,80 مل,17000,عطر,العطور,high,العطور,perfumes,high,standard perfume,name=عطر فاليريو يومو (بورن تو ون كردن) 80 مل; product_type=عطر,approved,standard perfume,2026-08-02T07:33:46Z,ready,proposed_child,NO,NO,NO
ARD-4775,4775,عطر هالفورد 100 مل,Volare,100 مل,17000,عطر,العطور,high,العطور,perfumes,high,standard perfume,name=عطر هالفورد 100 مل; product_type=عطر,approved,standard perfume,2026-08-02T07:33:46Z,ready,proposed_child,NO,NO,NO
ARD-4776,4776,عطر ذا دانتي 100 مل,Volare,100 مل,17000,عطر,العطور,high,العطور,perfumes,high,standard perfume,name=عطر ذا دانتي 100 مل; product_type=عطر,approved,standard perfume,2026-08-02T07:33:46Z,ready,proposed_child,NO,NO,NO
ARD-4782,4782,ال اوفر عطر امبر ليتشي 150 مل,Volare,150 مل,16000,عطر,العطور,high,العطور,perfumes,high,standard perfume,name=ال اوفر عطر امبر ليتشي 150 مل; product_type=عطر,approved,standard perfume,2026-08-02T07:33:46Z,ready,proposed_child,NO,NO,NO
ARD-4783,4783,ال اوفر عطر كانديد فانيلا 150 مل,Volare,150 مل,16000,عطر,العطور,high,العطور,perfumes,high,standard perfume,name=ال اوفر عطر كانديد فانيلا 150 مل; product_type=عطر,approved,standard perfume,2026-08-02T07:33:46Z,ready,proposed_child,NO,NO,NO
ARD-4784,4784,ال اوفر عطر موسيل اورا 150 مل,Volare,150 مل,16000,عطر,العطور,high,العطور,perfumes,high,standard perfume,name=ال اوفر عطر موسيل اورا 150 مل; product_type=عطر,approved,standard perfume,2026-08-02T07:33:46Z,ready,proposed_child,NO,NO,NO
ARD-4785,4785,ال اوفر عطر استا اورو 150 مل,Volare,150 مل,16000,عطر,العطور,high,العطور,perfumes,high,standard perfume,name=ال اوفر عطر استا اورو 150 مل; product_type=عطر,approved,standard perfume,2026-08-02T07:33:46Z,ready,proposed_child,NO,NO,NO
ARD-4786,4786,عطر فلوير اتيرنيلي اورا 100 مل,Volare,100 مل,21000,عطر,العطور,high,العطور,perfumes,high,standard perfume,name=عطر فلوير اتيرنيلي اورا 100 مل; product_type=عطر,approved,standard perfume,2026-08-02T07:33:46Z,ready,proposed_child,NO,NO,NO
ARD-4787,4787,عطر فلوير اتيرنيلي بلوسوم 100 مل,Volare,100 مل,21000,عطر,العطور,high,العطور,perfumes,high,standard perfume,name=عطر فلوير اتيرنيلي بلوسوم 100 مل; product_type=عطر,approved,standard perfume,2026-08-02T07:33:46Z,ready,proposed_child,NO,NO,NO
ARD-4788,4788,عطر فلوير اتيرنيلي دريمز 100 مل,Volare,100 مل,21000,عطر,العطور,high,العطور,perfumes,high,standard perfume,name=عطر فلوير اتيرنيلي دريمز 100 مل; product_type=عطر,approved,standard perfume,2026-08-02T07:33:46Z,ready,proposed_child,NO,NO,NO
ARD-4789,4789,عطر فلوير اتيرنيلي هارموني 100 مل,Volare,100 مل,21000,عطر,العطور,high,العطور,perfumes,high,standard perfume,name=عطر فلوير اتيرنيلي هارموني 100 مل; product_type=عطر,approved,standard perfume,2026-08-02T07:33:46Z,ready,proposed_child,NO,NO,NO
ARD-4790,4790,عطر فلوير اتيرنيلي ميراج 100 مل,Volare,100 مل,21000,عطر,العطور,high,العطور,perfumes,high,standard perfume,name=عطر فلوير اتيرنيلي ميراج 100 مل; product_type=عطر,approved,standard perfume,2026-08-02T07:33:46Z,ready,proposed_child,NO,NO,NO
ARD-4803,4803,عطر اوبلينت ميراج 100 مل,Volare,100 مل,23000,عطر,العطور,high,العطور,perfumes,high,standard perfume,name=عطر اوبلينت ميراج 100 مل; product_type=عطر,approved,standard perfume,2026-08-02T07:33:46Z,ready,proposed_child,NO,NO,NO
ARD-4820,4820,عطر كلمبس 100 مل,Volare,100 مل,17000,عطر,العطور,high,العطور,perfumes,high,standard perfume,name=عطر كلمبس 100 مل; product_type=عطر,approved,standard perfume,2026-08-02T07:33:46Z,ready,proposed_child,NO,NO,NO
ARD-4821,4821,عطر انتميت بينك 100 مل,Volare,100 مل,16000,عطر,العطور,high,العطور,perfumes,high,standard perfume,name=عطر انتميت بينك 100 مل; product_type=عطر,approved,standard perfume,2026-08-02T07:33:46Z,ready,proposed_child,NO,NO,NO
ARD-4822,4822,عطر برايدفل 100 مل,Volare,100 مل,15000,عطر,العطور,high,العطور,perfumes,high,standard perfume,name=عطر برايدفل 100 مل; product_type=عطر,approved,standard perfume,2026-08-02T07:33:46Z,ready,proposed_child,NO,NO,NO
ARD-4823,4823,عطر رفليكتو وارم مود 100 مل,Volare,100 مل,17000,عطر,العطور,high,العطور,perfumes,high,standard perfume,name=عطر رفليكتو وارم مود 100 مل; product_type=عطر,approved,standard perfume,2026-08-02T07:33:46Z,ready,proposed_child,NO,NO,NO
ARD-4824,4824,عطر اروما دي ليو 100 مل,Volare,100 مل,14000,عطر,العطور,high,العطور,perfumes,high,standard perfume,name=عطر اروما دي ليو 100 مل; product_type=عطر,approved,standard perfume,2026-08-02T07:33:46Z,ready,proposed_child,NO,NO,NO
ARD-4825,4825,عطر استريلا 100 مل,Volare,100 مل,16000,عطر,العطور,high,العطور,perfumes,high,standard perfume,name=عطر استريلا 100 مل; product_type=عطر,approved,standard perfume,2026-08-02T07:33:46Z,ready,proposed_child,NO,NO,NO
ARD-4826,4826,عطر فانيلا مونتاين 100 مل,Volare,100 مل,17000,عطر,العطور,high,العطور,perfumes,high,standard perfume,name=عطر فانيلا مونتاين 100 مل; product_type=عطر,approved,standard perfume,2026-08-02T07:33:46Z,ready,proposed_child,NO,NO,NO
ARD-4827,4827,عطر انجليك برادايس 100 مل,Volare,100 مل,17000,عطر,العطور,high,العطور,perfumes,high,standard perfume,name=عطر انجليك برادايس 100 مل; product_type=عطر,approved,standard perfume,2026-08-02T07:33:46Z,ready,proposed_child,NO,NO,NO
ARD-4828,4828,عطر كوكون فانيلا 100 مل,Volare,100 مل,14000,عطر,العطور,high,العطور,perfumes,high,standard perfume,name=عطر كوكون فانيلا 100 مل; product_type=عطر,approved,standard perfume,2026-08-02T07:33:46Z,ready,proposed_child,NO,NO,NO
ARD-4829,4829,عطر دفاين كولد 100 مل,Volare,100 مل,25000,عطر,العطور,high,العطور,perfumes,high,standard perfume,name=عطر دفاين كولد 100 مل; product_type=عطر,approved,standard perfume,2026-08-02T07:33:46Z,ready,proposed_child,NO,NO,NO
ARD-4830,4830,عطر استا فلوير 100 مل,Volare,100 مل,16000,عطر,العطور,high,العطور,perfumes,high,standard perfume,name=عطر استا فلوير 100 مل; product_type=عطر,approved,standard perfume,2026-08-02T07:33:46Z,ready,proposed_child,NO,NO,NO
ARD-4831,4831,عطر كلوسي ويسبيرس 100 مل,Volare,100 مل,17000,عطر,العطور,high,العطور,perfumes,high,standard perfume,name=عطر كلوسي ويسبيرس 100 مل; product_type=عطر,approved,standard perfume,2026-08-02T07:33:46Z,ready,proposed_child,NO,NO,NO
ARD-4832,4832,عطر كرينفل فالي 100 مل,Volare,100 مل,25000,عطر,العطور,high,العطور,perfumes,high,standard perfume,name=عطر كرينفل فالي 100 مل; product_type=عطر,approved,standard perfume,2026-08-02T07:33:46Z,ready,proposed_child,NO,NO,NO
ARD-4833,4833,عطر كنزي مستيك فلوير 100 مل,Volare,100 مل,16000,عطر,العطور,high,العطور,perfumes,high,standard perfume,name=عطر كنزي مستيك فلوير 100 مل; product_type=عطر,approved,standard perfume,2026-08-02T07:33:46Z,ready,proposed_child,NO,NO,NO
ARD-4834,4834,عطر لورد اوف فليمز فينوم انفيرال 100 مل,Volare,100 مل,18000,عطر,العطور,high,العطور,perfumes,high,standard perfume,name=عطر لورد اوف فليمز فينوم انفيرال 100 مل; product_type=عطر,approved,standard perfume,2026-08-02T07:33:46Z,ready,proposed_child,NO,NO,NO
ARD-4835,4835,عطر لورد اوف فليمز امورتال 100 مل,Volare,100 مل,18000,عطر,العطور,high,العطور,perfumes,high,standard perfume,name=عطر لورد اوف فليمز امورتال 100 مل; product_type=عطر,approved,standard perfume,2026-08-02T07:33:46Z,ready,proposed_child,NO,NO,NO
ARD-4836,4836,عطر لورد اوف فليمز بينك بايت 100 مل,Volare,100 مل,18000,عطر,العطور,high,العطور,perfumes,high,standard perfume,name=عطر لورد اوف فليمز بينك بايت 100 مل; product_type=عطر,approved,standard perfume,2026-08-02T07:33:46Z,ready,proposed_child,NO,NO,NO
ARD-4837,4837,عطر لوستري ستريت 100 مل,Volare,100 مل,25000,عطر,العطور,high,العطور,perfumes,high,standard perfume,name=عطر لوستري ستريت 100 مل; product_type=عطر,approved,standard perfume,2026-08-02T07:33:46Z,ready,proposed_child,NO,NO,NO
ARD-4838,4838,عطر مانغو سيلك 100 مل,Volare,100 مل,17000,عطر,العطور,high,العطور,perfumes,high,standard perfume,name=عطر مانغو سيلك 100 مل; product_type=عطر,approved,standard perfume,2026-08-02T07:33:46Z,ready,proposed_child,NO,NO,NO
ARD-4839,4839,عطر ميموريز دو بارفوم 100 مل,Volare,100 مل,17000,عطر,العطور,high,العطور,perfumes,high,standard perfume,name=عطر ميموريز دو بارفوم 100 مل; product_type=عطر,approved,standard perfume,2026-08-02T07:33:46Z,ready,proposed_child,NO,NO,NO
ARD-4840,4840,عطر نوستالجيا كيز 100 مل,Volare,100 مل,25000,عطر,العطور,high,العطور,perfumes,high,standard perfume,name=عطر نوستالجيا كيز 100 مل; product_type=عطر,approved,standard perfume,2026-08-02T07:33:46Z,ready,proposed_child,NO,NO,NO
ARD-4841,4841,عطر ترانكيل سبيرت 100 مل,Volare,100 مل,25000,عطر,العطور,high,العطور,perfumes,high,standard perfume,name=عطر ترانكيل سبيرت 100 مل; product_type=عطر,approved,standard perfume,2026-08-02T07:33:46Z,ready,proposed_child,NO,NO,NO
ARD-4842,4842,عطر ونتر ستريت 100 مل,Volare,100 مل,25000,عطر,العطور,high,العطور,perfumes,high,standard perfume,name=عطر ونتر ستريت 100 مل; product_type=عطر,approved,standard perfume,2026-08-02T07:33:46Z,ready,proposed_child,NO,NO,NO
ARD-4891,4891,عطر ال اوفر لافيفا 150 مل,Volare,150 مل,17000,عطر,العطور,high,العطور,perfumes,high,standard perfume,name=عطر ال اوفر لافيفا 150 مل; product_type=عطر,approved,standard perfume,2026-08-02T07:33:46Z,ready,proposed_child,NO,NO,NO
ARD-4892,4892,عطر ال اوفر لوفري 150 مل,Volare,150 مل,17000,عطر,العطور,high,العطور,perfumes,high,standard perfume,name=عطر ال اوفر لوفري 150 مل; product_type=عطر,approved,standard perfume,2026-08-02T07:33:46Z,ready,proposed_child,NO,NO,NO
ARD-4893,4893,عطر كاستيل 100 مل,Volare,100 مل,19000,عطر,العطور,high,العطور,perfumes,high,standard perfume,name=عطر كاستيل 100 مل; product_type=عطر,approved,standard perfume,2026-08-02T07:33:46Z,ready,proposed_child,NO,NO,NO
ARD-4968,4968,عطر كنزي ليمون سبارك 100 مل,Volare,100 مل,16000,عطر,العطور,high,العطور,perfumes,high,standard perfume,name=عطر كنزي ليمون سبارك 100 مل; product_type=عطر,approved,standard perfume,2026-08-02T07:33:46Z,ready,proposed_child,NO,NO,NO
ARD-4969,4969,سيت ال في راينج دسكوفري 4*1 25 مل,Volare,25 مل,25000,مجموعة عطرية,العطور,high,العطور,perfumes,high,workbook category retained after rules miss,name=سيت ال في راينج دسكوفري 4*1 25 مل; product_type=مجموعة عطرية,approved,workbook category retained after rules miss,2026-08-02T07:33:46Z,ready,proposed_child,NO,NO,YES
ARD-4971,4971,عطر اريبيون 100 مل,Volare,100 مل,17000,عطر,العطور,high,العطور,perfumes,high,standard perfume,name=عطر اريبيون 100 مل; product_type=عطر,approved,standard perfume,2026-08-02T07:33:46Z,ready,proposed_child,NO,NO,NO
ARD-4972,4972,سيت عطر استا بورو 3*1,Volare,,23000,مجموعة عطرية,العطور,high,العطور,perfumes,high,workbook category retained after rules miss,name=سيت عطر استا بورو 3*1; product_type=مجموعة عطرية,approved,workbook category retained after rules miss,2026-08-02T07:33:46Z,ready,proposed_child,NO,NO,NO
ARD-4973,4973,عطر فيورا بيلانا فال ان لوف,Volare,,16000,عطر,العطور,high,العطور,perfumes,high,standard perfume,name=عطر فيورا بيلانا فال ان لوف; product_type=عطر,approved,standard perfume,2026-08-02T07:33:46Z,ready,proposed_child,NO,NO,NO
ARD-4974,4974,عطر كلتي كاردينيا امور 100 مل,Volare,100 مل,15000,عطر,العطور,high,العطور,perfumes,high,standard perfume,name=عطر كلتي كاردينيا امور 100 مل; product_type=عطر,approved,standard perfume,2026-08-02T07:33:46Z,ready,proposed_child,NO,NO,NO
ARD-4975,4975,عطر كلتي مستيك ماغنوليا 100 مل,Volare,100 مل,15000,عطر,العطور,high,العطور,perfumes,high,standard perfume,name=عطر كلتي مستيك ماغنوليا 100 مل; product_type=عطر,approved,standard perfume,2026-08-02T07:33:46Z,ready,proposed_child,NO,NO,NO
ARD-4976,4976,عطر جوكبوكس تونتي فور 100 مل,Volare,100 مل,15000,عطر,العطور,high,العطور,perfumes,high,standard perfume,name=عطر جوكبوكس تونتي فور 100 مل; product_type=عطر,approved,standard perfume,2026-08-02T07:33:46Z,ready,proposed_child,NO,NO,NO
ARD-4980,4980,عطر لورد اوف فليمز دون ستورمز 100 مل,Volare,100 مل,18000,عطر,العطور,high,العطور,perfumes,high,standard perfume,name=عطر لورد اوف فليمز دون ستورمز 100 مل; product_type=عطر,approved,standard perfume,2026-08-02T07:33:46Z,ready,proposed_child,NO,NO,NO
ARD-4981,4981,عطر لورد اوف فليمز ليدي سيربنت 100 مل,Volare,100 مل,18000,عطر,العطور,high,العطور,perfumes,high,standard perfume,name=عطر لورد اوف فليمز ليدي سيربنت 100 مل; product_type=عطر,approved,standard perfume,2026-08-02T07:33:46Z,ready,proposed_child,NO,NO,NO
ARD-4983,4983,عطر بالم جيل 100 مل,Volare,100 مل,23000,عطر,العطور,high,العطور,perfumes,high,standard perfume,name=عطر بالم جيل 100 مل; product_type=عطر,approved,standard perfume,2026-08-02T07:33:46Z,ready,proposed_child,NO,NO,NO
ARD-4984,4984,عطر بارامونت برايد 100 مل,Volare,100 مل,15000,عطر,العطور,high,العطور,perfumes,high,standard perfume,name=عطر بارامونت برايد 100 مل; product_type=عطر,approved,standard perfume,2026-08-02T07:33:46Z,ready,proposed_child,NO,NO,NO
ARD-4985,4985,عطر سيرينايد سول 100 مل,Volare,100 مل,23000,عطر,العطور,high,العطور,perfumes,high,standard perfume,name=عطر سيرينايد سول 100 مل; product_type=عطر,approved,standard perfume,2026-08-02T07:33:46Z,ready,proposed_child,NO,NO,NO
ARD-4986,4986,عطر الترا نيش ازورتي سويل 100 مل,Volare,100 مل,30000,عطر,العطور,high,العطور,perfumes,high,standard perfume,name=عطر الترا نيش ازورتي سويل 100 مل; product_type=عطر,approved,standard perfume,2026-08-02T07:33:46Z,ready,proposed_child,NO,NO,NO
ARD-4987,4987,عطر الترا نيش ماربري سيرين 100 مل,Volare,100 مل,30000,عطر,العطور,high,العطور,perfumes,high,standard perfume,name=عطر الترا نيش ماربري سيرين 100 مل; product_type=عطر,approved,standard perfume,2026-08-02T07:33:46Z,ready,proposed_child,NO,NO,NO
ARD-4988,4988,عطر الترا نيش مون ستون مست 100 مل,Volare,100 مل,30000,عطر,العطور,high,العطور,perfumes,high,standard perfume,name=عطر الترا نيش مون ستون مست 100 مل; product_type=عطر,approved,standard perfume,2026-08-02T07:33:46Z,ready,proposed_child,NO,NO,NO
ARD-4989,4989,عطر الترا نيش اوبسايديان سويل 100 مل,Volare,100 مل,30000,عطر,العطور,high,العطور,perfumes,high,standard perfume,name=عطر الترا نيش اوبسايديان سويل 100 مل; product_type=عطر,approved,standard perfume,2026-08-02T07:33:46Z,ready,proposed_child,NO,NO,NO
ARD-4990,4990,عطر الترا نيش اوركيد كوارتز 100 مل,Volare,100 مل,30000,عطر,العطور,high,العطور,perfumes,high,standard perfume,name=عطر الترا نيش اوركيد كوارتز 100 مل; product_type=عطر,approved,standard perfume,2026-08-02T07:33:46Z,ready,proposed_child,NO,NO,NO
ARD-5025,5025,عطر كنزي سيلك سيرنتي 100 مل,Volare,100 مل,16000,عطر,العطور,high,العطور,perfumes,high,standard perfume,name=عطر كنزي سيلك سيرنتي 100 مل; product_type=عطر,approved,standard perfume,2026-08-02T07:33:46Z,ready,proposed_child,NO,NO,NO
ARD-5026,5026,عطر كنزي واترميلون اون ايس 100 مل,Volare,100 مل,16000,عطر,العطور,high,العطور,perfumes,high,standard perfume,name=عطر كنزي واترميلون اون ايس 100 مل; product_type=عطر,approved,standard perfume,2026-08-02T07:33:46Z,ready,proposed_child,NO,NO,NO
ARD-5054,5054,عطر هارزان ذهب 100 مل,Volare,100 مل,20000,عطر,العطور,high,العطور,perfumes,high,standard perfume,name=عطر هارزان ذهب 100 مل; product_type=عطر,approved,standard perfume,2026-08-02T07:33:46Z,ready,proposed_child,NO,NO,NO
ARD-5055,5055,عطر فانتازي انجل دومي 100 مل,Volare,100 مل,17000,عطر,العطور,high,العطور,perfumes,high,standard perfume,name=عطر فانتازي انجل دومي 100 مل; product_type=عطر,approved,standard perfume,2026-08-02T07:33:46Z,ready,proposed_child,NO,NO,NO
ARD-5061,5061,ال اوفر عطر كنزي مارشميلو دريم 150 مل,Volare,150 مل,17000,عطر,العطور,high,العطور,perfumes,high,standard perfume,name=ال اوفر عطر كنزي مارشميلو دريم 150 مل; product_type=عطر,approved,standard perfume,2026-08-02T07:33:46Z,ready,proposed_child,NO,NO,NO
ARD-5062,5062,ال اوفر عطر دارلين بور فيم 150 مل,Volare,150 مل,17000,عطر,العطور,high,العطور,perfumes,high,standard perfume,name=ال اوفر عطر دارلين بور فيم 150 مل; product_type=عطر,approved,standard perfume,2026-08-02T07:33:46Z,ready,proposed_child,NO,NO,NO
ARD-5063,5063,ال اوفر عطر استا بورو 150 مل,Volare,150 مل,17000,عطر,العطور,high,العطور,perfumes,high,standard perfume,name=ال اوفر عطر استا بورو 150 مل; product_type=عطر,approved,standard perfume,2026-08-02T07:33:46Z,ready,proposed_child,NO,NO,NO
ARD-5064,5064,عطر تمبر بويس بايسبل 100 مل,Volare,100 مل,18000,عطر,العطور,high,العطور,perfumes,high,standard perfume,name=عطر تمبر بويس بايسبل 100 مل; product_type=عطر,approved,standard perfume,2026-08-02T07:33:46Z,ready,proposed_child,NO,NO,NO
ARD-5065,5065,عطر بلو دي الكسير اكسكلوسف 100 مل,Volare,100 مل,17000,عطر,العطور,high,العطور,perfumes,high,standard perfume,name=عطر بلو دي الكسير اكسكلوسف 100 مل; product_type=عطر,approved,standard perfume,2026-08-02T07:33:46Z,ready,proposed_child,NO,NO,NO
ARD-5066,5066,عطر كارتيل رفليوشن 100 مل,Volare,100 مل,17000,عطر,العطور,high,العطور,perfumes,high,standard perfume,name=عطر كارتيل رفليوشن 100 مل; product_type=عطر,approved,standard perfume,2026-08-02T07:33:46Z,ready,proposed_child,NO,NO,NO
ARD-5067,5067,عطر ماي ديديكايشن انتنس 100 مل,Volare,100 مل,16000,عطر,العطور,high,العطور,perfumes,high,standard perfume,name=عطر ماي ديديكايشن انتنس 100 مل; product_type=عطر,approved,standard perfume,2026-08-02T07:33:46Z,ready,proposed_child,NO,NO,NO
ARD-5153,5153,عطر ليمونادة فيز 100 مل,Volare,100 مل,20000,عطر,العطور,high,العطور,perfumes,high,standard perfume,name=عطر ليمونادة فيز 100 مل; product_type=عطر,approved,standard perfume,2026-08-02T07:33:46Z,ready,proposed_child,NO,NO,NO
ARD-5154,5154,عطر سباركلنك جنجر 100 مل,Volare,100 مل,20000,عطر,العطور,high,العطور,perfumes,high,standard perfume,name=عطر سباركلنك جنجر 100 مل; product_type=عطر,approved,standard perfume,2026-08-02T07:33:46Z,ready,proposed_child,NO,NO,NO
ARD-5155,5155,عطر فلفت وودز 100 مل,Volare,100 مل,20000,عطر,العطور,high,العطور,perfumes,high,standard perfume,name=عطر فلفت وودز 100 مل; product_type=عطر,approved,standard perfume,2026-08-02T07:33:46Z,ready,proposed_child,NO,NO,NO
ARD-5156,5156,عطر لي سيل داوروري 100 مل,Volare,100 مل,17000,عطر,العطور,high,العطور,perfumes,high,standard perfume,name=عطر لي سيل داوروري 100 مل; product_type=عطر,approved,standard perfume,2026-08-02T07:33:46Z,ready,proposed_child,NO,NO,NO
ARD-5160,5160,عطر وايت ريفر مونتاين 100 مل,Volare,100 مل,18000,عطر,العطور,high,العطور,perfumes,high,standard perfume,name=عطر وايت ريفر مونتاين 100 مل; product_type=عطر,approved,standard perfume,2026-08-02T07:33:46Z,ready,proposed_child,NO,NO,NO
ARD-5161,5161,عطر ابسلو فورانتيس 100 مل,Volare,100 مل,18000,عطر,العطور,high,العطور,perfumes,high,standard perfume,name=عطر ابسلو فورانتيس 100 مل; product_type=عطر,approved,standard perfume,2026-08-02T07:33:46Z,ready,proposed_child,NO,NO,NO
ARD-5165,5165,عطر لامودا 100 مل,Volare,100 مل,18000,عطر,العطور,high,العطور,perfumes,high,standard perfume,name=عطر لامودا 100 مل; product_type=عطر,approved,standard perfume,2026-08-02T07:33:46Z,ready,proposed_child,NO,NO,NO
ARD-5169,5169,عطر مدنايت كوكتيل 100 مل,Volare,100 مل,18000,عطر,العطور,high,العطور,perfumes,high,standard perfume,name=عطر مدنايت كوكتيل 100 مل; product_type=عطر,approved,standard perfume,2026-08-02T07:33:46Z,ready,proposed_child,NO,NO,NO
ARD-5170,5170,عطر سيدار لوكس 100 مل,Volare,100 مل,18000,عطر,العطور,high,العطور,perfumes,high,standard perfume,name=عطر سيدار لوكس 100 مل; product_type=عطر,approved,standard perfume,2026-08-02T07:33:46Z,ready,proposed_child,NO,NO,NO
ARD-5171,5171,عطر الكيميست ماز 100 مل,Volare,100 مل,18000,عطر,العطور,high,العطور,perfumes,high,standard perfume,name=عطر الكيميست ماز 100 مل; product_type=عطر,approved,standard perfume,2026-08-02T07:33:46Z,ready,proposed_child,NO,NO,NO
ARD-3725,3725,عطر دارلين فيم 30 مل,Volare,30 مل,4000,عطر صغير أو ميني,العطور الصغيرة والميني,medium,العطور الصغيرة والميني,mini-travel-perfume,high,perfume with size<=30ml,name=عطر دارلين فيم 30 مل; product_type=عطر صغير أو ميني,approved,perfume with size<=30ml,2026-08-02T07:33:46Z,ready,proposed_child,NO,NO,NO
ARD-3726,3726,عطر دير كيل 30 مل,Volare,30 مل,4000,عطر صغير أو ميني,العطور الصغيرة والميني,medium,العطور الصغيرة والميني,mini-travel-perfume,high,perfume with size<=30ml,name=عطر دير كيل 30 مل; product_type=عطر صغير أو ميني,approved,perfume with size<=30ml,2026-08-02T07:33:46Z,ready,proposed_child,NO,NO,NO
ARD-3727,3727,عطر دكنتي 30 مل,Volare,30 مل,4000,عطر صغير أو ميني,العطور الصغيرة والميني,medium,العطور الصغيرة والميني,mini-travel-perfume,high,perfume with size<=30ml,name=عطر دكنتي 30 مل; product_type=عطر صغير أو ميني,approved,perfume with size<=30ml,2026-08-02T07:33:46Z,ready,proposed_child,NO,NO,NO
ARD-3728,3728,عطر اينامور سينتو 30 مل,Volare,30 مل,4000,عطر صغير أو ميني,العطور الصغيرة والميني,medium,العطور الصغيرة والميني,mini-travel-perfume,high,perfume with size<=30ml,name=عطر اينامور سينتو 30 مل; product_type=عطر صغير أو ميني,approved,perfume with size<=30ml,2026-08-02T07:33:46Z,ready,proposed_child,NO,NO,NO
ARD-3729,3729,عطر فلورال نارسوس روج اكستراكت 30 مل,Volare,30 مل,4000,عطر صغير أو ميني,العطور الصغيرة والميني,medium,العطور الصغيرة والميني,mini-travel-perfume,high,perfume with size<=30ml,name=عطر فلورال نارسوس روج اكستراكت 30 مل; product_type=عطر صغير أو ميني,approved,perfume with size<=30ml,2026-08-02T07:33:46Z,ready,proposed_child,NO,NO,NO
ARD-3732,3732,عطر لوفري 30 مل,Volare,30 مل,4000,عطر صغير أو ميني,العطور الصغيرة والميني,medium,العطور الصغيرة والميني,mini-travel-perfume,high,perfume with size<=30ml,name=عطر لوفري 30 مل; product_type=عطر صغير أو ميني,approved,perfume with size<=30ml,2026-08-02T07:33:46Z,ready,proposed_child,NO,NO,NO
ARD-3733,3733,عطر ميلينا 30 مل,Volare,30 مل,4000,عطر صغير أو ميني,العطور الصغيرة والميني,medium,العطور الصغيرة والميني,mini-travel-perfume,high,perfume with size<=30ml,name=عطر ميلينا 30 مل; product_type=عطر صغير أو ميني,approved,perfume with size<=30ml,2026-08-02T07:33:46Z,ready,proposed_child,NO,NO,NO
ARD-3735,3735,عطر نانسيا بودري 30 مل,Volare,30 مل,4000,عطر صغير أو ميني,العطور الصغيرة والميني,medium,العطور الصغيرة والميني,mini-travel-perfume,high,perfume with size<=30ml,name=عطر نانسيا بودري 30 مل; product_type=عطر صغير أو ميني,approved,perfume with size<=30ml,2026-08-02T07:33:46Z,duplicate_primary,proposed_child,NO,NO,YES
ARD-3736,3736,عطر نانسيا روبي 30 مل,Volare,30 مل,4000,عطر صغير أو ميني,العطور الصغيرة والميني,medium,العطور الصغيرة والميني,mini-travel-perfume,high,perfume with size<=30ml,name=عطر نانسيا روبي 30 مل; product_type=عطر صغير أو ميني,approved,perfume with size<=30ml,2026-08-02T07:33:46Z,ready,proposed_child,NO,NO,NO
ARD-3737,3737,عطر اوبتس نوت 30 مل,Volare,30 مل,4000,عطر صغير أو ميني,العطور الصغيرة والميني,medium,العطور الصغيرة والميني,mini-travel-perfume,high,perfume with size<=30ml,name=عطر اوبتس نوت 30 مل; product_type=عطر صغير أو ميني,approved,perfume with size<=30ml,2026-08-02T07:33:46Z,ready,proposed_child,NO,NO,NO
ARD-3738,3738,عطر اوفيارا 30 مل,Volare,30 مل,4000,عطر صغير أو ميني,العطور الصغيرة والميني,medium,العطور الصغيرة والميني,mini-travel-perfume,high,perfume with size<=30ml,name=عطر اوفيارا 30 مل; product_type=عطر صغير أو ميني,approved,perfume with size<=30ml,2026-08-02T07:33:46Z,ready,proposed_child,NO,NO,NO
ARD-3739,3739,عطر VIPرومانتك روز 30 مل,Volare,30 مل,4000,عطر صغير أو ميني,العطور الصغيرة والميني,medium,العطور الصغيرة والميني,mini-travel-perfume,high,perfume with size<=30ml,name=عطر VIPرومانتك روز 30 مل; product_type=عطر صغير أو ميني,approved,perfume with size<=30ml,2026-08-02T07:33:46Z,ready,proposed_child,NO,NO,NO
ARD-3741,3741,عطر ليدر وايت 30 مل,Volare,30 مل,4000,عطر صغير أو ميني,العطور الصغيرة والميني,medium,العطور الصغيرة والميني,mini-travel-perfume,high,perfume with size<=30ml,name=عطر ليدر وايت 30 مل; product_type=عطر صغير أو ميني,approved,perfume with size<=30ml,2026-08-02T07:33:46Z,ready,proposed_child,NO,NO,NO
ARD-3790,3790,عطر تمبتايشن 111 بور فيم 30 مل,Volare,30 مل,4000,عطر صغير أو ميني,العطور الصغيرة والميني,medium,العطور الصغيرة والميني,mini-travel-perfume,high,perfume with size<=30ml,name=عطر تمبتايشن 111 بور فيم 30 مل; product_type=عطر صغير أو ميني,approved,perfume with size<=30ml,2026-08-02T07:33:46Z,ready,proposed_child,NO,NO,NO
ARD-3791,3791,عطر نانسيا فور هير 30 مل,Volare,30 مل,4000,عطر صغير أو ميني,العطور الصغيرة والميني,medium,العطور الصغيرة والميني,mini-travel-perfume,high,perfume with size<=30ml,name=عطر نانسيا فور هير 30 مل; product_type=عطر صغير أو ميني,approved,perfume with size<=30ml,2026-08-02T07:33:46Z,ready,proposed_child,NO,NO,NO
ARD-3792,3792,عطر تريشور روز 30 مل,Volare,30 مل,4000,عطر صغير أو ميني,العطور الصغيرة والميني,medium,العطور الصغيرة والميني,mini-travel-perfume,high,perfume with size<=30ml,name=عطر تريشور روز 30 مل; product_type=عطر صغير أو ميني,approved,perfume with size<=30ml,2026-08-02T07:33:46Z,ready,proposed_child,NO,NO,NO
ARD-3793,3793,عطر جست فور يو ومن 30 مل,Volare,30 مل,4000,عطر صغير أو ميني,العطور الصغيرة والميني,medium,العطور الصغيرة والميني,mini-travel-perfume,high,perfume with size<=30ml,name=عطر جست فور يو ومن 30 مل; product_type=عطر صغير أو ميني,approved,perfume with size<=30ml,2026-08-02T07:33:46Z,ready,proposed_child,NO,NO,NO
ARD-3794,3794,عطر فالنتاين بور فيم 30 مل,Volare,30 مل,4000,عطر صغير أو ميني,العطور الصغيرة والميني,medium,العطور الصغيرة والميني,mini-travel-perfume,high,perfume with size<=30ml,name=عطر فالنتاين بور فيم 30 مل; product_type=عطر صغير أو ميني,approved,perfume with size<=30ml,2026-08-02T07:33:46Z,ready,proposed_child,NO,NO,NO
ARD-3796,3796,عطر تيسر نايت 30 مل,Volare,30 مل,4000,عطر صغير أو ميني,العطور الصغيرة والميني,medium,العطور الصغيرة والميني,mini-travel-perfume,high,perfume with size<=30ml,name=عطر تيسر نايت 30 مل; product_type=عطر صغير أو ميني,approved,perfume with size<=30ml,2026-08-02T07:33:46Z,ready,proposed_child,NO,NO,NO
ARD-3797,3797,عطر بيلا فيتا 30 مل,Volare,30 مل,4000,عطر صغير أو ميني,العطور الصغيرة والميني,medium,العطور الصغيرة والميني,mini-travel-perfume,high,perfume with size<=30ml,name=عطر بيلا فيتا 30 مل; product_type=عطر صغير أو ميني,approved,perfume with size<=30ml,2026-08-02T07:33:46Z,ready,proposed_child,NO,NO,NO
ARD-3798,3798,عطر الينورا 30 مل,Volare,30 مل,4000,عطر صغير أو ميني,العطور الصغيرة والميني,medium,العطور الصغيرة والميني,mini-travel-perfume,high,perfume with size<=30ml,name=عطر الينورا 30 مل; product_type=عطر صغير أو ميني,approved,perfume with size<=30ml,2026-08-02T07:33:46Z,ready,proposed_child,NO,NO,NO
ARD-3799,3799,عطر بيور سيدكشن سيكرت انتنس 30 مل,Volare,30 مل,4000,عطر صغير أو ميني,العطور الصغيرة والميني,medium,العطور الصغيرة والميني,mini-travel-perfume,high,perfume with size<=30ml,name=عطر بيور سيدكشن سيكرت انتنس 30 مل; product_type=عطر صغير أو ميني,approved,perfume with size<=30ml,2026-08-02T07:33:46Z,ready,proposed_child,NO,NO,NO
ARD-3801,3801,عطر لنتيمو 30 مل,Volare,30 مل,4000,عطر صغير أو ميني,العطور الصغيرة والميني,medium,العطور الصغيرة والميني,mini-travel-perfume,high,perfume with size<=30ml,name=عطر لنتيمو 30 مل; product_type=عطر صغير أو ميني,approved,perfume with size<=30ml,2026-08-02T07:33:46Z,ready,proposed_child,NO,NO,NO
ARD-3743,3743,عطر ال هوم بلو 25 مل,Volare,25 مل,4000,عطر صغير أو ميني,العطور الصغيرة والميني,medium,العطور الصغيرة والميني,mini-travel-perfume,high,perfume with size<=30ml,name=عطر ال هوم بلو 25 مل; product_type=عطر صغير أو ميني,approved,perfume with size<=30ml,2026-08-02T07:33:46Z,ready,proposed_child,NO,NO,NO
ARD-3744,3744,عطر لافانتو اوركيد 25 مل,Volare,25 مل,4000,عطر صغير أو ميني,العطور الصغيرة والميني,medium,العطور الصغيرة والميني,mini-travel-perfume,high,perfume with size<=30ml,name=عطر لافانتو اوركيد 25 مل; product_type=عطر صغير أو ميني,approved,perfume with size<=30ml,2026-08-02T07:33:46Z,ready,proposed_child,NO,NO,NO
ARD-3748,3748,عطر سينايت 25 مل,Volare,25 مل,4000,عطر صغير أو ميني,العطور الصغيرة والميني,medium,العطور الصغيرة والميني,mini-travel-perfume,high,perfume with size<=30ml,name=عطر سينايت 25 مل; product_type=عطر صغير أو ميني,approved,perfume with size<=30ml,2026-08-02T07:33:46Z,ready,proposed_child,NO,NO,NO
ARD-3749,3749,عطر جست فور يو مين 25 مل,Volare,25 مل,4000,عطر صغير أو ميني,العطور الصغيرة والميني,medium,العطور الصغيرة والميني,mini-travel-perfume,high,perfume with size<=30ml,name=عطر جست فور يو مين 25 مل; product_type=عطر صغير أو ميني,approved,perfume with size<=30ml,2026-08-02T07:33:46Z,ready,proposed_child,NO,NO,NO
ARD-3755,3755,عطر لا ناييج بور هوم 25 مل,Volare,25 مل,4000,عطر صغير أو ميني,العطور الصغيرة والميني,medium,العطور الصغيرة والميني,mini-travel-perfume,high,perfume with size<=30ml,name=عطر لا ناييج بور هوم 25 مل; product_type=عطر صغير أو ميني,approved,perfume with size<=30ml,2026-08-02T07:33:46Z,ready,proposed_child,NO,NO,NO
ARD-3757,3757,عطر انفنتف لجند 25 مل,Volare,25 مل,4000,عطر صغير أو ميني,العطور الصغيرة والميني,medium,العطور الصغيرة والميني,mini-travel-perfume,high,perfume with size<=30ml,name=عطر انفنتف لجند 25 مل; product_type=عطر صغير أو ميني,approved,perfume with size<=30ml,2026-08-02T07:33:46Z,ready,proposed_child,NO,NO,NO
ARD-3758,3758,عطر هيريرو رجالي 25 مل,Volare,25 مل,4000,عطر صغير أو ميني,العطور الصغيرة والميني,medium,العطور الصغيرة والميني,mini-travel-perfume,high,perfume with size<=30ml,name=عطر هيريرو رجالي 25 مل; product_type=عطر صغير أو ميني,approved,perfume with size<=30ml,2026-08-02T07:33:46Z,ready,proposed_child,NO,NO,NO
ARD-3759,3759,عطر ماجستي 25 مل,Volare,25 مل,4000,عطر صغير أو ميني,العطور الصغيرة والميني,medium,العطور الصغيرة والميني,mini-travel-perfume,high,perfume with size<=30ml,name=عطر ماجستي 25 مل; product_type=عطر صغير أو ميني,approved,perfume with size<=30ml,2026-08-02T07:33:46Z,ready,proposed_child,NO,NO,NO
ARD-3760,3760,عطر فرانتك 25 مل,Volare,25 مل,4000,عطر صغير أو ميني,العطور الصغيرة والميني,medium,العطور الصغيرة والميني,mini-travel-perfume,high,perfume with size<=30ml,name=عطر فرانتك 25 مل; product_type=عطر صغير أو ميني,approved,perfume with size<=30ml,2026-08-02T07:33:46Z,ready,proposed_child,NO,NO,NO
ARD-3761,3761,عطر فيراكت بلو 25 مل,Volare,25 مل,4000,عطر صغير أو ميني,العطور الصغيرة والميني,medium,العطور الصغيرة والميني,mini-travel-perfume,high,perfume with size<=30ml,name=عطر فيراكت بلو 25 مل; product_type=عطر صغير أو ميني,approved,perfume with size<=30ml,2026-08-02T07:33:46Z,ready,proposed_child,NO,NO,NO
ARD-3762,3762,عطر فورتي مين 25 مل,Volare,25 مل,4000,عطر صغير أو ميني,العطور الصغيرة والميني,medium,العطور الصغيرة والميني,mini-travel-perfume,high,perfume with size<=30ml,name=عطر فورتي مين 25 مل; product_type=عطر صغير أو ميني,approved,perfume with size<=30ml,2026-08-02T07:33:46Z,ready,proposed_child,NO,NO,NO
ARD-3763,3763,عطر افانسي 25 مل,Volare,25 مل,4000,عطر صغير أو ميني,العطور الصغيرة والميني,medium,العطور الصغيرة والميني,mini-travel-perfume,high,perfume with size<=30ml,name=عطر افانسي 25 مل; product_type=عطر صغير أو ميني,approved,perfume with size<=30ml,2026-08-02T07:33:46Z,ready,proposed_child,NO,NO,NO
ARD-3764,3764,عطر انتنسف لجن 25 مل,Volare,25 مل,4000,عطر صغير أو ميني,العطور الصغيرة والميني,medium,العطور الصغيرة والميني,mini-travel-perfume,high,perfume with size<=30ml,name=عطر انتنسف لجن 25 مل; product_type=عطر صغير أو ميني,approved,perfume with size<=30ml,2026-08-02T07:33:46Z,ready,proposed_child,NO,NO,NO
ARD-3800,3800,عطر انتنسف لجن سبورت 25 مل,Volare,25 مل,4000,عطر صغير أو ميني,العطور الصغيرة والميني,medium,العطور الصغيرة والميني,mini-travel-perfume,high,perfume with size<=30ml,name=عطر انتنسف لجن سبورت 25 مل; product_type=عطر صغير أو ميني,approved,perfume with size<=30ml,2026-08-02T07:33:46Z,ready,proposed_child,NO,NO,NO
ARD-3845,3845,عطر انفنتف 25 مل,Volare,25 مل,4000,عطر صغير أو ميني,العطور الصغيرة والميني,medium,العطور الصغيرة والميني,mini-travel-perfume,high,perfume with size<=30ml,name=عطر انفنتف 25 مل; product_type=عطر صغير أو ميني,approved,perfume with size<=30ml,2026-08-02T07:33:46Z,ready,proposed_child,NO,NO,NO
ARD-3846,3846,عطر افينو بور هوم 25 مل,Volare,25 مل,4000,عطر صغير أو ميني,العطور الصغيرة والميني,medium,العطور الصغيرة والميني,mini-travel-perfume,high,perfume with size<=30ml,name=عطر افينو بور هوم 25 مل; product_type=عطر صغير أو ميني,approved,perfume with size<=30ml,2026-08-02T07:33:46Z,ready,proposed_child,NO,NO,NO
ARD-3847,3847,عطر فيراكت روج 25 مل,Volare,25 مل,4000,عطر صغير أو ميني,العطور الصغيرة والميني,medium,العطور الصغيرة والميني,mini-travel-perfume,high,perfume with size<=30ml,name=عطر فيراكت روج 25 مل; product_type=عطر صغير أو ميني,approved,perfume with size<=30ml,2026-08-02T07:33:46Z,ready,proposed_child,NO,NO,NO
ARD-3849,3849,عطر انفنتف فكتوري 25 مل,Volare,25 مل,4000,عطر صغير أو ميني,العطور الصغيرة والميني,medium,العطور الصغيرة والميني,mini-travel-perfume,high,perfume with size<=30ml,name=عطر انفنتف فكتوري 25 مل; product_type=عطر صغير أو ميني,approved,perfume with size<=30ml,2026-08-02T07:33:46Z,ready,proposed_child,NO,NO,NO
ARD-3857,3857,عطر نوير لذر 25 مل,Volare,25 مل,4000,عطر صغير أو ميني,العطور الصغيرة والميني,medium,العطور الصغيرة والميني,mini-travel-perfume,high,perfume with size<=30ml,name=عطر نوير لذر 25 مل; product_type=عطر صغير أو ميني,approved,perfume with size<=30ml,2026-08-02T07:33:46Z,ready,proposed_child,NO,NO,NO
ARD-3858,3858,عطر فيراكت نوير 25 مل,Volare,25 مل,4000,عطر صغير أو ميني,العطور الصغيرة والميني,medium,العطور الصغيرة والميني,mini-travel-perfume,high,perfume with size<=30ml,name=عطر فيراكت نوير 25 مل; product_type=عطر صغير أو ميني,approved,perfume with size<=30ml,2026-08-02T07:33:46Z,ready,proposed_child,NO,NO,NO
ARD-3859,3859,عطر جوردي بروفندو 25 مل,Volare,25 مل,4000,عطر صغير أو ميني,العطور الصغيرة والميني,medium,العطور الصغيرة والميني,mini-travel-perfume,high,perfume with size<=30ml,name=عطر جوردي بروفندو 25 مل; product_type=عطر صغير أو ميني,approved,perfume with size<=30ml,2026-08-02T07:33:46Z,ready,proposed_child,NO,NO,NO
ARD-3860,3860,عطر جوردي بروفومو 25 مل,Volare,25 مل,4000,عطر صغير أو ميني,العطور الصغيرة والميني,medium,العطور الصغيرة والميني,mini-travel-perfume,high,perfume with size<=30ml,name=عطر جوردي بروفومو 25 مل; product_type=عطر صغير أو ميني,approved,perfume with size<=30ml,2026-08-02T07:33:46Z,ready,proposed_child,NO,NO,NO
ARD-4970,4970,عطر مكسيكان برونكو 25 مل,Volare,25 مل,5000,عطر صغير أو ميني,العطور الصغيرة والميني,medium,العطور الصغيرة والميني,mini-travel-perfume,high,perfume with size<=30ml,name=عطر مكسيكان برونكو 25 مل; product_type=عطر صغير أو ميني,approved,perfume with size<=30ml,2026-08-02T07:33:46Z,ready,proposed_child,NO,NO,NO
ARD-4977,4977,عطر كنزي امبر ليتشي 25 مل,Volare,25 مل,5000,عطر صغير أو ميني,العطور الصغيرة والميني,medium,العطور الصغيرة والميني,mini-travel-perfume,high,perfume with size<=30ml,name=عطر كنزي امبر ليتشي 25 مل; product_type=عطر صغير أو ميني,approved,perfume with size<=30ml,2026-08-02T07:33:46Z,ready,proposed_child,NO,NO,NO
ARD-4978,4978,عطر كنزي كانديد فانيلا 25 مل,Volare,25 مل,5000,عطر صغير أو ميني,العطور الصغيرة والميني,medium,العطور الصغيرة والميني,mini-travel-perfume,high,perfume with size<=30ml,name=عطر كنزي كانديد فانيلا 25 مل; product_type=عطر صغير أو ميني,approved,perfume with size<=30ml,2026-08-02T07:33:46Z,ready,proposed_child,NO,NO,NO
ARD-4979,4979,عطر كنزي اكسوتك ابل كراش 25 مل,Volare,25 مل,5000,عطر صغير أو ميني,العطور الصغيرة والميني,medium,العطور الصغيرة والميني,mini-travel-perfume,high,perfume with size<=30ml,name=عطر كنزي اكسوتك ابل كراش 25 مل; product_type=عطر صغير أو ميني,approved,perfume with size<=30ml,2026-08-02T07:33:46Z,ready,proposed_child,NO,NO,NO
ARD-4982,4982,عطر ميلانو 22 25 مل,Volare,25 مل,5000,عطر صغير أو ميني,العطور الصغيرة والميني,medium,العطور الصغيرة والميني,mini-travel-perfume,high,perfume with size<=30ml,name=عطر ميلانو 22 25 مل; product_type=عطر صغير أو ميني,approved,perfume with size<=30ml,2026-08-02T07:33:46Z,ready,proposed_child,NO,NO,NO
ARD-3950,3950,عطر امازون راين فال 100 مل,Volare,100 مل,23000,عطر,العطور,high,العطور,perfumes,high,standard perfume,name=عطر امازون راين فال 100 مل; product_type=عطر,approved,standard perfume,2026-08-02T07:33:46Z,ready,proposed_child,NO,NO,NO
ARD-3951,3951,عطر كولدن هاور 100 مل,Volare,100 مل,22000,عطر,العطور,high,العطور,perfumes,high,standard perfume,name=عطر كولدن هاور 100 مل; product_type=عطر,approved,standard perfume,2026-08-02T07:33:46Z,ready,proposed_child,NO,NO,NO
ARD-3952,3952,عطر رايز اند شاين 100 مل,Volare,100 مل,23000,عطر,العطور,high,العطور,perfumes,high,standard perfume,name=عطر رايز اند شاين 100 مل; product_type=عطر,approved,standard perfume,2026-08-02T07:33:46Z,ready,proposed_child,NO,NO,NO
ARD-3953,3953,عطر ابوف ذا كلاودز 100 مل,Volare,100 مل,23000,عطر,العطور,high,العطور,perfumes,high,standard perfume,name=عطر ابوف ذا كلاودز 100 مل; product_type=عطر,approved,standard perfume,2026-08-02T07:33:46Z,ready,proposed_child,NO,NO,NO
ARD-3954,3954,عطر سانتوريني بيجز 100 مل,Volare,100 مل,23000,عطر,العطور,high,العطور,perfumes,high,standard perfume,name=عطر سانتوريني بيجز 100 مل; product_type=عطر,approved,standard perfume,2026-08-02T07:33:46Z,ready,proposed_child,NO,NO,NO
ARD-3955,3955,عطر موروكان دريم 100 مل,Volare,100 مل,22000,عطر,العطور,high,العطور,perfumes,high,standard perfume,name=عطر موروكان دريم 100 مل; product_type=عطر,approved,standard perfume,2026-08-02T07:33:46Z,ready,proposed_child,NO,NO,NO
ARD-3956,3956,عطر اركتك بريز 100 مل,Volare,100 مل,22000,عطر,العطور,high,العطور,perfumes,high,standard perfume,name=عطر اركتك بريز 100 مل; product_type=عطر,approved,standard perfume,2026-08-02T07:33:46Z,ready,proposed_child,NO,NO,NO
ARD-3957,3957,عطر لومينوس وافز 100 مل,Volare,100 مل,23000,عطر,العطور,high,العطور,perfumes,high,standard perfume,name=عطر لومينوس وافز 100 مل; product_type=عطر,approved,standard perfume,2026-08-02T07:33:46Z,ready,proposed_child,NO,NO,NO
ARD-4313,4313,عطر ارومي دي ريفيري 100 مل,Volare,100 مل,21000,عطر,العطور,high,العطور,perfumes,high,standard perfume,name=عطر ارومي دي ريفيري 100 مل; product_type=عطر,approved,standard perfume,2026-08-02T07:33:46Z,ready,proposed_child,NO,NO,NO
ARD-4568,4568,عطر لوستري امور 100 مل,Volare,100 مل,23000,عطر,العطور,high,العطور,perfumes,high,standard perfume,name=عطر لوستري امور 100 مل; product_type=عطر,approved,standard perfume,2026-08-02T07:33:46Z,ready,proposed_child,NO,NO,NO
ARD-4494,4494,بودي مست بليز ازكارديان11 250 مل,Volare,250 مل,5000,معطر جسم أو بودي مست,معطرات الجسم والبودي مست,high,معطرات الجسم والبودي مست,body-mist-splash,high,explicit body mist/splash,name=بودي مست بليز ازكارديان11 250 مل; product_type=معطر جسم أو بودي مست,approved,explicit body mist/splash,2026-08-02T07:33:46Z,ready,proposed_child,NO,NO,NO
ARD-4495,4495,بودي مست استا اورو 250 مل,Volare,250 مل,5000,معطر جسم أو بودي مست,معطرات الجسم والبودي مست,high,معطرات الجسم والبودي مست,body-mist-splash,high,explicit body mist/splash,name=بودي مست استا اورو 250 مل; product_type=معطر جسم أو بودي مست,approved,explicit body mist/splash,2026-08-02T07:33:46Z,ready,proposed_child,NO,NO,NO
ARD-4497,4497,بودي مست استا بورو 250 مل,Volare,250 مل,5000,معطر جسم أو بودي مست,معطرات الجسم والبودي مست,high,معطرات الجسم والبودي مست,body-mist-splash,high,explicit body mist/splash,name=بودي مست استا بورو 250 مل; product_type=معطر جسم أو بودي مست,approved,explicit body mist/splash,2026-08-02T07:33:46Z,ready,proposed_child,NO,NO,NO
ARD-4498,4498,بودي مست كنزي اكسوتك ابل كراش 250 مل,Volare,250 مل,5000,معطر جسم أو بودي مست,معطرات الجسم والبودي مست,high,معطرات الجسم والبودي مست,body-mist-splash,high,explicit body mist/splash,name=بودي مست كنزي اكسوتك ابل كراش 250 مل; product_type=معطر جسم أو بودي مست,approved,explicit body mist/splash,2026-08-02T07:33:46Z,ready,proposed_child,NO,NO,NO
ARD-4499,4499,بودي مست كانديد فانيلا 250 مل,Volare,250 مل,5000,معطر جسم أو بودي مست,معطرات الجسم والبودي مست,high,معطرات الجسم والبودي مست,body-mist-splash,high,explicit body mist/splash,name=بودي مست كانديد فانيلا 250 مل; product_type=معطر جسم أو بودي مست,approved,explicit body mist/splash,2026-08-02T07:33:46Z,ready,proposed_child,NO,NO,NO
ARD-4500,4500,بودي مست كلاسك بيستاشيو 250 مل,Volare,250 مل,5000,معطر جسم أو بودي مست,معطرات الجسم والبودي مست,high,معطرات الجسم والبودي مست,body-mist-splash,high,explicit body mist/splash,name=بودي مست كلاسك بيستاشيو 250 مل; product_type=معطر جسم أو بودي مست,approved,explicit body mist/splash,2026-08-02T07:33:46Z,ready,proposed_child,NO,NO,NO
ARD-4503,4503,بودي مست موروكان دريم 250 مل,Volare,250 مل,5000,معطر جسم أو بودي مست,معطرات الجسم والبودي مست,high,معطرات الجسم والبودي مست,body-mist-splash,high,explicit body mist/splash,name=بودي مست موروكان دريم 250 مل; product_type=معطر جسم أو بودي مست,approved,explicit body mist/splash,2026-08-02T07:33:46Z,ready,proposed_child,NO,NO,NO
ARD-4505,4505,بودي مست سانتوريني بيجز 250 مل,Volare,250 مل,5000,معطر جسم أو بودي مست,معطرات الجسم والبودي مست,high,معطرات الجسم والبودي مست,body-mist-splash,high,explicit body mist/splash,name=بودي مست سانتوريني بيجز 250 مل; product_type=معطر جسم أو بودي مست,approved,explicit body mist/splash,2026-08-02T07:33:46Z,ready,proposed_child,NO,NO,NO
ARD-4669,4669,بودي مست مارشميلو دريم 250 مل,Volare,250 مل,5000,معطر جسم أو بودي مست,معطرات الجسم والبودي مست,high,معطرات الجسم والبودي مست,body-mist-splash,high,explicit body mist/splash,name=بودي مست مارشميلو دريم 250 مل; product_type=معطر جسم أو بودي مست,approved,explicit body mist/splash,2026-08-02T07:33:46Z,ready,proposed_child,NO,NO,NO
ARD-4670,4670,بودي مست كنزي امبر ليتشي 250 مل,Volare,250 مل,5000,معطر جسم أو بودي مست,معطرات الجسم والبودي مست,high,معطرات الجسم والبودي مست,body-mist-splash,high,explicit body mist/splash,name=بودي مست كنزي امبر ليتشي 250 مل; product_type=معطر جسم أو بودي مست,approved,explicit body mist/splash,2026-08-02T07:33:46Z,ready,proposed_child,NO,NO,NO
ARD-4671,4671,بودي مست كنزي فانيلا 70 / 250 مل,Volare,250 مل,5000,معطر جسم أو بودي مست,معطرات الجسم والبودي مست,high,معطرات الجسم والبودي مست,body-mist-splash,high,explicit body mist/splash,name=بودي مست كنزي فانيلا 70 / 250 مل; product_type=معطر جسم أو بودي مست,approved,explicit body mist/splash,2026-08-02T07:33:46Z,ready,proposed_child,NO,NO,NO
ARD-4672,4672,بودي مست ميلانو 22 / 250 مل,Volare,250 مل,5000,معطر جسم أو بودي مست,معطرات الجسم والبودي مست,high,معطرات الجسم والبودي مست,body-mist-splash,high,explicit body mist/splash,name=بودي مست ميلانو 22 / 250 مل; product_type=معطر جسم أو بودي مست,approved,explicit body mist/splash,2026-08-02T07:33:46Z,ready,proposed_child,NO,NO,NO
ARD-4894,4894,بودي مست درنك ماسترس 250 مل فولاري,Volare,250 مل,5000,معطر جسم أو بودي مست,معطرات الجسم والبودي مست,high,معطرات الجسم والبودي مست,body-mist-splash,high,explicit body mist/splash,name=بودي مست درنك ماسترس 250 مل فولاري; product_type=معطر جسم أو بودي مست,approved,explicit body mist/splash,2026-08-02T07:33:46Z,ready,proposed_child,NO,NO,NO
ARD-4895,4895,بودي مست كوكون فانيلا 250 مل فولاري,Volare,250 مل,5000,معطر جسم أو بودي مست,معطرات الجسم والبودي مست,high,معطرات الجسم والبودي مست,body-mist-splash,high,explicit body mist/splash,name=بودي مست كوكون فانيلا 250 مل فولاري; product_type=معطر جسم أو بودي مست,approved,explicit body mist/splash,2026-08-02T07:33:46Z,ready,proposed_child,NO,NO,NO
ARD-4639,4639,عطر هارموني اوف بيرلز 100 مل / فولاري برايف,Volare,100 مل,25000,عطر,العطور,high,العطور,perfumes,high,standard perfume,name=عطر هارموني اوف بيرلز 100 مل / فولاري برايف; product_type=عطر,approved,standard perfume,2026-08-02T07:33:46Z,ready,proposed_child,NO,NO,NO
ARD-4640,4640,عطر ايجوز اوف اليكانس 100 مل / فولاري برايف,Volare,100 مل,25000,عطر,العطور,high,العطور,perfumes,high,standard perfume,name=عطر ايجوز اوف اليكانس 100 مل / فولاري برايف; product_type=عطر,approved,standard perfume,2026-08-02T07:33:46Z,ready,proposed_child,NO,NO,NO
ARD-4772,4772,عطر امبر ساندس اغنيت 100 مل,Volare,100 مل,18000,عطر,العطور,high,العطور,perfumes,high,standard perfume,name=عطر امبر ساندس اغنيت 100 مل; product_type=عطر,approved,standard perfume,2026-08-02T07:33:46Z,ready,proposed_child,NO,NO,NO
ARD-4773,4773,عطر امبر ساندس برستيج 100 مل,Volare,100 مل,18000,عطر,العطور,high,العطور,perfumes,high,standard perfume,name=عطر امبر ساندس برستيج 100 مل; product_type=عطر,approved,standard perfume,2026-08-02T07:33:46Z,ready,proposed_child,NO,NO,NO
ARD-4774,4774,عطر امبر ساندس سبيرت 100 مل,Volare,100 مل,18000,عطر,العطور,high,العطور,perfumes,high,standard perfume,name=عطر امبر ساندس سبيرت 100 مل; product_type=عطر,approved,standard perfume,2026-08-02T07:33:46Z,ready,proposed_child,NO,NO,NO
ARD-4777,4777,عطر بون بون مارشميلو 100 مل,Volare,100 مل,23000,عطر,العطور,high,العطور,perfumes,high,standard perfume,name=عطر بون بون مارشميلو 100 مل; product_type=عطر,approved,standard perfume,2026-08-02T07:33:46Z,ready,proposed_child,NO,NO,NO
ARD-4778,4778,عطر بون بون كراميل 100 مل,Volare,100 مل,23000,عطر,العطور,high,العطور,perfumes,high,standard perfume,name=عطر بون بون كراميل 100 مل; product_type=عطر,approved,standard perfume,2026-08-02T07:33:46Z,ready,proposed_child,NO,NO,NO
ARD-4779,4779,عطر بون بون ليتشي 100 مل,Volare,100 مل,23000,عطر,العطور,high,العطور,perfumes,high,standard perfume,name=عطر بون بون ليتشي 100 مل; product_type=عطر,approved,standard perfume,2026-08-02T07:33:46Z,ready,proposed_child,NO,NO,NO
ARD-4780,4780,عطر بون بون بيستاشيو 100 مل,Volare,100 مل,23000,عطر,العطور,high,العطور,perfumes,high,standard perfume,name=عطر بون بون بيستاشيو 100 مل; product_type=عطر,approved,standard perfume,2026-08-02T07:33:46Z,ready,proposed_child,NO,NO,NO
ARD-4781,4781,عطر بون بون فانيلا 100 مل,Volare,100 مل,23000,عطر,العطور,high,العطور,perfumes,high,standard perfume,name=عطر بون بون فانيلا 100 مل; product_type=عطر,approved,standard perfume,2026-08-02T07:33:46Z,ready,proposed_child,NO,NO,NO
ARD-4843,4843,عطر كولدن داون 100 مل / فولاري برايف,Volare,100 مل,19000,عطر,العطور,high,العطور,perfumes,high,standard perfume,name=عطر كولدن داون 100 مل / فولاري برايف; product_type=عطر,approved,standard perfume,2026-08-02T07:33:46Z,ready,proposed_child,NO,NO,NO
ARD-4889,4889,عطر امبر دزاير 100 مل فولاري,Volare,100 مل,19000,عطر,العطور,high,العطور,perfumes,high,standard perfume,name=عطر امبر دزاير 100 مل فولاري; product_type=عطر,approved,standard perfume,2026-08-02T07:33:46Z,ready,proposed_child,NO,NO,NO
ARD-4890,4890,عطر مدنايت سافير 100 مل,Volare,100 مل,19000,عطر,العطور,high,العطور,perfumes,high,standard perfume,name=عطر مدنايت سافير 100 مل; product_type=عطر,approved,standard perfume,2026-08-02T07:33:46Z,ready,proposed_child,NO,NO,NO
ARD-5027,5027,عطر اليساندرو 11 100 مل / فولاري برايف,Volare,100 مل,20000,عطر,العطور,high,العطور,perfumes,high,standard perfume,name=عطر اليساندرو 11 100 مل / فولاري برايف; product_type=عطر,approved,standard perfume,2026-08-02T07:33:46Z,ready,proposed_child,NO,NO,NO
ARD-5028,5028,عطر ايفانوف 100 مل / فولاري برايف,Volare,100 مل,20000,عطر,العطور,high,العطور,perfumes,high,standard perfume,name=عطر ايفانوف 100 مل / فولاري برايف; product_type=عطر,approved,standard perfume,2026-08-02T07:33:46Z,ready,proposed_child,NO,NO,NO
ARD-5030,5030,عطر ادين كولد 100 مل / فولاري برايف,Volare,100 مل,20000,عطر,العطور,high,العطور,perfumes,high,standard perfume,name=عطر ادين كولد 100 مل / فولاري برايف; product_type=عطر,approved,standard perfume,2026-08-02T07:33:46Z,ready,proposed_child,NO,NO,NO
ARD-5031,5031,عطر ازورو 10 100 مل / فولاري برايف,Volare,100 مل,20000,عطر,العطور,high,العطور,perfumes,high,standard perfume,name=عطر ازورو 10 100 مل / فولاري برايف; product_type=عطر,approved,standard perfume,2026-08-02T07:33:46Z,ready,proposed_child,NO,NO,NO
ARD-5032,5032,عطر اليكانت جارم 100 مل / فولاري برايف,Volare,100 مل,19000,عطر,العطور,high,العطور,perfumes,high,standard perfume,name=عطر اليكانت جارم 100 مل / فولاري برايف; product_type=عطر,approved,standard perfume,2026-08-02T07:33:46Z,ready,proposed_child,NO,NO,NO
ARD-5033,5033,عطر فلورال امبرايس 100 مل / فولاري برايف,Volare,100 مل,19000,عطر,العطور,high,العطور,perfumes,high,standard perfume,name=عطر فلورال امبرايس 100 مل / فولاري برايف; product_type=عطر,approved,standard perfume,2026-08-02T07:33:46Z,ready,proposed_child,NO,NO,NO
ARD-5034,5034,عطر امبري سولير 100 مل / فولاري برايف,Volare,100 مل,19000,عطر,العطور,high,العطور,perfumes,high,standard perfume,name=عطر امبري سولير 100 مل / فولاري برايف; product_type=عطر,approved,standard perfume,2026-08-02T07:33:46Z,ready,proposed_child,NO,NO,NO
ARD-5035,5035,عطر بلو مايستك 100 مل / فولاري برايف,Volare,100 مل,19000,عطر,العطور,high,العطور,perfumes,high,standard perfume,name=عطر بلو مايستك 100 مل / فولاري برايف; product_type=عطر,approved,standard perfume,2026-08-02T07:33:46Z,ready,proposed_child,NO,NO,NO
ARD-5038,5038,عطر فلفت ماجستي 100 مل / فولاري برايف,Volare,100 مل,19000,عطر,العطور,high,العطور,perfumes,high,standard perfume,name=عطر فلفت ماجستي 100 مل / فولاري برايف; product_type=عطر,approved,standard perfume,2026-08-02T07:33:46Z,ready,proposed_child,NO,NO,NO
ARD-5039,5039,عطر فايبر نوكتورنال 100 مل,Volare,100 مل,25000,عطر,العطور,high,العطور,perfumes,high,standard perfume,name=عطر فايبر نوكتورنال 100 مل; product_type=عطر,approved,standard perfume,2026-08-02T07:33:46Z,ready,proposed_child,NO,NO,NO
ARD-5040,5040,عطر فايبر سيربينتي 100 مل,Volare,100 مل,25000,عطر,العطور,high,العطور,perfumes,high,standard perfume,name=عطر فايبر سيربينتي 100 مل; product_type=عطر,approved,standard perfume,2026-08-02T07:33:46Z,ready,proposed_child,NO,NO,NO
ARD-5041,5041,عطر فايبر توكساين 100 مل,Volare,100 مل,25000,عطر,العطور,high,العطور,perfumes,high,standard perfume,name=عطر فايبر توكساين 100 مل; product_type=عطر,approved,standard perfume,2026-08-02T07:33:46Z,ready,proposed_child,NO,NO,NO
ARD-5042,5042,عطر فايبر فينوم 100 مل,Volare,100 مل,25000,عطر,العطور,high,العطور,perfumes,high,standard perfume,name=عطر فايبر فينوم 100 مل; product_type=عطر,approved,standard perfume,2026-08-02T07:33:46Z,ready,proposed_child,NO,NO,NO
ARD-5071,5071,عطر برايم تاركت لوك 100 مل / فولاري برايف,Volare,100 مل,36000,عطر,العطور,high,العطور,perfumes,high,standard perfume,name=عطر برايم تاركت لوك 100 مل / فولاري برايف; product_type=عطر,approved,standard perfume,2026-08-02T07:33:46Z,ready,proposed_child,NO,NO,NO
ARD-5072,5072,عطر برايم تاركت سترايك 100 مل / فولاري برايف,Volare,100 مل,36000,عطر,العطور,high,العطور,perfumes,high,standard perfume,name=عطر برايم تاركت سترايك 100 مل / فولاري برايف; product_type=عطر,approved,standard perfume,2026-08-02T07:33:46Z,ready,proposed_child,NO,NO,NO
ARD-5073,5073,عطر برايم تاركت ترنك 100 مل / فولاري برايف,Volare,100 مل,36000,عطر,العطور,high,العطور,perfumes,high,standard perfume,name=عطر برايم تاركت ترنك 100 مل / فولاري برايف; product_type=عطر,approved,standard perfume,2026-08-02T07:33:46Z,ready,proposed_child,NO,NO,NO
ARD-4697,4697,سولارا بودي مست كريمي ديلايت 90 مل,Volare,90 مل,6000,معطر جسم أو بودي مست,معطرات الجسم والبودي مست,high,معطرات الجسم والبودي مست,body-mist-splash,high,explicit body mist/splash,name=سولارا بودي مست كريمي ديلايت 90 مل; product_type=معطر جسم أو بودي مست,approved,explicit body mist/splash,2026-08-02T07:33:46Z,ready,proposed_child,NO,NO,NO
ARD-4698,4698,سولارا بودي مست ماجيكال جورني 90 مل,Volare,90 مل,6000,معطر جسم أو بودي مست,معطرات الجسم والبودي مست,high,معطرات الجسم والبودي مست,body-mist-splash,high,explicit body mist/splash,name=سولارا بودي مست ماجيكال جورني 90 مل; product_type=معطر جسم أو بودي مست,approved,explicit body mist/splash,2026-08-02T07:33:46Z,ready,proposed_child,NO,NO,NO
ARD-4699,4699,سولارا بودي مست مدنايت اسكيب 90 مل,Volare,90 مل,6000,معطر جسم أو بودي مست,معطرات الجسم والبودي مست,high,معطرات الجسم والبودي مست,body-mist-splash,high,explicit body mist/splash,name=سولارا بودي مست مدنايت اسكيب 90 مل; product_type=معطر جسم أو بودي مست,approved,explicit body mist/splash,2026-08-02T07:33:46Z,ready,proposed_child,NO,NO,NO
ARD-4700,4700,سولارا بودي مست بيستاشيو فرينزي 90 مل,Volare,90 مل,6000,معطر جسم أو بودي مست,معطرات الجسم والبودي مست,high,معطرات الجسم والبودي مست,body-mist-splash,high,explicit body mist/splash,name=سولارا بودي مست بيستاشيو فرينزي 90 مل; product_type=معطر جسم أو بودي مست,approved,explicit body mist/splash,2026-08-02T07:33:46Z,ready,proposed_child,NO,NO,NO
ARD-4701,4701,سولارا بودي مست سنرايز امبر 90 مل,Volare,90 مل,6000,معطر جسم أو بودي مست,معطرات الجسم والبودي مست,high,معطرات الجسم والبودي مست,body-mist-splash,high,explicit body mist/splash,name=سولارا بودي مست سنرايز امبر 90 مل; product_type=معطر جسم أو بودي مست,approved,explicit body mist/splash,2026-08-02T07:33:46Z,ready,proposed_child,NO,NO,NO
ARD-4702,4702,سولارا بودي مست تروبيكال بلوم 90 مل,Volare,90 مل,6000,معطر جسم أو بودي مست,معطرات الجسم والبودي مست,high,معطرات الجسم والبودي مست,body-mist-splash,high,explicit body mist/splash,name=سولارا بودي مست تروبيكال بلوم 90 مل; product_type=معطر جسم أو بودي مست,approved,explicit body mist/splash,2026-08-02T07:33:46Z,ready,proposed_child,NO,NO,NO
ARD-1414,1414,عطر شعر 50 مل بيلزا,Sublime,50 مل,8000,عطر شعر,العناية بالشعر وعطور الشعر,high,العناية بالشعر وعطور الشعر,hair-care-fragrance,high,explicit hair fragrance,name=عطر شعر 50 مل بيلزا; product_type=عطر شعر,approved,explicit hair fragrance,2026-08-02T07:33:46Z,ready,proposed_child,NO,NO,NO
ARD-1415,1415,عطر شعر 50 مل باشيون,Sublime,50 مل,8000,عطر شعر,العناية بالشعر وعطور الشعر,high,العناية بالشعر وعطور الشعر,hair-care-fragrance,high,explicit hair fragrance,name=عطر شعر 50 مل باشيون; product_type=عطر شعر,approved,explicit hair fragrance,2026-08-02T07:33:46Z,ready,proposed_child,NO,NO,NO
ARD-1416,1416,عطر شعر 50 مل فيرونا,Sublime,50 مل,8000,عطر شعر,العناية بالشعر وعطور الشعر,high,العناية بالشعر وعطور الشعر,hair-care-fragrance,high,explicit hair fragrance,name=عطر شعر 50 مل فيرونا; product_type=عطر شعر,approved,explicit hair fragrance,2026-08-02T07:33:46Z,ready,proposed_child,NO,NO,NO
ARD-1421,1421,عطر شعر 50 مل / اكسيتنك,Sublime,50 مل,8000,عطر شعر,العناية بالشعر وعطور الشعر,high,العناية بالشعر وعطور الشعر,hair-care-fragrance,high,explicit hair fragrance,name=عطر شعر 50 مل / اكسيتنك; product_type=عطر شعر,approved,explicit hair fragrance,2026-08-02T07:33:46Z,ready,proposed_child,NO,NO,NO
ARD-1422,1422,عطر شعر 50 مل / بلوسوم,Sublime,50 مل,8000,عطر شعر,العناية بالشعر وعطور الشعر,high,العناية بالشعر وعطور الشعر,hair-care-fragrance,high,explicit hair fragrance,name=عطر شعر 50 مل / بلوسوم; product_type=عطر شعر,approved,explicit hair fragrance,2026-08-02T07:33:46Z,ready,proposed_child,NO,NO,NO
ARD-1423,1423,عطر شعر 50 مل / بينك لوف,Sublime,50 مل,8000,عطر شعر,العناية بالشعر وعطور الشعر,high,العناية بالشعر وعطور الشعر,hair-care-fragrance,high,explicit hair fragrance,name=عطر شعر 50 مل / بينك لوف; product_type=عطر شعر,approved,explicit hair fragrance,2026-08-02T07:33:46Z,ready,proposed_child,NO,NO,NO
ARD-1424,1424,عطر شعر 50 مل / سينورا,Sublime,50 مل,8000,عطر شعر,العناية بالشعر وعطور الشعر,high,العناية بالشعر وعطور الشعر,hair-care-fragrance,high,explicit hair fragrance,name=عطر شعر 50 مل / سينورا; product_type=عطر شعر,approved,explicit hair fragrance,2026-08-02T07:33:46Z,ready,proposed_child,NO,NO,NO
ARD-1425,1425,عطر شعر 50 مل / بلاك كرستال,Sublime,50 مل,8000,عطر شعر,العناية بالشعر وعطور الشعر,high,العناية بالشعر وعطور الشعر,hair-care-fragrance,high,explicit hair fragrance,name=عطر شعر 50 مل / بلاك كرستال; product_type=عطر شعر,approved,explicit hair fragrance,2026-08-02T07:33:46Z,ready,proposed_child,NO,NO,NO
ARD-1426,1426,عطر شعر 50 مل / جورجيوس,Sublime,50 مل,8000,عطر شعر,العناية بالشعر وعطور الشعر,high,العناية بالشعر وعطور الشعر,hair-care-fragrance,high,explicit hair fragrance,name=عطر شعر 50 مل / جورجيوس; product_type=عطر شعر,approved,explicit hair fragrance,2026-08-02T07:33:46Z,ready,proposed_child,NO,NO,NO
ARD-1482,1482,عطر كرافيتي سابفاير,Sublime,,27000,عطر,العطور,high,العطور,perfumes,high,standard perfume,name=عطر كرافيتي سابفاير; product_type=عطر,approved,standard perfume,2026-08-02T07:33:46Z,ready,proposed_child,NO,NO,NO
ARD-1483,1483,عطر كرافيتي اكستريم,Sublime,,27000,عطر,العطور,high,العطور,perfumes,high,standard perfume,name=عطر كرافيتي اكستريم; product_type=عطر,approved,standard perfume,2026-08-02T07:33:46Z,ready,proposed_child,NO,NO,NO
ARD-1484,1484,عطر كرافيتي انتينس,Sublime,,27000,عطر,العطور,high,العطور,perfumes,high,standard perfume,name=عطر كرافيتي انتينس; product_type=عطر,approved,standard perfume,2026-08-02T07:33:46Z,ready,proposed_child,NO,NO,NO
ARD-1486,1486,عطر بريشيوس اميرلند,Sublime,,29000,عطر,العطور,high,العطور,perfumes,high,standard perfume,name=عطر بريشيوس اميرلند; product_type=عطر,approved,standard perfume,2026-08-02T07:33:46Z,ready,proposed_child,NO,NO,NO
ARD-1487,1487,عطر بريشيوس نوير,Sublime,,29000,عطر,العطور,high,العطور,perfumes,high,standard perfume,name=عطر بريشيوس نوير; product_type=عطر,approved,standard perfume,2026-08-02T07:33:46Z,ready,proposed_child,NO,NO,NO
ARD-1488,1488,عطر بريشيوس روج,Sublime,,29000,عطر,العطور,high,العطور,perfumes,high,standard perfume,name=عطر بريشيوس روج; product_type=عطر,approved,standard perfume,2026-08-02T07:33:46Z,ready,proposed_child,NO,NO,NO
ARD-1559,1559,عطر افيكشن فيولا,Sublime,,27000,عطر,العطور,high,العطور,perfumes,high,standard perfume,name=عطر افيكشن فيولا; product_type=عطر,approved,standard perfume,2026-08-02T07:33:46Z,ready,proposed_child,NO,NO,NO
ARD-1658,1658,عطر افيكشن نايت,Sublime,,27000,عطر,العطور,high,العطور,perfumes,high,standard perfume,name=عطر افيكشن نايت; product_type=عطر,approved,standard perfume,2026-08-02T07:33:46Z,ready,proposed_child,NO,NO,NO
ARD-1659,1659,عطر افيكشن اليكسير,Sublime,,27000,عطر,العطور,high,العطور,perfumes,high,standard perfume,name=عطر افيكشن اليكسير; product_type=عطر,approved,standard perfume,2026-08-02T07:33:46Z,ready,proposed_child,NO,NO,NO
ARD-1660,1660,عطر بافاريا روج,Sublime,,27000,عطر,العطور,high,العطور,perfumes,high,standard perfume,name=عطر بافاريا روج; product_type=عطر,approved,standard perfume,2026-08-02T07:33:46Z,ready,proposed_child,NO,NO,NO
ARD-1661,1661,عطر بافاريا نوير,Sublime,,27000,عطر,العطور,high,العطور,perfumes,high,standard perfume,name=عطر بافاريا نوير; product_type=عطر,approved,standard perfume,2026-08-02T07:33:46Z,ready,proposed_child,NO,NO,NO
ARD-1667,1667,عطر بافاريا روزا,Sublime,,27000,عطر,العطور,high,العطور,perfumes,high,standard perfume,name=عطر بافاريا روزا; product_type=عطر,approved,standard perfume,2026-08-02T07:33:46Z,ready,proposed_child,NO,NO,NO
ARD-1668,1668,عطر بافاريا بيور,Sublime,,27000,عطر,العطور,high,العطور,perfumes,high,standard perfume,name=عطر بافاريا بيور; product_type=عطر,approved,standard perfume,2026-08-02T07:33:46Z,ready,proposed_child,NO,NO,NO
ARD-1669,1669,عطر بافاريا بلانك,Sublime,,27000,عطر,العطور,high,العطور,perfumes,high,standard perfume,name=عطر بافاريا بلانك; product_type=عطر,approved,standard perfume,2026-08-02T07:33:46Z,ready,proposed_child,NO,NO,NO
ARD-1995,1995,عطر هافانا توباكو 100 مل,Sublime,100 مل,28000,عطر,العطور,high,العطور,perfumes,high,standard perfume,name=عطر هافانا توباكو 100 مل; product_type=عطر,approved,standard perfume,2026-08-02T07:33:46Z,ready,proposed_child,NO,NO,NO
ARD-2019,2019,عطر بيوند اكستريم بلو,Sublime,,31000,عطر,العطور,high,العطور,perfumes,high,standard perfume,name=عطر بيوند اكستريم بلو; product_type=عطر,approved,standard perfume,2026-08-02T07:33:46Z,ready,proposed_child,NO,NO,NO
ARD-2035,2035,عطر انفينيتي نوير 100 مل,Sublime,100 مل,22000,عطر,العطور,high,العطور,perfumes,high,standard perfume,name=عطر انفينيتي نوير 100 مل; product_type=عطر,approved,standard perfume,2026-08-02T07:33:46Z,ready,proposed_child,NO,NO,NO
ARD-2040,2040,عطر انفينيتي بلانك 100 مل,Sublime,100 مل,22000,عطر,العطور,high,العطور,perfumes,high,standard perfume,name=عطر انفينيتي بلانك 100 مل; product_type=عطر,approved,standard perfume,2026-08-02T07:33:46Z,ready,proposed_child,NO,NO,NO
ARD-2047,2047,عطر انفينيتي روج 100 مل,Sublime,100 مل,22000,عطر,العطور,high,العطور,perfumes,high,standard perfume,name=عطر انفينيتي روج 100 مل; product_type=عطر,approved,standard perfume,2026-08-02T07:33:46Z,ready,proposed_child,NO,NO,NO
ARD-2048,2048,عطر سرفايف نسائي 100 مل,Sublime,100 مل,25000,عطر,العطور,high,العطور,perfumes,high,standard perfume,name=عطر سرفايف نسائي 100 مل; product_type=عطر,approved,standard perfume,2026-08-02T07:33:46Z,ready,proposed_child,NO,NO,NO
ARD-2424,2424,عطر ديفا روما 100 مل,Sublime,100 مل,23000,عطر,العطور,high,العطور,perfumes,high,standard perfume,name=عطر ديفا روما 100 مل; product_type=عطر,approved,standard perfume,2026-08-02T07:33:46Z,ready,proposed_child,NO,NO,NO
ARD-2469,2469,عطر التميت اديشن 100 مل,Sublime,100 مل,20000,عطر,العطور,high,العطور,perfumes,high,standard perfume,name=عطر التميت اديشن 100 مل; product_type=عطر,approved,standard perfume,2026-08-02T07:33:46Z,ready,proposed_child,NO,NO,NO
ARD-2524,2524,عطر مون جيري 60 مل,Sublime,60 مل,17000,عطر,العطور,high,العطور,perfumes,high,standard perfume,name=عطر مون جيري 60 مل; product_type=عطر,approved,standard perfume,2026-08-02T07:33:46Z,ready,proposed_child,NO,NO,NO
ARD-2584,2584,عطر مادونا 100 مل,Sublime,100 مل,20000,عطر,العطور,high,العطور,perfumes,high,standard perfume,name=عطر مادونا 100 مل; product_type=عطر,approved,standard perfume,2026-08-02T07:33:46Z,ready,proposed_child,NO,NO,NO
ARD-2631,2631,عطر سمر بيجس 60 مل,Sublime,60 مل,18000,عطر,العطور,high,العطور,perfumes,high,standard perfume,name=عطر سمر بيجس 60 مل; product_type=عطر,approved,standard perfume,2026-08-02T07:33:46Z,ready,proposed_child,NO,NO,NO
ARD-2727,2727,عطر اوبلينت ايسنس 100 مل,Sublime,100 مل,23000,عطر,العطور,high,العطور,perfumes,high,standard perfume,name=عطر اوبلينت ايسنس 100 مل; product_type=عطر,approved,standard perfume,2026-08-02T07:33:46Z,ready,proposed_child,NO,NO,NO
ARD-2823,2823,عطر ميدورا فيلور 80 مل,Sublime,80 مل,45000,عطر,العطور,high,العطور,perfumes,high,standard perfume,name=عطر ميدورا فيلور 80 مل; product_type=عطر,approved,standard perfume,2026-08-02T07:33:46Z,ready,proposed_child,NO,NO,NO
ARD-2824,2824,عطر ميدورا باشون 80 مل,Sublime,80 مل,45000,عطر,العطور,high,العطور,perfumes,high,standard perfume,name=عطر ميدورا باشون 80 مل; product_type=عطر,approved,standard perfume,2026-08-02T07:33:46Z,ready,proposed_child,NO,NO,NO
ARD-2877,2877,عطر ميدورا اكورد 80 مل,Sublime,80 مل,45000,عطر,العطور,high,العطور,perfumes,high,standard perfume,name=عطر ميدورا اكورد 80 مل; product_type=عطر,approved,standard perfume,2026-08-02T07:33:46Z,ready,proposed_child,NO,NO,NO
ARD-2878,2878,عطر ميدورا مدنايت 80 مل,Sublime,80 مل,45000,عطر,العطور,high,العطور,perfumes,high,standard perfume,name=عطر ميدورا مدنايت 80 مل; product_type=عطر,approved,standard perfume,2026-08-02T07:33:46Z,ready,proposed_child,NO,NO,NO
ARD-3072,3072,عطر روز بوتيون 100 مل,Sublime,100 مل,23000,عطر,العطور,high,العطور,perfumes,high,standard perfume,name=عطر روز بوتيون 100 مل; product_type=عطر,approved,standard perfume,2026-08-02T07:33:46Z,ready,proposed_child,NO,NO,NO
ARD-3086,3086,عطر اردينت بروفومو 100 مل,Sublime,100 مل,12000,عطر,العطور,high,العطور,perfumes,high,standard perfume,name=عطر اردينت بروفومو 100 مل; product_type=عطر,approved,standard perfume,2026-08-02T07:33:46Z,ready,proposed_child,NO,NO,NO
ARD-3089,3089,عطر ان تايم روج 100 مل,Sublime,100 مل,13000,عطر,العطور,high,العطور,perfumes,high,standard perfume,name=عطر ان تايم روج 100 مل; product_type=عطر,approved,standard perfume,2026-08-02T07:33:46Z,ready,proposed_child,NO,NO,NO
ARD-3090,3090,عطر كولد انسينس 100 مل,Sublime,100 مل,12000,عطر,العطور,high,العطور,perfumes,high,standard perfume,name=عطر كولد انسينس 100 مل; product_type=عطر,approved,standard perfume,2026-08-02T07:33:46Z,ready,proposed_child,NO,NO,NO
ARD-3116,3116,عطر لمبولسو بور فيم,Sublime,,13000,عطر,العطور,high,العطور,perfumes,high,standard perfume,name=عطر لمبولسو بور فيم; product_type=عطر,approved,standard perfume,2026-08-02T07:33:46Z,ready,proposed_child,NO,NO,NO
ARD-3122,3122,عطر بيلي دي نوت 100 مل,Sublime,100 مل,22000,عطر,العطور,high,العطور,perfumes,high,standard perfume,name=عطر بيلي دي نوت 100 مل; product_type=عطر,approved,standard perfume,2026-08-02T07:33:46Z,ready,proposed_child,NO,NO,NO
ARD-3234,3234,عطر سولير هوم 100 مل,Sublime,100 مل,17000,عطر,العطور,high,العطور,perfumes,high,standard perfume,name=عطر سولير هوم 100 مل; product_type=عطر,approved,standard perfume,2026-08-02T07:33:46Z,ready,proposed_child,NO,NO,NO
ARD-3235,3235,عطر غرايس دي باريس 100 مل,Sublime,100 مل,13000,عطر,العطور,high,العطور,perfumes,high,standard perfume,name=عطر غرايس دي باريس 100 مل; product_type=عطر,approved,standard perfume,2026-08-02T07:33:46Z,ready,proposed_child,NO,NO,NO
ARD-3251,3251,عطر سولين 100 مل,Sublime,100 مل,11000,عطر,العطور,high,العطور,perfumes,high,standard perfume,name=عطر سولين 100 مل; product_type=عطر,approved,standard perfume,2026-08-02T07:33:46Z,ready,proposed_child,NO,NO,NO
ARD-3267,3267,عطر ماي روز 100 مل,Sublime,100 مل,12000,عطر,العطور,high,العطور,perfumes,high,standard perfume,name=عطر ماي روز 100 مل; product_type=عطر,approved,standard perfume,2026-08-02T07:33:46Z,ready,proposed_child,NO,NO,NO
ARD-3269,3269,عطر اوبتما نوير بور هوم 100 مل,Sublime,100 مل,12000,عطر,العطور,high,العطور,perfumes,high,standard perfume,name=عطر اوبتما نوير بور هوم 100 مل; product_type=عطر,approved,standard perfume,2026-08-02T07:33:46Z,ready,proposed_child,NO,NO,NO
ARD-3292,3292,عطر امباكت انتنس هوم 100 مل,Sublime,100 مل,12000,عطر,العطور,high,العطور,perfumes,high,standard perfume,name=عطر امباكت انتنس هوم 100 مل; product_type=عطر,approved,standard perfume,2026-08-02T07:33:46Z,ready,proposed_child,NO,NO,NO
ARD-3293,3293,عطر نوفا روج 100 مل,Sublime,100 مل,12000,عطر,العطور,high,العطور,perfumes,high,standard perfume,name=عطر نوفا روج 100 مل; product_type=عطر,approved,standard perfume,2026-08-02T07:33:46Z,ready,proposed_child,NO,NO,NO
ARD-3371,3371,عطر غراشيوس 100 مل,Sublime,100 مل,12000,عطر,العطور,high,العطور,perfumes,high,standard perfume,name=عطر غراشيوس 100 مل; product_type=عطر,approved,standard perfume,2026-08-02T07:33:46Z,ready,proposed_child,NO,NO,NO
ARD-3398,3398,عطر فلفت بينك فيم 100 مل,Sublime,100 مل,12000,عطر,العطور,high,العطور,perfumes,high,standard perfume,name=عطر فلفت بينك فيم 100 مل; product_type=عطر,approved,standard perfume,2026-08-02T07:33:46Z,ready,proposed_child,NO,NO,NO
ARD-3400,3400,عطر جورجيوس كيل 100 مل,Sublime,100 مل,12000,عطر,العطور,high,العطور,perfumes,high,standard perfume,name=عطر جورجيوس كيل 100 مل; product_type=عطر,approved,standard perfume,2026-08-02T07:33:46Z,ready,proposed_child,NO,NO,NO
ARD-3471,3471,عطر بيلوفد انتنس 100 مل,Sublime,100 مل,12000,عطر,العطور,high,العطور,perfumes,high,standard perfume,name=عطر بيلوفد انتنس 100 مل; product_type=عطر,approved,standard perfume,2026-08-02T07:33:46Z,ready,proposed_child,NO,NO,NO
ARD-3482,3482,عطر لوف بوتن 100 مل,Sublime,100 مل,18000,عطر,العطور,high,العطور,perfumes,high,standard perfume,name=عطر لوف بوتن 100 مل; product_type=عطر,approved,standard perfume,2026-08-02T07:33:46Z,ready,proposed_child,NO,NO,NO
ARD-3557,3557,عطر ميرامير 80 مل,Sublime,80 مل,15000,عطر,العطور,high,العطور,perfumes,high,standard perfume,name=عطر ميرامير 80 مل; product_type=عطر,approved,standard perfume,2026-08-02T07:33:46Z,ready,proposed_child,NO,NO,NO
ARD-3561,3561,عطر فلوير دي كوتون روج 100 مل,Sublime,100 مل,14000,عطر,العطور,high,العطور,perfumes,high,standard perfume,name=عطر فلوير دي كوتون روج 100 مل; product_type=عطر,approved,standard perfume,2026-08-02T07:33:46Z,ready,proposed_child,NO,NO,NO
ARD-3562,3562,عطر فلوير دي كوتون بلانك 100 مل,Sublime,100 مل,14000,عطر,العطور,high,العطور,perfumes,high,standard perfume,name=عطر فلوير دي كوتون بلانك 100 مل; product_type=عطر,approved,standard perfume,2026-08-02T07:33:46Z,ready,proposed_child,NO,NO,NO
ARD-3563,3563,عطر فلوير دي كوتون ديور 100 مل,Sublime,100 مل,14000,عطر,العطور,high,العطور,perfumes,high,standard perfume,name=عطر فلوير دي كوتون ديور 100 مل; product_type=عطر,approved,standard perfume,2026-08-02T07:33:46Z,ready,proposed_child,NO,NO,NO
ARD-3564,3564,عطر فلوير دي كوتون روز 100 مل,Sublime,100 مل,14000,عطر,العطور,high,العطور,perfumes,high,standard perfume,name=عطر فلوير دي كوتون روز 100 مل; product_type=عطر,approved,standard perfume,2026-08-02T07:33:46Z,ready,proposed_child,NO,NO,NO
ARD-3565,3565,عطر وايلد كرافت كولكشن / فيرلس 100 مل,Sublime,100 مل,16000,عطر,العطور,high,العطور,perfumes,high,standard perfume,name=عطر وايلد كرافت كولكشن / فيرلس 100 مل; product_type=عطر,approved,standard perfume,2026-08-02T07:33:46Z,ready,proposed_child,NO,NO,NO
ARD-3566,3566,عطر وايلد كرافت كولكشن / انتينستي 100 مل,Sublime,100 مل,16000,عطر,العطور,high,العطور,perfumes,high,standard perfume,name=عطر وايلد كرافت كولكشن / انتينستي 100 مل; product_type=عطر,approved,standard perfume,2026-08-02T07:33:46Z,ready,proposed_child,NO,NO,NO
ARD-3648,3648,عطر اوراكل بور فيم 100 مل,Sublime,100 مل,14000,عطر,العطور,high,العطور,perfumes,high,standard perfume,name=عطر اوراكل بور فيم 100 مل; product_type=عطر,approved,standard perfume,2026-08-02T07:33:46Z,ready,proposed_child,NO,NO,NO
ARD-3697,3697,عطر مدنايت باريس 100 مل,Sublime,100 مل,13000,عطر,العطور,high,العطور,perfumes,high,standard perfume,name=عطر مدنايت باريس 100 مل; product_type=عطر,approved,standard perfume,2026-08-02T07:33:46Z,ready,proposed_child,NO,NO,NO
ARD-4472,4472,عطر مايسترو جود مارتن 100 مل,Sublime,100 مل,21000,عطر,العطور,high,العطور,perfumes,high,standard perfume,name=عطر مايسترو جود مارتن 100 مل; product_type=عطر,approved,standard perfume,2026-08-02T07:33:46Z,ready,proposed_child,NO,NO,NO
ARD-4473,4473,عطر فريش جود مارتن 100 مل,Sublime,100 مل,21000,عطر,العطور,high,العطور,perfumes,high,standard perfume,name=عطر فريش جود مارتن 100 مل; product_type=عطر,approved,standard perfume,2026-08-02T07:33:46Z,ready,proposed_child,NO,NO,NO
ARD-4474,4474,عطر بلو وايفز جود مارتن 100 مل,Sublime,100 مل,21000,عطر,العطور,high,العطور,perfumes,high,standard perfume,name=عطر بلو وايفز جود مارتن 100 مل; product_type=عطر,approved,standard perfume,2026-08-02T07:33:46Z,ready,proposed_child,NO,NO,NO
ARD-4506,4506,عطر بلاك انتنس جود مارتن 100 مل,Sublime,100 مل,21000,عطر,العطور,high,العطور,perfumes,high,standard perfume,name=عطر بلاك انتنس جود مارتن 100 مل; product_type=عطر,approved,standard perfume,2026-08-02T07:33:46Z,ready,proposed_child,NO,NO,NO
ARD-1998,1998,عطر فرمونات باشون,غير محدد,,9000,عطر,العطور,high,العطور,perfumes,high,standard perfume,name=عطر فرمونات باشون; product_type=عطر,approved,standard perfume,2026-08-02T07:33:46Z,merchant_confirmation,proposed_child,NO,NO,YES
ARD-1999,1999,عطر فرمونات سو سويت,غير محدد,,9000,عطر,العطور,high,العطور,perfumes,high,standard perfume,name=عطر فرمونات سو سويت; product_type=عطر,approved,standard perfume,2026-08-02T07:33:46Z,merchant_confirmation,proposed_child,NO,NO,YES
ARD-2000,2000,عطر فرمونات نشوة,غير محدد,,9000,عطر,العطور,high,العطور,perfumes,high,standard perfume,name=عطر فرمونات نشوة; product_type=عطر,approved,standard perfume,2026-08-02T07:33:46Z,merchant_confirmation,proposed_child,NO,NO,YES
ARD-2002,2002,عطر فرمونات 30 مل اثارة,غير محدد,30 مل,10000,عطر صغير أو ميني,العطور الصغيرة والميني,medium,العطور الصغيرة والميني,mini-travel-perfume,high,perfume with size<=30ml,name=عطر فرمونات 30 مل اثارة; product_type=عطر صغير أو ميني,approved,perfume with size<=30ml,2026-08-02T07:33:46Z,merchant_confirmation,proposed_child,NO,NO,YES
ARD-2311,2311,معطر فراش سبليم / بريشيوس اميرلند 500 مل,Sublime,500 مل,9000,معطر مفارش,معطرات المنزل والمفارش والجو,high,معطرات المنزل والمفارش والجو,home-linen-air,high,explicit home fragrance,name=معطر فراش سبليم / بريشيوس اميرلند 500 مل; product_type=معطر مفارش,approved,explicit home fragrance,2026-08-02T07:33:46Z,ready,proposed_child,NO,NO,NO
ARD-2312,2312,معطر فراش سبليم / افيكشن فيولا 500 مل,Sublime,500 مل,9000,معطر مفارش,معطرات المنزل والمفارش والجو,high,معطرات المنزل والمفارش والجو,home-linen-air,high,explicit home fragrance,name=معطر فراش سبليم / افيكشن فيولا 500 مل; product_type=معطر مفارش,approved,explicit home fragrance,2026-08-02T07:33:46Z,ready,proposed_child,NO,NO,NO
ARD-2360,2360,معطر فراش بريشيوس روج 500 مل,Sublime,500 مل,9000,معطر مفارش,معطرات المنزل والمفارش والجو,high,معطرات المنزل والمفارش والجو,home-linen-air,high,explicit home fragrance,name=معطر فراش بريشيوس روج 500 مل; product_type=معطر مفارش,approved,explicit home fragrance,2026-08-02T07:33:46Z,ready,proposed_child,NO,NO,NO
ARD-2361,2361,معطر فراش بريشيوس نوير 500 مل,Sublime,500 مل,9000,معطر مفارش,معطرات المنزل والمفارش والجو,high,معطرات المنزل والمفارش والجو,home-linen-air,high,explicit home fragrance,name=معطر فراش بريشيوس نوير 500 مل; product_type=معطر مفارش,approved,explicit home fragrance,2026-08-02T07:33:46Z,ready,proposed_child,NO,NO,NO
ARD-2480,2480,معطر جسم افيكشن فيولا 200 مل,Sublime,200 مل,3000,معطر جسم أو بودي مست,معطرات الجسم والبودي مست,high,معطرات الجسم والبودي مست,body-mist-splash,high,explicit body mist/splash,name=معطر جسم افيكشن فيولا 200 مل; product_type=معطر جسم أو بودي مست,approved,explicit body mist/splash,2026-08-02T07:33:46Z,ready,proposed_child,NO,NO,NO
ARD-2481,2481,معطر جسم بافاريا روج 200 مل,Sublime,200 مل,3000,معطر جسم أو بودي مست,معطرات الجسم والبودي مست,high,معطرات الجسم والبودي مست,body-mist-splash,high,explicit body mist/splash,name=معطر جسم بافاريا روج 200 مل; product_type=معطر جسم أو بودي مست,approved,explicit body mist/splash,2026-08-02T07:33:46Z,ready,proposed_child,NO,NO,NO
ARD-2482,2482,معطر جسم كرافيتي اكستريم 200 مل,Sublime,200 مل,3000,معطر جسم أو بودي مست,معطرات الجسم والبودي مست,high,معطرات الجسم والبودي مست,body-mist-splash,high,explicit body mist/splash,name=معطر جسم كرافيتي اكستريم 200 مل; product_type=معطر جسم أو بودي مست,approved,explicit body mist/splash,2026-08-02T07:33:46Z,ready,proposed_child,NO,NO,NO
ARD-2483,2483,معطر جسم كرافيتي انتنس 200 مل,Sublime,200 مل,3000,معطر جسم أو بودي مست,معطرات الجسم والبودي مست,high,معطرات الجسم والبودي مست,body-mist-splash,high,explicit body mist/splash,name=معطر جسم كرافيتي انتنس 200 مل; product_type=معطر جسم أو بودي مست,approved,explicit body mist/splash,2026-08-02T07:33:46Z,ready,proposed_child,NO,NO,NO
ARD-2484,2484,معطر جسم كرافيتي سابفاير 200 مل,Sublime,200 مل,3000,معطر جسم أو بودي مست,معطرات الجسم والبودي مست,high,معطرات الجسم والبودي مست,body-mist-splash,high,explicit body mist/splash,name=معطر جسم كرافيتي سابفاير 200 مل; product_type=معطر جسم أو بودي مست,approved,explicit body mist/splash,2026-08-02T07:33:46Z,ready,proposed_child,NO,NO,NO
ARD-2485,2485,معطر جسم انفينتي روج 200 مل,Sublime,200 مل,3000,معطر جسم أو بودي مست,معطرات الجسم والبودي مست,high,معطرات الجسم والبودي مست,body-mist-splash,high,explicit body mist/splash,name=معطر جسم انفينتي روج 200 مل; product_type=معطر جسم أو بودي مست,approved,explicit body mist/splash,2026-08-02T07:33:46Z,ready,proposed_child,NO,NO,NO
ARD-2486,2486,معطر جسم مادونا 200 مل,Sublime,200 مل,3000,معطر جسم أو بودي مست,معطرات الجسم والبودي مست,high,معطرات الجسم والبودي مست,body-mist-splash,high,explicit body mist/splash,name=معطر جسم مادونا 200 مل; product_type=معطر جسم أو بودي مست,approved,explicit body mist/splash,2026-08-02T07:33:46Z,ready,proposed_child,NO,NO,NO
ARD-2487,2487,معطر جسم اوبلنت ايسنس 200 مل,Sublime,200 مل,3000,معطر جسم أو بودي مست,معطرات الجسم والبودي مست,high,معطرات الجسم والبودي مست,body-mist-splash,high,explicit body mist/splash,name=معطر جسم اوبلنت ايسنس 200 مل; product_type=معطر جسم أو بودي مست,approved,explicit body mist/splash,2026-08-02T07:33:46Z,ready,proposed_child,NO,NO,NO
ARD-2488,2488,معطر جسم برشيوس اميرلند 200 مل,Sublime,200 مل,3000,معطر جسم أو بودي مست,معطرات الجسم والبودي مست,high,معطرات الجسم والبودي مست,body-mist-splash,high,explicit body mist/splash,name=معطر جسم برشيوس اميرلند 200 مل; product_type=معطر جسم أو بودي مست,approved,explicit body mist/splash,2026-08-02T07:33:46Z,ready,proposed_child,NO,NO,NO
ARD-2489,2489,معطر جسم بريشيوس نوير 200 مل,Sublime,200 مل,3000,معطر جسم أو بودي مست,معطرات الجسم والبودي مست,high,معطرات الجسم والبودي مست,body-mist-splash,high,explicit body mist/splash,name=معطر جسم بريشيوس نوير 200 مل; product_type=معطر جسم أو بودي مست,approved,explicit body mist/splash,2026-08-02T07:33:46Z,ready,proposed_child,NO,NO,NO
ARD-2490,2490,معطر جسم بريشيوس روج 200 مل,Sublime,200 مل,3000,معطر جسم أو بودي مست,معطرات الجسم والبودي مست,high,معطرات الجسم والبودي مست,body-mist-splash,high,explicit body mist/splash,name=معطر جسم بريشيوس روج 200 مل; product_type=معطر جسم أو بودي مست,approved,explicit body mist/splash,2026-08-02T07:33:46Z,ready,proposed_child,NO,NO,NO
ARD-2491,2491,معطر جسم التميت اديشن 200 مل,Sublime,200 مل,3000,معطر جسم أو بودي مست,معطرات الجسم والبودي مست,high,معطرات الجسم والبودي مست,body-mist-splash,high,explicit body mist/splash,name=معطر جسم التميت اديشن 200 مل; product_type=معطر جسم أو بودي مست,approved,explicit body mist/splash,2026-08-02T07:33:46Z,ready,proposed_child,NO,NO,NO
ARD-2849,2849,عطر PBI ابسلوت فابيولوس 100 مل,BPI,100 مل,17000,عطر,العطور,high,العطور,perfumes,high,standard perfume,name=عطر PBI ابسلوت فابيولوس 100 مل; product_type=عطر,approved,standard perfume,2026-08-02T07:33:46Z,ready,proposed_child,NO,NO,NO
ARD-2850,2850,عطر PBI رويال عود 100 مل,BPI,100 مل,17000,عطر,العطور,high,العطور,perfumes,high,standard perfume,name=عطر PBI رويال عود 100 مل; product_type=عطر,approved,standard perfume,2026-08-02T07:33:46Z,ready,proposed_child,NO,NO,NO
ARD-2851,2851,عطر PBI كريت افينيو 100 مل,BPI,100 مل,17000,عطر,العطور,high,العطور,perfumes,high,standard perfume,name=عطر PBI كريت افينيو 100 مل; product_type=عطر,approved,standard perfume,2026-08-02T07:33:46Z,ready,proposed_child,NO,NO,NO
ARD-2852,2852,عطر PBI لذر عود انتنس 100 مل,BPI,100 مل,17000,عطر,العطور,high,العطور,perfumes,high,standard perfume,name=عطر PBI لذر عود انتنس 100 مل; product_type=عطر,approved,standard perfume,2026-08-02T07:33:46Z,ready,proposed_child,NO,NO,NO
ARD-2853,2853,عطر PBI كريك 100 مل,BPI,100 مل,17000,عطر,العطور,high,العطور,perfumes,high,standard perfume,name=عطر PBI كريك 100 مل; product_type=عطر,approved,standard perfume,2026-08-02T07:33:46Z,ready,proposed_child,NO,NO,NO
ARD-2854,2854,عطر PBI فيرتو مان 100 مل,BPI,100 مل,17000,عطر,العطور,high,العطور,perfumes,high,standard perfume,name=عطر PBI فيرتو مان 100 مل; product_type=عطر,approved,standard perfume,2026-08-02T07:33:46Z,ready,proposed_child,NO,NO,NO
ARD-2855,2855,عطر PBI ايدلي داي 100 مل,BPI,100 مل,17000,عطر,العطور,high,العطور,perfumes,high,standard perfume,name=عطر PBI ايدلي داي 100 مل; product_type=عطر,approved,standard perfume,2026-08-02T07:33:46Z,ready,proposed_child,NO,NO,NO
ARD-2856,2856,عطر PBI كولدن بوكيت 100 مل,BPI,100 مل,17000,عطر,العطور,high,العطور,perfumes,high,standard perfume,name=عطر PBI كولدن بوكيت 100 مل; product_type=عطر,approved,standard perfume,2026-08-02T07:33:46Z,ready,proposed_child,NO,NO,NO
ARD-2857,2857,عطر PBI امبيري 100 مل,BPI,100 مل,17000,عطر,العطور,high,العطور,perfumes,high,standard perfume,name=عطر PBI امبيري 100 مل; product_type=عطر,approved,standard perfume,2026-08-02T07:33:46Z,ready,proposed_child,NO,NO,NO
ARD-2858,2858,عطر PBI فيفانز تركواز دريم 100 مل,BPI,100 مل,17000,عطر,العطور,high,العطور,perfumes,high,standard perfume,name=عطر PBI فيفانز تركواز دريم 100 مل; product_type=عطر,approved,standard perfume,2026-08-02T07:33:46Z,ready,proposed_child,NO,NO,NO
ARD-2859,2859,عطر PBI ماي باريس 100 مل,BPI,100 مل,17000,عطر,العطور,high,العطور,perfumes,high,standard perfume,name=عطر PBI ماي باريس 100 مل; product_type=عطر,approved,standard perfume,2026-08-02T07:33:46Z,ready,proposed_child,NO,NO,NO
ARD-2860,2860,عطر PBI انتر روج 100 مل,BPI,100 مل,17000,عطر,العطور,high,العطور,perfumes,high,standard perfume,name=عطر PBI انتر روج 100 مل; product_type=عطر,approved,standard perfume,2026-08-02T07:33:46Z,ready,proposed_child,NO,NO,NO
ARD-3074,3074,معطر جسم PBI / 250 مل / Amaze,BPI,250 مل,4000,معطر جسم أو بودي مست,معطرات الجسم والبودي مست,high,معطرات الجسم والبودي مست,body-mist-splash,high,explicit body mist/splash,name=معطر جسم PBI / 250 مل / Amaze; product_type=معطر جسم أو بودي مست,approved,explicit body mist/splash,2026-08-02T07:33:46Z,ready,proposed_child,NO,NO,NO
ARD-3075,3075,معطر جسم PBI / 250 مل / blanca,BPI,250 مل,4000,معطر جسم أو بودي مست,معطرات الجسم والبودي مست,high,معطرات الجسم والبودي مست,body-mist-splash,high,explicit body mist/splash,name=معطر جسم PBI / 250 مل / blanca; product_type=معطر جسم أو بودي مست,approved,explicit body mist/splash,2026-08-02T07:33:46Z,ready,proposed_child,NO,NO,NO
ARD-3076,3076,معطر جسم PBI / 250 مل / Bliss,BPI,250 مل,4000,معطر جسم أو بودي مست,معطرات الجسم والبودي مست,high,معطرات الجسم والبودي مست,body-mist-splash,high,explicit body mist/splash,name=معطر جسم PBI / 250 مل / Bliss; product_type=معطر جسم أو بودي مست,approved,explicit body mist/splash,2026-08-02T07:33:46Z,ready,proposed_child,NO,NO,NO
ARD-3077,3077,معطر جسم PBI / 250 مل / Bloom,BPI,250 مل,4000,معطر جسم أو بودي مست,معطرات الجسم والبودي مست,high,معطرات الجسم والبودي مست,body-mist-splash,high,explicit body mist/splash,name=معطر جسم PBI / 250 مل / Bloom; product_type=معطر جسم أو بودي مست,approved,explicit body mist/splash,2026-08-02T07:33:46Z,ready,proposed_child,NO,NO,NO
ARD-3078,3078,معطر جسم PBI / 250 مل / Delight,BPI,250 مل,4000,معطر جسم أو بودي مست,معطرات الجسم والبودي مست,high,معطرات الجسم والبودي مست,body-mist-splash,high,explicit body mist/splash,name=معطر جسم PBI / 250 مل / Delight; product_type=معطر جسم أو بودي مست,approved,explicit body mist/splash,2026-08-02T07:33:46Z,ready,proposed_child,NO,NO,NO
ARD-3079,3079,معطر جسم PBI / 250 مل / Jasmine,BPI,250 مل,4000,معطر جسم أو بودي مست,معطرات الجسم والبودي مست,high,معطرات الجسم والبودي مست,body-mist-splash,high,explicit body mist/splash,name=معطر جسم PBI / 250 مل / Jasmine; product_type=معطر جسم أو بودي مست,approved,explicit body mist/splash,2026-08-02T07:33:46Z,ready,proposed_child,NO,NO,NO
ARD-3080,3080,معطر جسم PBI / 250 مل / Paradise,BPI,250 مل,4000,معطر جسم أو بودي مست,معطرات الجسم والبودي مست,high,معطرات الجسم والبودي مست,body-mist-splash,high,explicit body mist/splash,name=معطر جسم PBI / 250 مل / Paradise; product_type=معطر جسم أو بودي مست,approved,explicit body mist/splash,2026-08-02T07:33:46Z,ready,proposed_child,NO,NO,NO
ARD-3081,3081,معطر جسم PBI / 250 مل / Rouge,BPI,250 مل,4000,معطر جسم أو بودي مست,معطرات الجسم والبودي مست,high,معطرات الجسم والبودي مست,body-mist-splash,high,explicit body mist/splash,name=معطر جسم PBI / 250 مل / Rouge; product_type=معطر جسم أو بودي مست,approved,explicit body mist/splash,2026-08-02T07:33:46Z,ready,proposed_child,NO,NO,NO
ARD-3082,3082,معطر جسم PBI / 250 مل / Trendy,BPI,250 مل,4000,معطر جسم أو بودي مست,معطرات الجسم والبودي مست,high,معطرات الجسم والبودي مست,body-mist-splash,high,explicit body mist/splash,name=معطر جسم PBI / 250 مل / Trendy; product_type=معطر جسم أو بودي مست,approved,explicit body mist/splash,2026-08-02T07:33:46Z,ready,proposed_child,NO,NO,NO
ARD-3083,3083,معطر جسم PBI / 250 مل / Tropical,BPI,250 مل,4000,معطر جسم أو بودي مست,معطرات الجسم والبودي مست,high,معطرات الجسم والبودي مست,body-mist-splash,high,explicit body mist/splash,name=معطر جسم PBI / 250 مل / Tropical; product_type=معطر جسم أو بودي مست,approved,explicit body mist/splash,2026-08-02T07:33:46Z,ready,proposed_child,NO,NO,NO
ARD-3095,3095,سبلاش سكاي هاي 250 مل,Sublime,250 مل,4000,معطر جسم أو بودي مست,معطرات الجسم والبودي مست,high,معطرات الجسم والبودي مست,body-mist-splash,high,explicit body mist/splash,name=سبلاش سكاي هاي 250 مل; product_type=معطر جسم أو بودي مست,approved,explicit body mist/splash,2026-08-02T07:33:46Z,ready,proposed_child,NO,NO,NO
ARD-3100,3100,سبلاش انجانتد ديستينيشن 250 مل,Sublime,250 مل,4000,معطر جسم أو بودي مست,معطرات الجسم والبودي مست,high,معطرات الجسم والبودي مست,body-mist-splash,high,explicit body mist/splash,name=سبلاش انجانتد ديستينيشن 250 مل; product_type=معطر جسم أو بودي مست,approved,explicit body mist/splash,2026-08-02T07:33:46Z,ready,proposed_child,NO,NO,NO
ARD-2709,2709,عطر زودياك راموس,Camara,,12000,عطر,العطور,high,العطور,perfumes,high,standard perfume,name=عطر زودياك راموس; product_type=عطر,approved,standard perfume,2026-08-02T07:33:46Z,ready,proposed_child,NO,NO,NO
ARD-2710,2710,عطر سينيوريتا فور هير,Camara,,12000,عطر,العطور,high,العطور,perfumes,high,standard perfume,name=عطر سينيوريتا فور هير; product_type=عطر,approved,standard perfume,2026-08-02T07:33:46Z,ready,proposed_child,NO,NO,NO
ARD-2712,2712,عطر ليريس سيدوسو بور فيم,Camara,,12000,عطر,العطور,high,العطور,perfumes,high,standard perfume,name=عطر ليريس سيدوسو بور فيم; product_type=عطر,approved,standard perfume,2026-08-02T07:33:46Z,ready,proposed_child,NO,NO,NO
ARD-2713,2713,عطر ليريس اوركيد نوير,Camara,,12000,عطر,العطور,high,العطور,perfumes,high,standard perfume,name=عطر ليريس اوركيد نوير; product_type=عطر,approved,standard perfume,2026-08-02T07:33:46Z,ready,proposed_child,NO,NO,NO
ARD-2714,2714,عطر زودياك ان بلو,Camara,,12000,عطر,العطور,high,العطور,perfumes,high,standard perfume,name=عطر زودياك ان بلو; product_type=عطر,approved,standard perfume,2026-08-02T07:33:46Z,ready,proposed_child,NO,NO,NO
ARD-2715,2715,عطر سينيوريتا ريد بلوسوم,Camara,,11000,عطر,العطور,high,العطور,perfumes,high,standard perfume,name=عطر سينيوريتا ريد بلوسوم; product_type=عطر,approved,standard perfume,2026-08-02T07:33:46Z,ready,proposed_child,NO,NO,NO
ARD-2717,2717,عطر ايفلوف بور فيم,Camara,,12000,عطر,العطور,high,العطور,perfumes,high,standard perfume,name=عطر ايفلوف بور فيم; product_type=عطر,approved,standard perfume,2026-08-02T07:33:46Z,ready,proposed_child,NO,NO,NO
ARD-2840,2840,عطر كونتاكت ومن 100 مل,Camara,100 مل,12000,عطر,العطور,high,العطور,perfumes,high,standard perfume,name=عطر كونتاكت ومن 100 مل; product_type=عطر,approved,standard perfume,2026-08-02T07:33:46Z,ready,proposed_child,NO,NO,NO
ARD-2841,2841,عطر تج ومن 100 مل,Camara,100 مل,12000,عطر,العطور,high,العطور,perfumes,high,standard perfume,name=عطر تج ومن 100 مل; product_type=عطر,approved,standard perfume,2026-08-02T07:33:46Z,ready,proposed_child,NO,NO,NO
ARD-2842,2842,عطر بوش دي ارابيا 100 مل,Camara,100 مل,12000,عطر,العطور,high,العطور,perfumes,high,standard perfume,name=عطر بوش دي ارابيا 100 مل; product_type=عطر,approved,standard perfume,2026-08-02T07:33:46Z,ready,proposed_child,NO,NO,NO
ARD-2843,2843,عطر بوش بودري 100 مل,Camara,100 مل,11000,عطر,العطور,high,العطور,perfumes,high,standard perfume,name=عطر بوش بودري 100 مل; product_type=عطر,approved,standard perfume,2026-08-02T07:33:46Z,ready,proposed_child,NO,NO,YES
ARD-2844,2844,عطر الدورادو افينيو 100 مل,Camara,100 مل,12000,عطر,العطور,high,العطور,perfumes,high,standard perfume,name=عطر الدورادو افينيو 100 مل; product_type=عطر,approved,standard perfume,2026-08-02T07:33:46Z,ready,proposed_child,NO,NO,NO
ARD-2845,2845,عطر الدورادو بلاك ليريس 100 مل,Camara,100 مل,12000,عطر,العطور,high,العطور,perfumes,high,standard perfume,name=عطر الدورادو بلاك ليريس 100 مل; product_type=عطر,approved,standard perfume,2026-08-02T07:33:46Z,ready,proposed_child,NO,NO,NO
ARD-2846,2846,عطر الدورادو كنكدوم 100 مل,Camara,100 مل,12000,عطر,العطور,high,العطور,perfumes,high,standard perfume,name=عطر الدورادو كنكدوم 100 مل; product_type=عطر,approved,standard perfume,2026-08-02T07:33:46Z,ready,proposed_child,NO,NO,NO
ARD-2847,2847,عطر الدورادو لذر عود 100 مل,Camara,100 مل,12000,عطر,العطور,high,العطور,perfumes,high,standard perfume,name=عطر الدورادو لذر عود 100 مل; product_type=عطر,approved,standard perfume,2026-08-02T07:33:46Z,ready,proposed_child,NO,NO,NO
ARD-2972,2972,عطر بوش ان بارادايس 100 مل,Camara,100 مل,11000,عطر,العطور,high,العطور,perfumes,high,standard perfume,name=عطر بوش ان بارادايس 100 مل; product_type=عطر,approved,standard perfume,2026-08-02T07:33:46Z,ready,proposed_child,NO,NO,NO
ARD-2973,2973,عطر كونترا اكسكويستي لاتين 100 مل,Camara,100 مل,11000,عطر,العطور,high,العطور,perfumes,high,standard perfume,name=عطر كونترا اكسكويستي لاتين 100 مل; product_type=عطر,approved,standard perfume,2026-08-02T07:33:46Z,ready,proposed_child,NO,NO,NO
ARD-2975,2975,عطر كونترا مين اونلي 100 مل,Camara,100 مل,11000,عطر,العطور,high,العطور,perfumes,high,standard perfume,name=عطر كونترا مين اونلي 100 مل; product_type=عطر,approved,standard perfume,2026-08-02T07:33:46Z,ready,proposed_child,NO,NO,NO
ARD-2976,2976,عطر كونترا فاروس 100 مل,Camara,100 مل,11000,عطر,العطور,high,العطور,perfumes,high,standard perfume,name=عطر كونترا فاروس 100 مل; product_type=عطر,approved,standard perfume,2026-08-02T07:33:46Z,ready,proposed_child,NO,NO,NO
ARD-3766,3766,عطر سينيوريتا سيرينا,Camara,,9000,عطر,العطور,high,العطور,perfumes,high,standard perfume,name=عطر سينيوريتا سيرينا; product_type=عطر,approved,standard perfume,2026-08-02T07:33:46Z,ready,proposed_child,NO,NO,NO
ARD-3767,3767,عطر سو اكسايت باي سينيوريتا,Camara,,9000,عطر,العطور,high,العطور,perfumes,high,standard perfume,name=عطر سو اكسايت باي سينيوريتا; product_type=عطر,approved,standard perfume,2026-08-02T07:33:46Z,ready,proposed_child,NO,NO,NO
ARD-3803,3803,عطر فاموس لذر 100 مل,Camara,100 مل,11000,عطر,العطور,high,العطور,perfumes,high,standard perfume,name=عطر فاموس لذر 100 مل; product_type=عطر,approved,standard perfume,2026-08-02T07:33:46Z,ready,proposed_child,NO,NO,NO
ARD-3804,3804,عطر فاموس كريسنت 100 مل,Camara,100 مل,11000,عطر,العطور,high,العطور,perfumes,high,standard perfume,name=عطر فاموس كريسنت 100 مل; product_type=عطر,approved,standard perfume,2026-08-02T07:33:46Z,ready,proposed_child,NO,NO,NO
ARD-3805,3805,عطر فاموس اتيلير 100 مل,Camara,100 مل,11000,عطر,العطور,high,العطور,perfumes,high,standard perfume,name=عطر فاموس اتيلير 100 مل; product_type=عطر,approved,standard perfume,2026-08-02T07:33:46Z,ready,proposed_child,NO,NO,NO
ARD-3807,3807,عطر دومي ايبيزا 90 مل,Camara,90 مل,12000,عطر,العطور,high,العطور,perfumes,high,standard perfume,name=عطر دومي ايبيزا 90 مل; product_type=عطر,approved,standard perfume,2026-08-02T07:33:46Z,ready,proposed_child,NO,NO,NO
ARD-3809,3809,عطر دومي بانورام انتنس 90 مل,Camara,90 مل,12000,عطر,العطور,high,العطور,perfumes,high,standard perfume,name=عطر دومي بانورام انتنس 90 مل; product_type=عطر,approved,standard perfume,2026-08-02T07:33:46Z,ready,proposed_child,NO,NO,NO
ARD-3810,3810,عطر دومي كاسابيلا 90 مل,Camara,90 مل,12000,عطر,العطور,high,العطور,perfumes,high,standard perfume,name=عطر دومي كاسابيلا 90 مل; product_type=عطر,approved,standard perfume,2026-08-02T07:33:46Z,ready,proposed_child,NO,NO,NO
ARD-5085,5085,عطر نانسيا بودري 30 مل / فولاري,Volare,30 مل,4000,عطر صغير أو ميني,العطور الصغيرة والميني,medium,العطور الصغيرة والميني,mini-travel-perfume,high,perfume with size<=30ml,name=عطر نانسيا بودري 30 مل / فولاري; product_type=عطر صغير أو ميني,approved,perfume with size<=30ml,2026-08-02T07:33:46Z,duplicate_hold,proposed_child,NO,NO,YES
ARD-5087,5087,عطر بوتيك روج 540 30 مل / فولاري,Camara,30 مل,4000,عطر صغير أو ميني,العطور الصغيرة والميني,medium,العطور الصغيرة والميني,mini-travel-perfume,high,perfume with size<=30ml,name=عطر بوتيك روج 540 30 مل / فولاري; product_type=عطر صغير أو ميني,approved,perfume with size<=30ml,2026-08-02T07:33:46Z,ready,proposed_child,NO,NO,NO
