sku,source_code,name,brand,size,price,product_type,file_category,file_confidence,final_category,final_slug,confidence,reason,evidence_basis,review_status,review_reason,reviewed_at,stage2_status,tree,is_pilot10,corrected_from_excel,in_original_focus350
ARD-3812,3812,لوشن سيف الفارس بابايا ليمون 500 مل,Saif Al Fares,500 مل,4000,لوشن جسم,العناية بالجسم والاستحمام,high,العناية بالجسم والاستحمام,body-bath-care,high,explicit body/bath type,name=لوشن سيف الفارس بابايا ليمون 500 مل; product_type=لوشن جسم,approved,explicit body/bath type,2026-08-02T07:33:46Z,ready,proposed_child,NO,NO,NO
ARD-3813,3813,لوشن سيف الفارس كاكاو وصويا 500 مل,Saif Al Fares,500 مل,4000,لوشن جسم,العناية بالجسم والاستحمام,high,العناية بالجسم والاستحمام,body-bath-care,high,explicit body/bath type,name=لوشن سيف الفارس كاكاو وصويا 500 مل; product_type=لوشن جسم,approved,explicit body/bath type,2026-08-02T07:33:46Z,ready,proposed_child,NO,NO,NO
ARD-3814,3814,لوشن سيف الفارس ألوفيرا بلو بيري 500 مل,Saif Al Fares,500 مل,4000,لوشن جسم,العناية بالجسم والاستحمام,high,العناية بالجسم والاستحمام,body-bath-care,high,explicit body/bath type,name=لوشن سيف الفارس ألوفيرا بلو بيري 500 مل; product_type=لوشن جسم,approved,explicit body/bath type,2026-08-02T07:33:46Z,ready,proposed_child,NO,NO,NO
ARD-3815,3815,لوشن سيف الفارس رمان عنب 500 مل,Saif Al Fares,500 مل,4000,لوشن جسم,العناية بالجسم والاستحمام,high,العناية بالجسم والاستحمام,body-bath-care,high,explicit body/bath type,name=لوشن سيف الفارس رمان عنب 500 مل; product_type=لوشن جسم,approved,explicit body/bath type,2026-08-02T07:33:46Z,ready,proposed_child,NO,NO,NO
ARD-3816,3816,لوشن سيف الفارس ماء ورد لوز 500 مل,Saif Al Fares,500 مل,4000,لوشن جسم,العناية بالجسم والاستحمام,high,العناية بالجسم والاستحمام,body-bath-care,high,explicit body/bath type,name=لوشن سيف الفارس ماء ورد لوز 500 مل; product_type=لوشن جسم,approved,explicit body/bath type,2026-08-02T07:33:46Z,ready,proposed_child,NO,NO,NO
ARD-3819,3819,شاور جل سنسيت بردايس,Saif Al Fares,,3000,شاور جل,العناية بالجسم والاستحمام,high,العناية بالجسم والاستحمام,body-bath-care,high,explicit body/bath type,name=شاور جل سنسيت بردايس; product_type=شاور جل,approved,explicit body/bath type,2026-08-02T07:33:46Z,ready,proposed_child,NO,NO,NO
ARD-3820,3820,شاور جل رومانتك وايت تي,Saif Al Fares,,3000,شاور جل,العناية بالجسم والاستحمام,high,العناية بالجسم والاستحمام,body-bath-care,high,explicit body/bath type,name=شاور جل رومانتك وايت تي; product_type=شاور جل,approved,explicit body/bath type,2026-08-02T07:33:46Z,ready,proposed_child,NO,NO,NO
ARD-3821,3821,شاور جل برتي بلوسوم,Saif Al Fares,,3000,شاور جل,العناية بالجسم والاستحمام,high,العناية بالجسم والاستحمام,body-bath-care,high,explicit body/bath type,name=شاور جل برتي بلوسوم; product_type=شاور جل,approved,explicit body/bath type,2026-08-02T07:33:46Z,ready,proposed_child,NO,NO,NO
ARD-3822,3822,شاور جل كاونتري كرين تي,Saif Al Fares,,3000,شاور جل,العناية بالجسم والاستحمام,high,العناية بالجسم والاستحمام,body-bath-care,high,explicit body/bath type,name=شاور جل كاونتري كرين تي; product_type=شاور جل,approved,explicit body/bath type,2026-08-02T07:33:46Z,ready,proposed_child,NO,NO,NO
ARD-3823,3823,شاور جل بيونس كاردن,Saif Al Fares,,3000,شاور جل,العناية بالجسم والاستحمام,high,العناية بالجسم والاستحمام,body-bath-care,high,explicit body/bath type,name=شاور جل بيونس كاردن; product_type=شاور جل,approved,explicit body/bath type,2026-08-02T07:33:46Z,ready,proposed_child,NO,NO,NO
ARD-3835,3835,عطر اكوا اصالة مسك 100 مل,Saif Al Fares,100 مل,10000,عطر,العطور,high,المسك والمخمريات والعطور الزيتية,musk-oils-mukhammaria,high,explicit musk/oil/mukhammaria,name=عطر اكوا اصالة مسك 100 مل; product_type=عطر,corrected,explicit musk/oil/mukhammaria,2026-08-02T07:33:46Z,ready,proposed_child,NO,YES,YES
ARD-467,467,عطر مسك مود,Lattafa,,16000,عطر,العطور,high,المسك والمخمريات والعطور الزيتية,musk-oils-mukhammaria,high,explicit musk/oil/mukhammaria,name=عطر مسك مود; product_type=عطر,corrected,explicit musk/oil/mukhammaria,2026-08-02T07:33:46Z,ready,proposed_child,NO,YES,YES
ARD-775,775,عطر مسك السلامه,Lattafa,,15000,عطر,العطور,high,المسك والمخمريات والعطور الزيتية,musk-oils-mukhammaria,high,explicit musk/oil/mukhammaria,name=عطر مسك السلامه; product_type=عطر,corrected,explicit musk/oil/mukhammaria,2026-08-02T07:33:46Z,ready,proposed_child,NO,YES,YES
ARD-2511,2511,عطر انا الابيض بودري,Lattafa,,18000,عطر,العطور,high,العطور,perfumes,high,standard perfume,name=عطر انا الابيض بودري; product_type=عطر,approved,standard perfume,2026-08-02T07:33:46Z,ready,proposed_child,NO,NO,YES
ARD-3259,3259,عطر صفوان عطر المسك 100 مل,Lattafa,100 مل,24000,عطر,العطور,high,المسك والمخمريات والعطور الزيتية,musk-oils-mukhammaria,high,explicit musk/oil/mukhammaria,name=عطر صفوان عطر المسك 100 مل; product_type=عطر,corrected,explicit musk/oil/mukhammaria,2026-08-02T07:33:46Z,ready,proposed_child,NO,YES,YES
ARD-4193,4193,عطر فلفت مسك 100 مل,Lattafa,100 مل,23000,عطر,العطور,high,المسك والمخمريات والعطور الزيتية,musk-oils-mukhammaria,high,explicit musk/oil/mukhammaria,name=عطر فلفت مسك 100 مل; product_type=عطر,corrected,explicit musk/oil/mukhammaria,2026-08-02T07:33:46Z,ready,proposed_child,NO,YES,YES
ARD-4635,4635,عطر اطلس 55 مل,Lattafa,55 مل,32000,عطر,العطور,high,العطور,perfumes,high,standard perfume,name=عطر اطلس 55 مل; product_type=عطر,approved,standard perfume,2026-08-02T07:33:46Z,ready,proposed_child,NO,NO,YES
ARD-4652,4652,عطر كف مي كورماند بيري اون توب 75 مل,Lattafa,75 مل,37000,عطر,العطور,high,العطور,perfumes,high,standard perfume,name=عطر كف مي كورماند بيري اون توب 75 مل; product_type=عطر,approved,standard perfume,2026-08-02T07:33:46Z,ready,proposed_child,NO,NO,YES
ARD-4653,4653,عطر كف مي كورماند مالو مادنس 75 مل,Lattafa,75 مل,37000,عطر,العطور,high,العطور,perfumes,high,standard perfume,name=عطر كف مي كورماند مالو مادنس 75 مل; product_type=عطر,approved,standard perfume,2026-08-02T07:33:46Z,ready,proposed_child,NO,NO,YES
ARD-4654,4654,عطر كف مي كورماند ويبد بلشور 75 مل,Lattafa,75 مل,37000,عطر,العطور,high,العطور,perfumes,high,standard perfume,name=عطر كف مي كورماند ويبد بلشور 75 مل; product_type=عطر,approved,standard perfume,2026-08-02T07:33:46Z,ready,proposed_child,NO,NO,YES
ARD-4656,4656,عطر كف مي كورماند جوكو اوفردوس 75 مل,Lattafa,75 مل,37000,عطر,العطور,high,العطور,perfumes,high,standard perfume,name=عطر كف مي كورماند جوكو اوفردوس 75 مل; product_type=عطر,approved,standard perfume,2026-08-02T07:33:46Z,ready,proposed_child,NO,NO,YES
ARD-4657,4657,عطر كف مي كورماند كوكي كرايف 75 مل,Lattafa,75 مل,37000,عطر,العطور,high,العطور,perfumes,high,standard perfume,name=عطر كف مي كورماند كوكي كرايف 75 مل; product_type=عطر,approved,standard perfume,2026-08-02T07:33:46Z,ready,proposed_child,NO,NO,YES
ARD-4658,4658,عطر كف مي كورماند فانيلا فريك 75 مل,Lattafa,75 مل,37000,عطر,العطور,high,العطور,perfumes,high,standard perfume,name=عطر كف مي كورماند فانيلا فريك 75 مل; product_type=عطر,approved,standard perfume,2026-08-02T07:33:46Z,ready,proposed_child,NO,NO,YES
ARD-4660,4660,عطر ليان 75 مل,Lattafa,75 مل,33000,عطر,العطور,high,العطور,perfumes,high,standard perfume,name=عطر ليان 75 مل; product_type=عطر,approved,standard perfume,2026-08-02T07:33:46Z,ready,proposed_child,NO,NO,YES
ARD-4663,4663,عطر فاير اون ايس 110 مل,Lattafa,110 مل,43000,عطر,العطور,high,العطور,perfumes,high,standard perfume,name=عطر فاير اون ايس 110 مل; product_type=عطر,approved,standard perfume,2026-08-02T07:33:46Z,ready,proposed_child,NO,NO,YES
ARD-4921,4921,سيت عطر اسد 4*25 مل,Lattafa,25 مل,55000,مجموعة عطرية,العطور,high,العطور,perfumes,medium,multi-piece set — not auto-mini,name=سيت عطر اسد 4*25 مل; product_type=مجموعة عطرية,approved,multi-piece set — not auto-mini,2026-08-02T07:33:46Z,ready,proposed_child,NO,NO,YES
ARD-1087,1087,معطر شيخ شيوخ مركز,Lattafa,,3000,معطر,معطرات الجسم والبودي مست,medium,معطرات الجسم والبودي مست,body-mist-splash,medium,workbook category retained after rules miss,name=معطر شيخ شيوخ مركز; product_type=معطر,approved,workbook category retained after rules miss,2026-08-02T07:33:46Z,ready,proposed_child,NO,NO,YES
ARD-1871,1871,معطر محاسن كرستال بنفسجي,Lattafa,,3000,معطر,معطرات الجسم والبودي مست,medium,معطرات الجسم والبودي مست,body-mist-splash,medium,workbook category retained after rules miss,name=معطر محاسن كرستال بنفسجي; product_type=معطر,approved,workbook category retained after rules miss,2026-08-02T07:33:46Z,ready,proposed_child,NO,NO,YES
ARD-1881,1881,معطر شيخ الشيوخ خصوصي,Lattafa,,3000,معطر,معطرات الجسم والبودي مست,medium,معطرات الجسم والبودي مست,body-mist-splash,medium,workbook category retained after rules miss,name=معطر شيخ الشيوخ خصوصي; product_type=معطر,approved,workbook category retained after rules miss,2026-08-02T07:33:46Z,ready,proposed_child,NO,NO,YES
ARD-1884,1884,معطر خالص عود,Lattafa,,3000,معطر,معطرات الجسم والبودي مست,medium,معطرات الجسم والبودي مست,body-mist-splash,medium,workbook category retained after rules miss,name=معطر خالص عود; product_type=معطر,approved,workbook category retained after rules miss,2026-08-02T07:33:46Z,ready,proposed_child,NO,NO,YES
ARD-2318,2318,معطر جسم لطافة مسك سلامة,Lattafa,,3000,معطر جسم أو بودي مست,معطرات الجسم والبودي مست,high,معطرات الجسم والبودي مست,body-mist-splash,high,explicit body mist/splash,name=معطر جسم لطافة مسك سلامة; product_type=معطر جسم أو بودي مست,approved,explicit body mist/splash,2026-08-02T07:33:46Z,ready,proposed_child,NO,NO,YES
ARD-2669,2669,معطر جسم انا الابيض بودري 200 مل,Lattafa,200 مل,3000,معطر جسم أو بودي مست,معطرات الجسم والبودي مست,high,معطرات الجسم والبودي مست,body-mist-splash,high,explicit body mist/splash,name=معطر جسم انا الابيض بودري 200 مل; product_type=معطر جسم أو بودي مست,approved,explicit body mist/splash,2026-08-02T07:33:46Z,ready,proposed_child,NO,NO,YES
ARD-2674,2674,معطر قائد الشباب 200 مل,Lattafa,200 مل,3000,معطر,معطرات الجسم والبودي مست,medium,معطرات الجسم والبودي مست,body-mist-splash,medium,workbook category retained after rules miss,name=معطر قائد الشباب 200 مل; product_type=معطر,approved,workbook category retained after rules miss,2026-08-02T07:33:46Z,ready,proposed_child,NO,NO,YES
ARD-3262,3262,معطر يارا موي 200 مل,Lattafa,200 مل,3000,معطر,معطرات الجسم والبودي مست,medium,معطرات الجسم والبودي مست,body-mist-splash,medium,workbook category retained after rules miss,name=معطر يارا موي 200 مل; product_type=معطر,approved,workbook category retained after rules miss,2026-08-02T07:33:46Z,ready,proposed_child,NO,NO,YES
ARD-3273,3273,معطر ميار 200 مل,Lattafa,200 مل,3000,معطر,معطرات الجسم والبودي مست,medium,معطرات الجسم والبودي مست,body-mist-splash,medium,workbook category retained after rules miss,name=معطر ميار 200 مل; product_type=معطر,approved,workbook category retained after rules miss,2026-08-02T07:33:46Z,ready,proposed_child,NO,NO,YES
ARD-3275,3275,معطر مهرة 200 مل,Lattafa,200 مل,3000,معطر,معطرات الجسم والبودي مست,medium,معطرات الجسم والبودي مست,body-mist-splash,medium,workbook category retained after rules miss,name=معطر مهرة 200 مل; product_type=معطر,approved,workbook category retained after rules miss,2026-08-02T07:33:46Z,ready,proposed_child,NO,NO,YES
ARD-3279,3279,معطر فلفت روز 200 مل,Lattafa,200 مل,3000,معطر,معطرات الجسم والبودي مست,medium,معطرات الجسم والبودي مست,body-mist-splash,medium,workbook category retained after rules miss,name=معطر فلفت روز 200 مل; product_type=معطر,approved,workbook category retained after rules miss,2026-08-02T07:33:46Z,ready,proposed_child,NO,NO,YES
ARD-3280,3280,معطر خمرة 200 مل,Lattafa,200 مل,3000,معطر,معطرات الجسم والبودي مست,medium,معطرات الجسم والبودي مست,body-mist-splash,medium,workbook category retained after rules miss,name=معطر خمرة 200 مل; product_type=معطر,approved,workbook category retained after rules miss,2026-08-02T07:33:46Z,ready,proposed_child,NO,NO,YES
ARD-3282,3282,معطر عزيزة 200 مل,Lattafa,200 مل,3000,معطر,معطرات الجسم والبودي مست,medium,معطرات الجسم والبودي مست,body-mist-splash,medium,workbook category retained after rules miss,name=معطر عزيزة 200 مل; product_type=معطر,approved,workbook category retained after rules miss,2026-08-02T07:33:46Z,ready,proposed_child,NO,NO,YES
ARD-3283,3283,معطر اجود 200 مل,Lattafa,200 مل,3000,معطر,معطرات الجسم والبودي مست,medium,معطرات الجسم والبودي مست,body-mist-splash,medium,workbook category retained after rules miss,name=معطر اجود 200 مل; product_type=معطر,approved,workbook category retained after rules miss,2026-08-02T07:33:46Z,ready,proposed_child,NO,NO,YES
ARD-3284,3284,معطر شهد 200 مل,Lattafa,200 مل,3000,معطر,معطرات الجسم والبودي مست,medium,معطرات الجسم والبودي مست,body-mist-splash,medium,workbook category retained after rules miss,name=معطر شهد 200 مل; product_type=معطر,approved,workbook category retained after rules miss,2026-08-02T07:33:46Z,ready,proposed_child,NO,NO,YES
ARD-4159,4159,معطر مسك مود 200 مل,Lattafa,200 مل,3000,معطر,معطرات الجسم والبودي مست,medium,المسك والمخمريات والعطور الزيتية,musk-oils-mukhammaria,high,explicit musk/oil/mukhammaria,name=معطر مسك مود 200 مل; product_type=معطر,corrected,explicit musk/oil/mukhammaria,2026-08-02T07:33:46Z,ready,proposed_child,NO,YES,YES
ARD-4242,4242,معطر يارا توس 200 مل,Lattafa,200 مل,3000,معطر,معطرات الجسم والبودي مست,medium,معطرات الجسم والبودي مست,body-mist-splash,medium,workbook category retained after rules miss,name=معطر يارا توس 200 مل; product_type=معطر,approved,workbook category retained after rules miss,2026-08-02T07:33:46Z,ready,proposed_child,NO,NO,YES
ARD-4329,4329,معطر اسد زينزبار 200 مل,Lattafa,200 مل,3000,معطر,معطرات الجسم والبودي مست,medium,معطرات الجسم والبودي مست,body-mist-splash,medium,workbook category retained after rules miss,name=معطر اسد زينزبار 200 مل; product_type=معطر,approved,workbook category retained after rules miss,2026-08-02T07:33:46Z,ready,proposed_child,NO,NO,YES
ARD-4330,4330,معطر ميار ناتورال انتنس 200 مل,Lattafa,200 مل,3000,معطر,معطرات الجسم والبودي مست,medium,معطرات الجسم والبودي مست,body-mist-splash,medium,workbook category retained after rules miss,name=معطر ميار ناتورال انتنس 200 مل; product_type=معطر,approved,workbook category retained after rules miss,2026-08-02T07:33:46Z,ready,proposed_child,NO,NO,YES
ARD-4461,4461,معطر اكلاير 200 مل,Lattafa,200 مل,3000,معطر,معطرات الجسم والبودي مست,medium,معطرات الجسم والبودي مست,body-mist-splash,medium,workbook category retained after rules miss,name=معطر اكلاير 200 مل; product_type=معطر,approved,workbook category retained after rules miss,2026-08-02T07:33:46Z,ready,proposed_child,NO,NO,YES
ARD-4490,4490,معطر خمرة قهوه 200 مل,Lattafa,200 مل,3000,معطر,معطرات الجسم والبودي مست,medium,معطرات الجسم والبودي مست,body-mist-splash,medium,workbook category retained after rules miss,name=معطر خمرة قهوه 200 مل; product_type=معطر,approved,workbook category retained after rules miss,2026-08-02T07:33:46Z,ready,proposed_child,NO,NO,YES
ARD-4491,4491,معطر حياتي فلورنس 200 مل / لطافه,Lattafa,200 مل,3000,معطر,معطرات الجسم والبودي مست,medium,معطرات الجسم والبودي مست,body-mist-splash,medium,workbook category retained after rules miss,name=معطر حياتي فلورنس 200 مل / لطافه; product_type=معطر,approved,workbook category retained after rules miss,2026-08-02T07:33:46Z,ready,proposed_child,NO,NO,YES
ARD-4554,4554,معطر مسمم ابيض انتنس 200 مل,Lattafa,200 مل,3000,معطر,معطرات الجسم والبودي مست,medium,معطرات الجسم والبودي مست,body-mist-splash,medium,workbook category retained after rules miss,name=معطر مسمم ابيض انتنس 200 مل; product_type=معطر,approved,workbook category retained after rules miss,2026-08-02T07:33:46Z,ready,proposed_child,NO,NO,YES
ARD-4556,4556,معطر اسد بوبون,Lattafa,,3000,معطر,معطرات الجسم والبودي مست,medium,معطرات الجسم والبودي مست,body-mist-splash,medium,workbook category retained after rules miss,name=معطر اسد بوبون; product_type=معطر,approved,workbook category retained after rules miss,2026-08-02T07:33:46Z,ready,proposed_child,NO,NO,YES
ARD-4566,4566,معطر قائد الفرسان 200 مل,Lattafa,200 مل,3000,معطر,معطرات الجسم والبودي مست,medium,معطرات الجسم والبودي مست,body-mist-splash,medium,workbook category retained after rules miss,name=معطر قائد الفرسان 200 مل; product_type=معطر,approved,workbook category retained after rules miss,2026-08-02T07:33:46Z,ready,proposed_child,NO,NO,YES
ARD-4704,4704,معطر فكتوريا 200 مل,Lattafa,200 مل,3000,معطر,معطرات الجسم والبودي مست,medium,معطرات الجسم والبودي مست,body-mist-splash,medium,workbook category retained after rules miss,name=معطر فكتوريا 200 مل; product_type=معطر,approved,workbook category retained after rules miss,2026-08-02T07:33:46Z,ready,proposed_child,NO,NO,YES
ARD-4705,4705,معطر اجود بينك 200 مل,Lattafa,200 مل,3000,معطر,معطرات الجسم والبودي مست,medium,معطرات الجسم والبودي مست,body-mist-splash,medium,workbook category retained after rules miss,name=معطر اجود بينك 200 مل; product_type=معطر,approved,workbook category retained after rules miss,2026-08-02T07:33:46Z,ready,proposed_child,NO,NO,YES
ARD-4706,4706,معطر هيا 200 مل,Lattafa,200 مل,3000,معطر,معطرات الجسم والبودي مست,medium,معطرات الجسم والبودي مست,body-mist-splash,medium,workbook category retained after rules miss,name=معطر هيا 200 مل; product_type=معطر,approved,workbook category retained after rules miss,2026-08-02T07:33:46Z,ready,proposed_child,NO,NO,YES
ARD-4707,4707,معطر انغام 200 مل,Lattafa,200 مل,3000,معطر,معطرات الجسم والبودي مست,medium,معطرات الجسم والبودي مست,body-mist-splash,medium,workbook category retained after rules miss,name=معطر انغام 200 مل; product_type=معطر,approved,workbook category retained after rules miss,2026-08-02T07:33:46Z,ready,proposed_child,NO,NO,YES
ARD-1318,1318,30 مل الشموخ,Lattafa,30 مل,7000,عطر,العطور,medium,العطور,perfumes,high,standard perfume,name=30 مل الشموخ; product_type=عطر,approved,standard perfume,2026-08-02T07:33:46Z,ready,proposed_child,NO,NO,YES
ARD-1319,1319,30 مل ثراء,Lattafa,30 مل,7000,عطر,العطور,medium,العطور,perfumes,high,standard perfume,name=30 مل ثراء; product_type=عطر,approved,standard perfume,2026-08-02T07:33:46Z,ready,proposed_child,NO,NO,YES
ARD-1320,1320,30 مل معالي,Lattafa,30 مل,7000,عطر,العطور,medium,العطور,perfumes,high,standard perfume,name=30 مل معالي; product_type=عطر,approved,standard perfume,2026-08-02T07:33:46Z,ready,proposed_child,NO,NO,YES
ARD-1919,1919,عطر رغبة 30 مل,Lattafa,30 مل,5000,عطر صغير أو ميني,العطور الصغيرة والميني,medium,العطور الصغيرة والميني,mini-travel-perfume,high,perfume with size<=30ml,name=عطر رغبة 30 مل; product_type=عطر صغير أو ميني,approved,perfume with size<=30ml,2026-08-02T07:33:46Z,ready,proposed_child,NO,NO,NO
ARD-1921,1921,عطر رمز لطافة 30 مل سلفر,Lattafa,30 مل,5000,عطر صغير أو ميني,العطور الصغيرة والميني,medium,العطور الصغيرة والميني,mini-travel-perfume,high,perfume with size<=30ml,name=عطر رمز لطافة 30 مل سلفر; product_type=عطر صغير أو ميني,approved,perfume with size<=30ml,2026-08-02T07:33:46Z,ready,proposed_child,NO,NO,NO
ARD-1922,1922,عطر شيخ الشيوخ لوكس 30 مل,Lattafa,30 مل,5000,عطر صغير أو ميني,العطور الصغيرة والميني,medium,العطور الصغيرة والميني,mini-travel-perfume,high,perfume with size<=30ml,name=عطر شيخ الشيوخ لوكس 30 مل; product_type=عطر صغير أو ميني,approved,perfume with size<=30ml,2026-08-02T07:33:46Z,ready,proposed_child,NO,NO,NO
ARD-1924,1924,عطر شيخ الشيوخ 30 مل,Lattafa,30 مل,5000,عطر صغير أو ميني,العطور الصغيرة والميني,medium,العطور الصغيرة والميني,mini-travel-perfume,high,perfume with size<=30ml,name=عطر شيخ الشيوخ 30 مل; product_type=عطر صغير أو ميني,approved,perfume with size<=30ml,2026-08-02T07:33:46Z,ready,proposed_child,NO,NO,NO
ARD-1925,1925,عطر نجدية 30 مل,Lattafa,30 مل,5000,عطر صغير أو ميني,العطور الصغيرة والميني,medium,العطور الصغيرة والميني,mini-travel-perfume,high,perfume with size<=30ml,name=عطر نجدية 30 مل; product_type=عطر صغير أو ميني,approved,perfume with size<=30ml,2026-08-02T07:33:46Z,ready,proposed_child,NO,NO,NO
ARD-1926,1926,عطر ليل ملكي 30 مل,Lattafa,30 مل,5000,عطر صغير أو ميني,العطور الصغيرة والميني,medium,العطور الصغيرة والميني,mini-travel-perfume,high,perfume with size<=30ml,name=عطر ليل ملكي 30 مل; product_type=عطر صغير أو ميني,approved,perfume with size<=30ml,2026-08-02T07:33:46Z,ready,proposed_child,NO,NO,NO
ARD-2633,2633,عطر للصبايا 25 مل زيتي,Lattafa,25 مل,12000,عطر صغير أو ميني,العطور الصغيرة والميني,medium,العطور الصغيرة والميني,mini-travel-perfume,high,explicit mini/travel label,name=عطر للصبايا 25 مل زيتي; product_type=عطر صغير أو ميني,approved,explicit mini/travel label,2026-08-02T07:33:46Z,ready,proposed_child,NO,NO,NO
ARD-2636,2636,عطر نجدية 25 مل زيتي,Lattafa,25 مل,12000,عطر صغير أو ميني,العطور الصغيرة والميني,medium,العطور الصغيرة والميني,mini-travel-perfume,high,explicit mini/travel label,name=عطر نجدية 25 مل زيتي; product_type=عطر صغير أو ميني,approved,explicit mini/travel label,2026-08-02T07:33:46Z,ready,proposed_child,NO,NO,NO
ARD-2637,2637,عطر شيخ الشيوخ لوكس 25 مل زيتي,Lattafa,25 مل,12000,عطر صغير أو ميني,العطور الصغيرة والميني,medium,العطور الصغيرة والميني,mini-travel-perfume,high,explicit mini/travel label,name=عطر شيخ الشيوخ لوكس 25 مل زيتي; product_type=عطر صغير أو ميني,approved,explicit mini/travel label,2026-08-02T07:33:46Z,ready,proposed_child,NO,NO,NO
ARD-2638,2638,عطر وشوشة 25 مل زيتي,Lattafa,25 مل,12000,عطر صغير أو ميني,العطور الصغيرة والميني,medium,العطور الصغيرة والميني,mini-travel-perfume,high,explicit mini/travel label,name=عطر وشوشة 25 مل زيتي; product_type=عطر صغير أو ميني,approved,explicit mini/travel label,2026-08-02T07:33:46Z,ready,proposed_child,NO,NO,NO
ARD-2639,2639,عطر سر الخلود بني 25 مل زيتي,Lattafa,25 مل,12000,عطر صغير أو ميني,العطور الصغيرة والميني,medium,العطور الصغيرة والميني,mini-travel-perfume,high,explicit mini/travel label,name=عطر سر الخلود بني 25 مل زيتي; product_type=عطر صغير أو ميني,approved,explicit mini/travel label,2026-08-02T07:33:46Z,ready,proposed_child,NO,NO,NO
ARD-2640,2640,عطر محاسن كرستال فيوليت 25 مل زيتي,Lattafa,25 مل,12000,عطر صغير أو ميني,العطور الصغيرة والميني,medium,العطور الصغيرة والميني,mini-travel-perfume,high,explicit mini/travel label,name=عطر محاسن كرستال فيوليت 25 مل زيتي; product_type=عطر صغير أو ميني,approved,explicit mini/travel label,2026-08-02T07:33:46Z,ready,proposed_child,NO,NO,NO
ARD-4482,4482,عطر زيتي يارا 20 مل,Lattafa,20 مل,20000,عطر صغير أو ميني,العطور الصغيرة والميني,medium,المسك والمخمريات والعطور الزيتية,musk-oils-mukhammaria,high,explicit musk/oil/mukhammaria,name=عطر زيتي يارا 20 مل; product_type=عطر صغير أو ميني,corrected,explicit musk/oil/mukhammaria,2026-08-02T07:33:46Z,ready,proposed_child,NO,YES,YES
ARD-4483,4483,عطر زيتي يارا توس 20 مل,Lattafa,20 مل,20000,عطر صغير أو ميني,العطور الصغيرة والميني,medium,المسك والمخمريات والعطور الزيتية,musk-oils-mukhammaria,high,explicit musk/oil/mukhammaria,name=عطر زيتي يارا توس 20 مل; product_type=عطر صغير أو ميني,corrected,explicit musk/oil/mukhammaria,2026-08-02T07:33:46Z,ready,proposed_child,NO,YES,YES
ARD-4484,4484,عطر زيتي يارا كاندي 20 مل,Lattafa,20 مل,20000,عطر صغير أو ميني,العطور الصغيرة والميني,medium,المسك والمخمريات والعطور الزيتية,musk-oils-mukhammaria,high,explicit musk/oil/mukhammaria,name=عطر زيتي يارا كاندي 20 مل; product_type=عطر صغير أو ميني,corrected,explicit musk/oil/mukhammaria,2026-08-02T07:33:46Z,ready,proposed_child,NO,YES,YES
ARD-4485,4485,عطر زيتي يارا موي 20 مل,Lattafa,20 مل,20000,عطر صغير أو ميني,العطور الصغيرة والميني,medium,المسك والمخمريات والعطور الزيتية,musk-oils-mukhammaria,high,explicit musk/oil/mukhammaria,name=عطر زيتي يارا موي 20 مل; product_type=عطر صغير أو ميني,corrected,explicit musk/oil/mukhammaria,2026-08-02T07:33:46Z,ready,proposed_child,NO,YES,YES
ARD-4563,4563,معطر جو انا الابيض بودري,Lattafa,,3000,معطر منزل وجو,معطرات المنزل والمفارش والجو,high,معطرات المنزل والمفارش والجو,home-linen-air,high,explicit home fragrance,name=معطر جو انا الابيض بودري; product_type=معطر منزل وجو,approved,explicit home fragrance,2026-08-02T07:33:46Z,ready,proposed_child,NO,NO,YES
ARD-3041,3041,معطر دبدوب لطافة عشق الشيوخ ذهبي,Lattafa,,4000,معطر دبدوب,معطرات المنزل والمفارش والجو,medium,معطرات المنزل والمفارش والجو,home-linen-air,medium,workbook category retained after rules miss,name=معطر دبدوب لطافة عشق الشيوخ ذهبي; product_type=معطر دبدوب,approved,workbook category retained after rules miss,2026-08-02T07:33:46Z,ready,proposed_child,NO,NO,YES
ARD-3042,3042,معطر دبدوب لطافة عشق الشيوخ سلفر,Lattafa,,4000,معطر دبدوب,معطرات المنزل والمفارش والجو,medium,معطرات المنزل والمفارش والجو,home-linen-air,medium,workbook category retained after rules miss,name=معطر دبدوب لطافة عشق الشيوخ سلفر; product_type=معطر دبدوب,approved,workbook category retained after rules miss,2026-08-02T07:33:46Z,ready,proposed_child,NO,NO,YES
ARD-3043,3043,معطر دبدوب لطافة لحضات,Lattafa,,4000,معطر دبدوب,معطرات المنزل والمفارش والجو,medium,معطرات المنزل والمفارش والجو,home-linen-air,medium,workbook category retained after rules miss,name=معطر دبدوب لطافة لحضات; product_type=معطر دبدوب,approved,workbook category retained after rules miss,2026-08-02T07:33:46Z,ready,proposed_child,NO,NO,YES
ARD-3045,3045,معطر دبدوب لطافة شاهين ذهبي,Lattafa,,4000,معطر دبدوب,معطرات المنزل والمفارش والجو,medium,معطرات المنزل والمفارش والجو,home-linen-air,medium,workbook category retained after rules miss,name=معطر دبدوب لطافة شاهين ذهبي; product_type=معطر دبدوب,approved,workbook category retained after rules miss,2026-08-02T07:33:46Z,ready,proposed_child,NO,NO,YES
ARD-3046,3046,معطر دبدوب لطافة شاهين سلفر,Lattafa,,4000,معطر دبدوب,معطرات المنزل والمفارش والجو,medium,معطرات المنزل والمفارش والجو,home-linen-air,medium,workbook category retained after rules miss,name=معطر دبدوب لطافة شاهين سلفر; product_type=معطر دبدوب,approved,workbook category retained after rules miss,2026-08-02T07:33:46Z,ready,proposed_child,NO,NO,YES
ARD-3047,3047,معطر دبدوب لطافة ثروة سلفر,Lattafa,,4000,معطر دبدوب,معطرات المنزل والمفارش والجو,medium,معطرات المنزل والمفارش والجو,home-linen-air,medium,workbook category retained after rules miss,name=معطر دبدوب لطافة ثروة سلفر; product_type=معطر دبدوب,approved,workbook category retained after rules miss,2026-08-02T07:33:46Z,ready,proposed_child,NO,NO,YES
ARD-3048,3048,معطر دبدوب لطافة ثروة ذهبي,Lattafa,,4000,معطر دبدوب,معطرات المنزل والمفارش والجو,medium,معطرات المنزل والمفارش والجو,home-linen-air,medium,workbook category retained after rules miss,name=معطر دبدوب لطافة ثروة ذهبي; product_type=معطر دبدوب,approved,workbook category retained after rules miss,2026-08-02T07:33:46Z,ready,proposed_child,NO,NO,YES
ARD-3049,3049,معطر دبدوب لطافة كاس الفائز سلفر,Lattafa,,4000,معطر دبدوب,معطرات المنزل والمفارش والجو,medium,معطرات المنزل والمفارش والجو,home-linen-air,medium,workbook category retained after rules miss,name=معطر دبدوب لطافة كاس الفائز سلفر; product_type=معطر دبدوب,approved,workbook category retained after rules miss,2026-08-02T07:33:46Z,ready,proposed_child,NO,NO,YES
ARD-3050,3050,معطر دبدوب لطافة كاس الفائز ذهبي,Lattafa,,4000,معطر دبدوب,معطرات المنزل والمفارش والجو,medium,معطرات المنزل والمفارش والجو,home-linen-air,medium,workbook category retained after rules miss,name=معطر دبدوب لطافة كاس الفائز ذهبي; product_type=معطر دبدوب,approved,workbook category retained after rules miss,2026-08-02T07:33:46Z,ready,proposed_child,NO,NO,YES
ARD-3051,3051,معطر دبدوب لطافة ذوق,Lattafa,,4000,معطر دبدوب,معطرات المنزل والمفارش والجو,medium,معطرات المنزل والمفارش والجو,home-linen-air,medium,workbook category retained after rules miss,name=معطر دبدوب لطافة ذوق; product_type=معطر دبدوب,approved,workbook category retained after rules miss,2026-08-02T07:33:46Z,ready,proposed_child,NO,NO,YES
ARD-3052,3052,معطر دبدوب لطافة وجود,Lattafa,,4000,معطر دبدوب,معطرات المنزل والمفارش والجو,medium,معطرات المنزل والمفارش والجو,home-linen-air,medium,workbook category retained after rules miss,name=معطر دبدوب لطافة وجود; product_type=معطر دبدوب,approved,workbook category retained after rules miss,2026-08-02T07:33:46Z,ready,proposed_child,NO,NO,YES
ARD-3053,3053,معطر دبدوب لطافة هالا,Lattafa,,4000,معطر دبدوب,معطرات المنزل والمفارش والجو,medium,معطرات المنزل والمفارش والجو,home-linen-air,medium,workbook category retained after rules miss,name=معطر دبدوب لطافة هالا; product_type=معطر دبدوب,approved,workbook category retained after rules miss,2026-08-02T07:33:46Z,ready,proposed_child,NO,NO,YES
ARD-3054,3054,معطر دبدوب لطافة انسام ذهبي,Lattafa,,4000,معطر دبدوب,معطرات المنزل والمفارش والجو,medium,معطرات المنزل والمفارش والجو,home-linen-air,medium,workbook category retained after rules miss,name=معطر دبدوب لطافة انسام ذهبي; product_type=معطر دبدوب,approved,workbook category retained after rules miss,2026-08-02T07:33:46Z,ready,proposed_child,NO,NO,YES
ARD-3055,3055,معطر دبدوب لطافة مهرجان ذهبي,Lattafa,,4000,معطر دبدوب,معطرات المنزل والمفارش والجو,medium,معطرات المنزل والمفارش والجو,home-linen-air,medium,workbook category retained after rules miss,name=معطر دبدوب لطافة مهرجان ذهبي; product_type=معطر دبدوب,approved,workbook category retained after rules miss,2026-08-02T07:33:46Z,ready,proposed_child,NO,NO,YES
ARD-3056,3056,معطر دبدوب لطافة مهرجان سلفر,Lattafa,,4000,معطر دبدوب,معطرات المنزل والمفارش والجو,medium,معطرات المنزل والمفارش والجو,home-linen-air,medium,workbook category retained after rules miss,name=معطر دبدوب لطافة مهرجان سلفر; product_type=معطر دبدوب,approved,workbook category retained after rules miss,2026-08-02T07:33:46Z,ready,proposed_child,NO,NO,YES
ARD-3057,3057,معطر دبدوب لطافة اترنال عود,Lattafa,,4000,معطر دبدوب,معطرات المنزل والمفارش والجو,medium,معطرات المنزل والمفارش والجو,home-linen-air,medium,workbook category retained after rules miss,name=معطر دبدوب لطافة اترنال عود; product_type=معطر دبدوب,approved,workbook category retained after rules miss,2026-08-02T07:33:46Z,ready,proposed_child,NO,NO,YES
ARD-3058,3058,معطر دبدوب لطافة افاق,Lattafa,,4000,معطر دبدوب,معطرات المنزل والمفارش والجو,medium,معطرات المنزل والمفارش والجو,home-linen-air,medium,workbook category retained after rules miss,name=معطر دبدوب لطافة افاق; product_type=معطر دبدوب,approved,workbook category retained after rules miss,2026-08-02T07:33:46Z,ready,proposed_child,NO,NO,YES
ARD-3059,3059,معطر دبدوب لطافة اوان,Lattafa,,4000,معطر دبدوب,معطرات المنزل والمفارش والجو,medium,معطرات المنزل والمفارش والجو,home-linen-air,medium,workbook category retained after rules miss,name=معطر دبدوب لطافة اوان; product_type=معطر دبدوب,approved,workbook category retained after rules miss,2026-08-02T07:33:46Z,ready,proposed_child,NO,NO,YES
ARD-3060,3060,معطر دبدوب لطافة العريق سلفر,Lattafa,,4000,معطر دبدوب,معطرات المنزل والمفارش والجو,medium,معطرات المنزل والمفارش والجو,home-linen-air,medium,workbook category retained after rules miss,name=معطر دبدوب لطافة العريق سلفر; product_type=معطر دبدوب,approved,workbook category retained after rules miss,2026-08-02T07:33:46Z,ready,proposed_child,NO,NO,YES
ARD-3061,3061,معطر دبدوب لطافة العريق ذهبي,Lattafa,,4000,معطر دبدوب,معطرات المنزل والمفارش والجو,medium,معطرات المنزل والمفارش والجو,home-linen-air,medium,workbook category retained after rules miss,name=معطر دبدوب لطافة العريق ذهبي; product_type=معطر دبدوب,approved,workbook category retained after rules miss,2026-08-02T07:33:46Z,ready,proposed_child,NO,NO,YES
ARD-3062,3062,معطر دبدوب لطافة القيم ذهبي,Lattafa,,4000,معطر دبدوب,معطرات المنزل والمفارش والجو,medium,معطرات المنزل والمفارش والجو,home-linen-air,medium,workbook category retained after rules miss,name=معطر دبدوب لطافة القيم ذهبي; product_type=معطر دبدوب,approved,workbook category retained after rules miss,2026-08-02T07:33:46Z,ready,proposed_child,NO,NO,YES
ARD-3063,3063,معطر دبدوب لطافة العميد,Lattafa,,4000,معطر دبدوب,معطرات المنزل والمفارش والجو,medium,معطرات المنزل والمفارش والجو,home-linen-air,medium,workbook category retained after rules miss,name=معطر دبدوب لطافة العميد; product_type=معطر دبدوب,approved,workbook category retained after rules miss,2026-08-02T07:33:46Z,ready,proposed_child,NO,NO,YES
ARD-4226,4226,عطر بيبي هابي بروش 75 مل,Lattafa,75 مل,19000,عطر,العطور,high,العطور,perfumes,high,standard perfume,name=عطر بيبي هابي بروش 75 مل; product_type=عطر,approved,standard perfume,2026-08-02T07:33:46Z,ready,proposed_child,NO,NO,YES
ARD-4227,4227,عطر بيبي هابي تايم 75 مل,Lattafa,75 مل,19000,عطر,العطور,high,العطور,perfumes,high,standard perfume,name=عطر بيبي هابي تايم 75 مل; product_type=عطر,approved,standard perfume,2026-08-02T07:33:46Z,ready,proposed_child,NO,NO,YES
ARD-4228,4228,عطر بيبي ستوب ويت كو 75 مل,Lattafa,75 مل,19000,عطر,العطور,high,العطور,perfumes,high,standard perfume,name=عطر بيبي ستوب ويت كو 75 مل; product_type=عطر,approved,standard perfume,2026-08-02T07:33:46Z,ready,proposed_child,NO,NO,YES
ARD-4229,4229,عطر بيبي سينغ 75 مل,Lattafa,75 مل,19000,عطر,العطور,high,العطور,perfumes,high,standard perfume,name=عطر بيبي سينغ 75 مل; product_type=عطر,approved,standard perfume,2026-08-02T07:33:46Z,ready,proposed_child,NO,NO,YES
ARD-4236,4236,عطر بيبي رايدرز 75 مل,Lattafa,75 مل,19000,عطر,العطور,high,العطور,perfumes,high,standard perfume,name=عطر بيبي رايدرز 75 مل; product_type=عطر,approved,standard perfume,2026-08-02T07:33:46Z,ready,proposed_child,NO,NO,YES
ARD-4237,4237,عطر بيبي بلاي 75 مل,Lattafa,75 مل,19000,عطر,العطور,high,العطور,perfumes,high,standard perfume,name=عطر بيبي بلاي 75 مل; product_type=عطر,approved,standard perfume,2026-08-02T07:33:46Z,ready,proposed_child,NO,NO,YES
ARD-2043,2043,عطر انستانت توباكو 85 مل,Alhambra,85 مل,14000,عطر,العطور,high,العطور,perfumes,high,standard perfume,name=عطر انستانت توباكو 85 مل; product_type=عطر,approved,standard perfume,2026-08-02T07:33:46Z,ready,proposed_child,NO,NO,YES
ARD-2516,2516,عطر مينيرفا 80 مل,Alhambra,80 مل,13000,عطر صغير أو ميني,العطور الصغيرة والميني,medium,العطور,perfumes,medium,explicit mini token but size>30ml — treat as standard perfume,name=عطر مينيرفا 80 مل; product_type=عطر صغير أو ميني,corrected,explicit mini token but size>30ml — treat as standard perfume,2026-08-02T07:33:46Z,ready,proposed_child,NO,YES,NO
ARD-4252,4252,عطر انفيني مسك 100 مل,Alhambra,100 مل,26000,عطر,العطور,high,المسك والمخمريات والعطور الزيتية,musk-oils-mukhammaria,high,explicit musk/oil/mukhammaria,name=عطر انفيني مسك 100 مل; product_type=عطر,corrected,explicit musk/oil/mukhammaria,2026-08-02T07:33:46Z,ready,proposed_child,NO,YES,YES
ARD-2325,2325,معطر دبدوب همبرا رقم 2 رجال,Alhambra,,4000,معطر دبدوب,معطرات المنزل والمفارش والجو,medium,معطرات المنزل والمفارش والجو,home-linen-air,medium,workbook category retained after rules miss,name=معطر دبدوب همبرا رقم 2 رجال; product_type=معطر دبدوب,approved,workbook category retained after rules miss,2026-08-02T07:33:46Z,ready,proposed_child,NO,NO,YES
ARD-2326,2326,معطر دبدوب كنك مان,Alhambra,,4000,معطر دبدوب,معطرات المنزل والمفارش والجو,medium,معطرات المنزل والمفارش والجو,home-linen-air,medium,workbook category retained after rules miss,name=معطر دبدوب كنك مان; product_type=معطر دبدوب,approved,workbook category retained after rules miss,2026-08-02T07:33:46Z,ready,proposed_child,NO,NO,YES
ARD-2327,2327,معطر دبدوب فلورال بلوم,Alhambra,,4000,معطر دبدوب,معطرات المنزل والمفارش والجو,medium,معطرات المنزل والمفارش والجو,home-linen-air,medium,workbook category retained after rules miss,name=معطر دبدوب فلورال بلوم; product_type=معطر دبدوب,approved,workbook category retained after rules miss,2026-08-02T07:33:46Z,ready,proposed_child,NO,NO,YES
ARD-2328,2328,معطر دبدوب برونز رجالي,Alhambra,,4000,معطر دبدوب,معطرات المنزل والمفارش والجو,medium,معطرات المنزل والمفارش والجو,home-linen-air,medium,workbook category retained after rules miss,name=معطر دبدوب برونز رجالي; product_type=معطر دبدوب,approved,workbook category retained after rules miss,2026-08-02T07:33:46Z,ready,proposed_child,NO,NO,YES
ARD-2363,2363,معطر دبدوب فلورنس,Alhambra,,4000,معطر دبدوب,معطرات المنزل والمفارش والجو,medium,معطرات المنزل والمفارش والجو,home-linen-air,medium,workbook category retained after rules miss,name=معطر دبدوب فلورنس; product_type=معطر دبدوب,approved,workbook category retained after rules miss,2026-08-02T07:33:46Z,ready,proposed_child,NO,NO,YES
ARD-2364,2364,معطر دبدوب امبر لذر,Alhambra,,4000,معطر دبدوب,معطرات المنزل والمفارش والجو,medium,معطرات المنزل والمفارش والجو,home-linen-air,medium,workbook category retained after rules miss,name=معطر دبدوب امبر لذر; product_type=معطر دبدوب,approved,workbook category retained after rules miss,2026-08-02T07:33:46Z,ready,proposed_child,NO,NO,YES
ARD-2421,2421,معطر دبدوب جورج دي بيرفوم,Alhambra,,4000,معطر دبدوب,معطرات المنزل والمفارش والجو,medium,معطرات المنزل والمفارش والجو,home-linen-air,medium,workbook category retained after rules miss,name=معطر دبدوب جورج دي بيرفوم; product_type=معطر دبدوب,approved,workbook category retained after rules miss,2026-08-02T07:33:46Z,ready,proposed_child,NO,NO,YES
ARD-2585,2585,معطر دبدوب تورو هوم,Alhambra,,4000,معطر دبدوب,معطرات المنزل والمفارش والجو,medium,معطرات المنزل والمفارش والجو,home-linen-air,medium,workbook category retained after rules miss,name=معطر دبدوب تورو هوم; product_type=معطر دبدوب,approved,workbook category retained after rules miss,2026-08-02T07:33:46Z,ready,proposed_child,NO,NO,YES
ARD-2587,2587,معطر دبدوب كانديد,Alhambra,,4000,معطر دبدوب,معطرات المنزل والمفارش والجو,medium,معطرات المنزل والمفارش والجو,home-linen-air,medium,workbook category retained after rules miss,name=معطر دبدوب كانديد; product_type=معطر دبدوب,approved,workbook category retained after rules miss,2026-08-02T07:33:46Z,ready,proposed_child,NO,NO,YES
ARD-2588,2588,معطر دبدوب باد فيم,Alhambra,,4000,معطر دبدوب,معطرات المنزل والمفارش والجو,medium,معطرات المنزل والمفارش والجو,home-linen-air,medium,workbook category retained after rules miss,name=معطر دبدوب باد فيم; product_type=معطر دبدوب,approved,workbook category retained after rules miss,2026-08-02T07:33:46Z,ready,proposed_child,NO,NO,YES
ARD-2589,2589,معطر دبدوب لينترود,Alhambra,,4000,معطر دبدوب,معطرات المنزل والمفارش والجو,medium,معطرات المنزل والمفارش والجو,home-linen-air,medium,workbook category retained after rules miss,name=معطر دبدوب لينترود; product_type=معطر دبدوب,approved,workbook category retained after rules miss,2026-08-02T07:33:46Z,ready,proposed_child,NO,NO,YES
ARD-3124,3124,معطر فكتوريا فلور 200 مل,Alhambra,200 مل,3000,معطر,معطرات الجسم والبودي مست,medium,معطرات الجسم والبودي مست,body-mist-splash,medium,workbook category retained after rules miss,name=معطر فكتوريا فلور 200 مل; product_type=معطر,approved,workbook category retained after rules miss,2026-08-02T07:33:46Z,ready,proposed_child,NO,NO,YES
ARD-3125,3125,معطر يور تج ومن 200 مل,Alhambra,200 مل,3000,معطر,معطرات الجسم والبودي مست,medium,معطرات الجسم والبودي مست,body-mist-splash,medium,workbook category retained after rules miss,name=معطر يور تج ومن 200 مل; product_type=معطر,approved,workbook category retained after rules miss,2026-08-02T07:33:46Z,ready,proposed_child,NO,NO,YES
ARD-3126,3126,معطر افانت 200 مل,Alhambra,200 مل,3000,معطر,معطرات الجسم والبودي مست,medium,معطرات الجسم والبودي مست,body-mist-splash,medium,workbook category retained after rules miss,name=معطر افانت 200 مل; product_type=معطر,approved,workbook category retained after rules miss,2026-08-02T07:33:46Z,ready,proposed_child,NO,NO,YES
ARD-3130,3130,معطر باروك روج 200 مل,Alhambra,200 مل,3000,معطر,معطرات الجسم والبودي مست,medium,معطرات الجسم والبودي مست,body-mist-splash,medium,workbook category retained after rules miss,name=معطر باروك روج 200 مل; product_type=معطر,approved,workbook category retained after rules miss,2026-08-02T07:33:46Z,ready,proposed_child,NO,NO,YES
ARD-3134,3134,معطر فكتوريوسو فكتوري 200 مل,Alhambra,200 مل,3000,معطر,معطرات الجسم والبودي مست,medium,معطرات الجسم والبودي مست,body-mist-splash,medium,workbook category retained after rules miss,name=معطر فكتوريوسو فكتوري 200 مل; product_type=معطر,approved,workbook category retained after rules miss,2026-08-02T07:33:46Z,ready,proposed_child,NO,NO,YES
ARD-3136,3136,معطر كانديد 200 مل,Alhambra,200 مل,3000,معطر,معطرات الجسم والبودي مست,medium,معطرات الجسم والبودي مست,body-mist-splash,medium,workbook category retained after rules miss,name=معطر كانديد 200 مل; product_type=معطر,approved,workbook category retained after rules miss,2026-08-02T07:33:46Z,ready,proposed_child,NO,NO,YES
ARD-3138,3138,معطر سو كانديد 200 مل,Alhambra,200 مل,3000,معطر,معطرات الجسم والبودي مست,medium,معطرات الجسم والبودي مست,body-mist-splash,medium,workbook category retained after rules miss,name=معطر سو كانديد 200 مل; product_type=معطر,approved,workbook category retained after rules miss,2026-08-02T07:33:46Z,ready,proposed_child,NO,NO,YES
ARD-3139,3139,معطر فري فلفت اوركيد 200 مل,Alhambra,200 مل,3000,معطر,معطرات الجسم والبودي مست,medium,معطرات الجسم والبودي مست,body-mist-splash,medium,workbook category retained after rules miss,name=معطر فري فلفت اوركيد 200 مل; product_type=معطر,approved,workbook category retained after rules miss,2026-08-02T07:33:46Z,ready,proposed_child,NO,NO,YES
ARD-3140,3140,معطر فري فلفت روج 200 مل,Alhambra,200 مل,3000,معطر,معطرات الجسم والبودي مست,medium,معطرات الجسم والبودي مست,body-mist-splash,medium,workbook category retained after rules miss,name=معطر فري فلفت روج 200 مل; product_type=معطر,approved,workbook category retained after rules miss,2026-08-02T07:33:46Z,ready,proposed_child,NO,NO,YES
ARD-3141,3141,معطر فري فلفت نوير 200 مل,Alhambra,200 مل,3000,معطر,معطرات الجسم والبودي مست,medium,معطرات الجسم والبودي مست,body-mist-splash,medium,workbook category retained after rules miss,name=معطر فري فلفت نوير 200 مل; product_type=معطر,approved,workbook category retained after rules miss,2026-08-02T07:33:46Z,ready,proposed_child,NO,NO,YES
ARD-3142,3142,معطر فويسيز 200 مل,Alhambra,200 مل,3000,معطر,معطرات الجسم والبودي مست,medium,معطرات الجسم والبودي مست,body-mist-splash,medium,workbook category retained after rules miss,name=معطر فويسيز 200 مل; product_type=معطر,approved,workbook category retained after rules miss,2026-08-02T07:33:46Z,ready,proposed_child,NO,NO,YES
ARD-3143,3143,معطر انفيني عود 200 مل,Alhambra,200 مل,3000,معطر,معطرات الجسم والبودي مست,medium,معطرات الجسم والبودي مست,body-mist-splash,medium,workbook category retained after rules miss,name=معطر انفيني عود 200 مل; product_type=معطر,approved,workbook category retained after rules miss,2026-08-02T07:33:46Z,ready,proposed_child,NO,NO,YES
ARD-3145,3145,معطر يور تج 200 مل,Alhambra,200 مل,3000,معطر,معطرات الجسم والبودي مست,medium,معطرات الجسم والبودي مست,body-mist-splash,medium,workbook category retained after rules miss,name=معطر يور تج 200 مل; product_type=معطر,approved,workbook category retained after rules miss,2026-08-02T07:33:46Z,ready,proposed_child,NO,NO,YES
ARD-3665,3665,عطر خنجر 85 مل,Niche,85 مل,57000,عطر,العطور,high,العطور,perfumes,high,standard perfume,name=عطر خنجر 85 مل; product_type=عطر,approved,standard perfume,2026-08-02T07:33:46Z,ready,proposed_child,NO,NO,YES
ARD-2660,2660,عطر ماي سيكسي نايتس 100 مل,غير محدد,100 مل,19000,عطر,العطور,high,العطور,perfumes,high,standard perfume,name=عطر ماي سيكسي نايتس 100 مل; product_type=عطر,approved,standard perfume,2026-08-02T07:33:46Z,merchant_confirmation,proposed_child,NO,NO,YES
ARD-2882,2882,عطر فرنسي فلوير دي مومنت / 100 مل,غير محدد,100 مل,20000,عطر,العطور,high,العطور,perfumes,high,standard perfume,name=عطر فرنسي فلوير دي مومنت / 100 مل; product_type=عطر,approved,standard perfume,2026-08-02T07:33:46Z,merchant_confirmation,proposed_child,NO,NO,YES
ARD-2883,2883,عطر فرنسي ديمور اليكسير / 100 مل,غير محدد,100 مل,19000,عطر,العطور,high,العطور,perfumes,high,standard perfume,name=عطر فرنسي ديمور اليكسير / 100 مل; product_type=عطر,approved,standard perfume,2026-08-02T07:33:46Z,merchant_confirmation,proposed_child,NO,NO,YES
ARD-2366,2366,معطر دبدوب مني باريس بولش بلو,Mini Paris,,4000,معطر دبدوب,معطرات المنزل والمفارش والجو,medium,معطرات المنزل والمفارش والجو,home-linen-air,medium,workbook category retained after rules miss,name=معطر دبدوب مني باريس بولش بلو; product_type=معطر دبدوب,approved,workbook category retained after rules miss,2026-08-02T07:33:46Z,ready,proposed_child,NO,NO,YES
ARD-2367,2367,معطر دبدوب مني باريس جوي فل,Mini Paris,,4000,معطر دبدوب,معطرات المنزل والمفارش والجو,medium,معطرات المنزل والمفارش والجو,home-linen-air,medium,workbook category retained after rules miss,name=معطر دبدوب مني باريس جوي فل; product_type=معطر دبدوب,approved,workbook category retained after rules miss,2026-08-02T07:33:46Z,ready,proposed_child,NO,NO,YES
ARD-2369,2369,معطر دبدوب مني باريس شي جوزي,Mini Paris,,4000,معطر دبدوب,معطرات المنزل والمفارش والجو,medium,معطرات المنزل والمفارش والجو,home-linen-air,medium,workbook category retained after rules miss,name=معطر دبدوب مني باريس شي جوزي; product_type=معطر دبدوب,approved,workbook category retained after rules miss,2026-08-02T07:33:46Z,ready,proposed_child,NO,NO,YES
ARD-2371,2371,معطر دبدوب مني باريس لايف مان,Mini Paris,,4000,معطر دبدوب,معطرات المنزل والمفارش والجو,medium,معطرات المنزل والمفارش والجو,home-linen-air,medium,workbook category retained after rules miss,name=معطر دبدوب مني باريس لايف مان; product_type=معطر دبدوب,approved,workbook category retained after rules miss,2026-08-02T07:33:46Z,ready,proposed_child,NO,NO,YES
ARD-2372,2372,معطر دبدوب مني باريس لي جور,Mini Paris,,4000,معطر دبدوب,معطرات المنزل والمفارش والجو,medium,معطرات المنزل والمفارش والجو,home-linen-air,medium,workbook category retained after rules miss,name=معطر دبدوب مني باريس لي جور; product_type=معطر دبدوب,approved,workbook category retained after rules miss,2026-08-02T07:33:46Z,ready,proposed_child,NO,NO,YES
ARD-2373,2373,معطر دبدوب مني باريس هومي,Mini Paris,,4000,معطر دبدوب,معطرات المنزل والمفارش والجو,medium,معطرات المنزل والمفارش والجو,home-linen-air,medium,workbook category retained after rules miss,name=معطر دبدوب مني باريس هومي; product_type=معطر دبدوب,approved,workbook category retained after rules miss,2026-08-02T07:33:46Z,ready,proposed_child,NO,NO,YES
ARD-2375,2375,معطر دبدوب مني باريس ناركوتك,Mini Paris,,4000,معطر دبدوب,معطرات المنزل والمفارش والجو,medium,معطرات المنزل والمفارش والجو,home-linen-air,medium,workbook category retained after rules miss,name=معطر دبدوب مني باريس ناركوتك; product_type=معطر دبدوب,approved,workbook category retained after rules miss,2026-08-02T07:33:46Z,ready,proposed_child,NO,NO,YES
ARD-2377,2377,معطر دبدوب مني باريس فيرس بيور هوم,Mini Paris,,4000,معطر دبدوب,معطرات المنزل والمفارش والجو,medium,معطرات المنزل والمفارش والجو,home-linen-air,medium,workbook category retained after rules miss,name=معطر دبدوب مني باريس فيرس بيور هوم; product_type=معطر دبدوب,approved,workbook category retained after rules miss,2026-08-02T07:33:46Z,ready,proposed_child,NO,NO,YES
ARD-2378,2378,معطر دبدوب مني باريس اسبري,Mini Paris,,4000,معطر دبدوب,معطرات المنزل والمفارش والجو,medium,معطرات المنزل والمفارش والجو,home-linen-air,medium,workbook category retained after rules miss,name=معطر دبدوب مني باريس اسبري; product_type=معطر دبدوب,approved,workbook category retained after rules miss,2026-08-02T07:33:46Z,ready,proposed_child,NO,NO,YES
ARD-2379,2379,معطر دبدوب مني باريس اوبس بلاك,Mini Paris,,4000,معطر دبدوب,معطرات المنزل والمفارش والجو,medium,معطرات المنزل والمفارش والجو,home-linen-air,medium,workbook category retained after rules miss,name=معطر دبدوب مني باريس اوبس بلاك; product_type=معطر دبدوب,approved,workbook category retained after rules miss,2026-08-02T07:33:46Z,ready,proposed_child,NO,NO,YES
ARD-2380,2380,معطر دبدوب مني باريس اتراكتف,Mini Paris,,4000,معطر دبدوب,معطرات المنزل والمفارش والجو,medium,معطرات المنزل والمفارش والجو,home-linen-air,medium,workbook category retained after rules miss,name=معطر دبدوب مني باريس اتراكتف; product_type=معطر دبدوب,approved,workbook category retained after rules miss,2026-08-02T07:33:46Z,ready,proposed_child,NO,NO,YES
ARD-2381,2381,معطر دبدوب مني باريس اورجين نوير,Mini Paris,,4000,معطر دبدوب,معطرات المنزل والمفارش والجو,medium,معطرات المنزل والمفارش والجو,home-linen-air,medium,workbook category retained after rules miss,name=معطر دبدوب مني باريس اورجين نوير; product_type=معطر دبدوب,approved,workbook category retained after rules miss,2026-08-02T07:33:46Z,ready,proposed_child,NO,NO,YES
ARD-2384,2384,معطر دبدوب مني باريس كول ليدي,Mini Paris,,4000,معطر دبدوب,معطرات المنزل والمفارش والجو,medium,معطرات المنزل والمفارش والجو,home-linen-air,medium,workbook category retained after rules miss,name=معطر دبدوب مني باريس كول ليدي; product_type=معطر دبدوب,approved,workbook category retained after rules miss,2026-08-02T07:33:46Z,ready,proposed_child,NO,NO,YES
ARD-2388,2388,معطر دبدوب مني باريس بلسما باريس,Mini Paris,,4000,معطر دبدوب,معطرات المنزل والمفارش والجو,medium,معطرات المنزل والمفارش والجو,home-linen-air,medium,workbook category retained after rules miss,name=معطر دبدوب مني باريس بلسما باريس; product_type=معطر دبدوب,approved,workbook category retained after rules miss,2026-08-02T07:33:46Z,ready,proposed_child,NO,NO,YES
ARD-2389,2389,معطر دبدوب مني باريس Eau Blue,Mini Paris,,4000,معطر دبدوب,معطرات المنزل والمفارش والجو,medium,معطرات المنزل والمفارش والجو,home-linen-air,medium,workbook category retained after rules miss,name=معطر دبدوب مني باريس Eau Blue; product_type=معطر دبدوب,approved,workbook category retained after rules miss,2026-08-02T07:33:46Z,ready,proposed_child,NO,NO,YES
ARD-2391,2391,معطر دبدوب مني باريس الايف,Mini Paris,,4000,معطر دبدوب,معطرات المنزل والمفارش والجو,medium,معطرات المنزل والمفارش والجو,home-linen-air,medium,workbook category retained after rules miss,name=معطر دبدوب مني باريس الايف; product_type=معطر دبدوب,approved,workbook category retained after rules miss,2026-08-02T07:33:46Z,ready,proposed_child,NO,NO,YES
ARD-2392,2392,معطر دبدوب مني باريس Mellennium Man,Mini Paris,,3000,معطر دبدوب,معطرات المنزل والمفارش والجو,medium,معطرات المنزل والمفارش والجو,home-linen-air,medium,workbook category retained after rules miss,name=معطر دبدوب مني باريس Mellennium Man; product_type=معطر دبدوب,approved,workbook category retained after rules miss,2026-08-02T07:33:46Z,ready,proposed_child,NO,NO,YES
ARD-2393,2393,معطر دبدوب مني باريس Carrere delegation,Mini Paris,,4000,معطر دبدوب,معطرات المنزل والمفارش والجو,medium,معطرات المنزل والمفارش والجو,home-linen-air,medium,workbook category retained after rules miss,name=معطر دبدوب مني باريس Carrere delegation; product_type=معطر دبدوب,approved,workbook category retained after rules miss,2026-08-02T07:33:46Z,ready,proposed_child,NO,NO,YES
ARD-2394,2394,معطر دبدوب مني باريس مون لكت,Mini Paris,,4000,معطر دبدوب,معطرات المنزل والمفارش والجو,medium,معطرات المنزل والمفارش والجو,home-linen-air,medium,workbook category retained after rules miss,name=معطر دبدوب مني باريس مون لكت; product_type=معطر دبدوب,approved,workbook category retained after rules miss,2026-08-02T07:33:46Z,ready,proposed_child,NO,NO,YES
ARD-2395,2395,معطر دبدوب مني باريس انتينستي,Mini Paris,,4000,معطر دبدوب,معطرات المنزل والمفارش والجو,medium,معطرات المنزل والمفارش والجو,home-linen-air,medium,workbook category retained after rules miss,name=معطر دبدوب مني باريس انتينستي; product_type=معطر دبدوب,approved,workbook category retained after rules miss,2026-08-02T07:33:46Z,ready,proposed_child,NO,NO,YES
ARD-2397,2397,معطر دبدوب مني باريس دانيس براون,Mini Paris,,4000,معطر دبدوب,معطرات المنزل والمفارش والجو,medium,معطرات المنزل والمفارش والجو,home-linen-air,medium,workbook category retained after rules miss,name=معطر دبدوب مني باريس دانيس براون; product_type=معطر دبدوب,approved,workbook category retained after rules miss,2026-08-02T07:33:46Z,ready,proposed_child,NO,NO,YES
ARD-2398,2398,معطر دبدوب مني باريس فلورال,Mini Paris,,4000,معطر دبدوب,معطرات المنزل والمفارش والجو,medium,معطرات المنزل والمفارش والجو,home-linen-air,medium,workbook category retained after rules miss,name=معطر دبدوب مني باريس فلورال; product_type=معطر دبدوب,approved,workbook category retained after rules miss,2026-08-02T07:33:46Z,ready,proposed_child,NO,NO,YES
ARD-2399,2399,معطر دبدوب مني باريس La Nina,Mini Paris,,4000,معطر دبدوب,معطرات المنزل والمفارش والجو,medium,معطرات المنزل والمفارش والجو,home-linen-air,medium,workbook category retained after rules miss,name=معطر دبدوب مني باريس La Nina; product_type=معطر دبدوب,approved,workbook category retained after rules miss,2026-08-02T07:33:46Z,ready,proposed_child,NO,NO,YES
ARD-2400,2400,معطر دبدوب مني باريس دريم روز,Mini Paris,,4000,معطر دبدوب,معطرات المنزل والمفارش والجو,medium,معطرات المنزل والمفارش والجو,home-linen-air,medium,workbook category retained after rules miss,name=معطر دبدوب مني باريس دريم روز; product_type=معطر دبدوب,approved,workbook category retained after rules miss,2026-08-02T07:33:46Z,ready,proposed_child,NO,NO,YES
ARD-2407,2407,معطر دبدوب مني باريس سيكرت انجل,Mini Paris,,4000,معطر دبدوب,معطرات المنزل والمفارش والجو,medium,معطرات المنزل والمفارش والجو,home-linen-air,medium,workbook category retained after rules miss,name=معطر دبدوب مني باريس سيكرت انجل; product_type=معطر دبدوب,approved,workbook category retained after rules miss,2026-08-02T07:33:46Z,ready,proposed_child,NO,NO,YES
ARD-2408,2408,معطر دبدوب مني باريس سافيور,Mini Paris,,3000,معطر دبدوب,معطرات المنزل والمفارش والجو,medium,معطرات المنزل والمفارش والجو,home-linen-air,medium,workbook category retained after rules miss,name=معطر دبدوب مني باريس سافيور; product_type=معطر دبدوب,approved,workbook category retained after rules miss,2026-08-02T07:33:46Z,ready,proposed_child,NO,NO,YES
ARD-2409,2409,معطر دبدوب مني باريس مني بلوم,Mini Paris,,4000,معطر دبدوب,معطرات المنزل والمفارش والجو,medium,معطرات المنزل والمفارش والجو,home-linen-air,medium,workbook category retained after rules miss,name=معطر دبدوب مني باريس مني بلوم; product_type=معطر دبدوب,approved,workbook category retained after rules miss,2026-08-02T07:33:46Z,ready,proposed_child,NO,NO,YES
ARD-2410,2410,معطر دبدوب مني باريس شي احمر,Mini Paris,,4000,معطر دبدوب,معطرات المنزل والمفارش والجو,medium,معطرات المنزل والمفارش والجو,home-linen-air,medium,workbook category retained after rules miss,name=معطر دبدوب مني باريس شي احمر; product_type=معطر دبدوب,approved,workbook category retained after rules miss,2026-08-02T07:33:46Z,ready,proposed_child,NO,NO,YES
ARD-2411,2411,معطر دبدوب مني باريس ميراج,Mini Paris,,4000,معطر دبدوب,معطرات المنزل والمفارش والجو,medium,معطرات المنزل والمفارش والجو,home-linen-air,medium,workbook category retained after rules miss,name=معطر دبدوب مني باريس ميراج; product_type=معطر دبدوب,approved,workbook category retained after rules miss,2026-08-02T07:33:46Z,ready,proposed_child,NO,NO,YES
ARD-2412,2412,معطر دبدوب مني باريس ترنت بارفوم,Mini Paris,,3000,معطر دبدوب,معطرات المنزل والمفارش والجو,medium,معطرات المنزل والمفارش والجو,home-linen-air,medium,workbook category retained after rules miss,name=معطر دبدوب مني باريس ترنت بارفوم; product_type=معطر دبدوب,approved,workbook category retained after rules miss,2026-08-02T07:33:46Z,ready,proposed_child,NO,NO,YES
ARD-2413,2413,معطر دبدوب مني باريس فايند مي,Mini Paris,,4000,معطر دبدوب,معطرات المنزل والمفارش والجو,medium,معطرات المنزل والمفارش والجو,home-linen-air,medium,workbook category retained after rules miss,name=معطر دبدوب مني باريس فايند مي; product_type=معطر دبدوب,approved,workbook category retained after rules miss,2026-08-02T07:33:46Z,ready,proposed_child,NO,NO,YES
ARD-2415,2415,معطر دبدوب مني باريس اليسا,Mini Paris,,4000,معطر دبدوب,معطرات المنزل والمفارش والجو,medium,معطرات المنزل والمفارش والجو,home-linen-air,medium,workbook category retained after rules miss,name=معطر دبدوب مني باريس اليسا; product_type=معطر دبدوب,approved,workbook category retained after rules miss,2026-08-02T07:33:46Z,ready,proposed_child,NO,NO,YES
ARD-2416,2416,معطر دبدوب مني باريس BASSION,Mini Paris,,4000,معطر دبدوب,معطرات المنزل والمفارش والجو,medium,معطرات المنزل والمفارش والجو,home-linen-air,medium,workbook category retained after rules miss,name=معطر دبدوب مني باريس BASSION; product_type=معطر دبدوب,approved,workbook category retained after rules miss,2026-08-02T07:33:46Z,ready,proposed_child,NO,NO,YES
ARD-2420,2420,معطر دبدوب مني باريس فيري سينس وردي,Mini Paris,,4000,معطر دبدوب,معطرات المنزل والمفارش والجو,medium,معطرات المنزل والمفارش والجو,home-linen-air,medium,workbook category retained after rules miss,name=معطر دبدوب مني باريس فيري سينس وردي; product_type=معطر دبدوب,approved,workbook category retained after rules miss,2026-08-02T07:33:46Z,ready,proposed_child,NO,NO,YES
ARD-2813,2813,معطر دبدوب مني باريس بلو انتينس,Mini Paris,,4000,معطر دبدوب,معطرات المنزل والمفارش والجو,medium,معطرات المنزل والمفارش والجو,home-linen-air,medium,workbook category retained after rules miss,name=معطر دبدوب مني باريس بلو انتينس; product_type=معطر دبدوب,approved,workbook category retained after rules miss,2026-08-02T07:33:46Z,ready,proposed_child,NO,NO,YES
ARD-3632,3632,معطر دبدوب مني باريس اي يو دي بلو هوم,Mini Paris,,4000,معطر دبدوب,معطرات المنزل والمفارش والجو,medium,معطرات المنزل والمفارش والجو,home-linen-air,medium,workbook category retained after rules miss,name=معطر دبدوب مني باريس اي يو دي بلو هوم; product_type=معطر دبدوب,approved,workbook category retained after rules miss,2026-08-02T07:33:46Z,ready,proposed_child,NO,NO,YES
ARD-3634,3634,معطر دبدوب مني باريس بلو انتنشن,Mini Paris,,4000,معطر دبدوب,معطرات المنزل والمفارش والجو,medium,معطرات المنزل والمفارش والجو,home-linen-air,medium,workbook category retained after rules miss,name=معطر دبدوب مني باريس بلو انتنشن; product_type=معطر دبدوب,approved,workbook category retained after rules miss,2026-08-02T07:33:46Z,ready,proposed_child,NO,NO,YES
ARD-3636,3636,معطر دبدوب مني باريس فيرسالي بيور هوم,Mini Paris,,4000,معطر دبدوب,معطرات المنزل والمفارش والجو,medium,معطرات المنزل والمفارش والجو,home-linen-air,medium,workbook category retained after rules miss,name=معطر دبدوب مني باريس فيرسالي بيور هوم; product_type=معطر دبدوب,approved,workbook category retained after rules miss,2026-08-02T07:33:46Z,ready,proposed_child,NO,NO,YES
ARD-3637,3637,معطر دبدوب مني باريس مايستري فور ومن,Mini Paris,,4000,معطر دبدوب,معطرات المنزل والمفارش والجو,medium,معطرات المنزل والمفارش والجو,home-linen-air,medium,workbook category retained after rules miss,name=معطر دبدوب مني باريس مايستري فور ومن; product_type=معطر دبدوب,approved,workbook category retained after rules miss,2026-08-02T07:33:46Z,ready,proposed_child,NO,NO,YES
ARD-3638,3638,معطر دبدوب مني باريس اكس اكس,Mini Paris,,4000,معطر دبدوب,معطرات المنزل والمفارش والجو,medium,معطرات المنزل والمفارش والجو,home-linen-air,medium,workbook category retained after rules miss,name=معطر دبدوب مني باريس اكس اكس; product_type=معطر دبدوب,approved,workbook category retained after rules miss,2026-08-02T07:33:46Z,ready,proposed_child,NO,NO,YES
ARD-3639,3639,معطر دبدوب مني باريس برايم,Mini Paris,,4000,معطر دبدوب,معطرات المنزل والمفارش والجو,medium,معطرات المنزل والمفارش والجو,home-linen-air,medium,workbook category retained after rules miss,name=معطر دبدوب مني باريس برايم; product_type=معطر دبدوب,approved,workbook category retained after rules miss,2026-08-02T07:33:46Z,ready,proposed_child,NO,NO,YES
ARD-3640,3640,معطر دبدوب مني باريس باشون هوم,Mini Paris,,4000,معطر دبدوب,معطرات المنزل والمفارش والجو,medium,معطرات المنزل والمفارش والجو,home-linen-air,medium,workbook category retained after rules miss,name=معطر دبدوب مني باريس باشون هوم; product_type=معطر دبدوب,approved,workbook category retained after rules miss,2026-08-02T07:33:46Z,ready,proposed_child,NO,NO,YES
ARD-3641,3641,معطر دبدوب مني باريس فري سنس بلاك كرستال,Mini Paris,,4000,معطر دبدوب,معطرات المنزل والمفارش والجو,medium,معطرات المنزل والمفارش والجو,home-linen-air,medium,workbook category retained after rules miss,name=معطر دبدوب مني باريس فري سنس بلاك كرستال; product_type=معطر دبدوب,approved,workbook category retained after rules miss,2026-08-02T07:33:46Z,ready,proposed_child,NO,NO,YES
ARD-14,14,عطر MINI 25 مل 1018 شانيل 5,غير محدد,25 مل,3000,عطر صغير أو ميني,العطور الصغيرة والميني,medium,العطور الصغيرة والميني,mini-travel-perfume,high,perfume with size<=30ml,name=عطر MINI 25 مل 1018 شانيل 5; product_type=عطر صغير أو ميني,approved,perfume with size<=30ml,2026-08-02T07:33:46Z,merchant_confirmation,proposed_child,NO,NO,YES
ARD-978,978,عطر 25 MINI مل 1032 جادور فويلي,غير محدد,,4000,عطر صغير أو ميني,العطور الصغيرة والميني,medium,العطور الصغيرة والميني,mini-travel-perfume,high,explicit mini/travel label,name=عطر 25 MINI مل 1032 جادور فويلي; product_type=عطر صغير أو ميني,approved,explicit mini/travel label,2026-08-02T07:33:46Z,merchant_confirmation,proposed_child,NO,NO,YES
ARD-1206,1206,جورجيوس بيور فيم اسود,غير محدد,,6000,غير محدد,العطور,low,العطور,perfumes,low,workbook category retained after rules miss,name=جورجيوس بيور فيم اسود; product_type=غير محدد,approved,workbook category retained after rules miss,2026-08-02T07:33:46Z,merchant_confirmation,proposed_child,NO,NO,YES
ARD-1708,1708,عطر شعر 50 مل دارك دزاير,VERT,50 مل,8000,عطر شعر,العناية بالشعر وعطور الشعر,high,العناية بالشعر وعطور الشعر,hair-care-fragrance,high,explicit hair fragrance,name=عطر شعر 50 مل دارك دزاير; product_type=عطر شعر,approved,explicit hair fragrance,2026-08-02T07:33:46Z,ready,proposed_child,NO,NO,NO
ARD-1709,1709,عطر شعر 50 مل سنسير,VERT,50 مل,8000,عطر شعر,العناية بالشعر وعطور الشعر,high,العناية بالشعر وعطور الشعر,hair-care-fragrance,high,explicit hair fragrance,name=عطر شعر 50 مل سنسير; product_type=عطر شعر,approved,explicit hair fragrance,2026-08-02T07:33:46Z,ready,proposed_child,NO,NO,NO
ARD-1992,1992,عطر شعر 50 مل بيور كولد,So Cute,50 مل,9000,عطر شعر,العناية بالشعر وعطور الشعر,high,العناية بالشعر وعطور الشعر,hair-care-fragrance,high,explicit hair fragrance,name=عطر شعر 50 مل بيور كولد; product_type=عطر شعر,approved,explicit hair fragrance,2026-08-02T07:33:46Z,ready,proposed_child,NO,NO,NO
ARD-2575,2575,كريم سحب لون,غير محدد,,4000,عناية وصبغات الشعر,العناية بالشعر وعطور الشعر,high,صبغة ومستلزمات صالون للشعر,pro-hair-color-care,high,explicit hair-color; reuse existing production category,name=كريم سحب لون; product_type=عناية وصبغات الشعر,corrected,explicit hair-color; reuse existing production category,2026-08-02T07:33:46Z,merchant_confirmation,existing_root,NO,YES,YES
ARD-2818,2818,عطر وجد 65 مل,Wasm,65 مل,31000,عطر,العطور,high,العطور,perfumes,high,standard perfume,name=عطر وجد 65 مل; product_type=عطر,approved,standard perfume,2026-08-02T07:33:46Z,ready,proposed_child,NO,NO,YES
ARD-2822,2822,عطر ياروحي 85 مل,Wasm,85 مل,23000,عطر,العطور,high,العطور,perfumes,high,standard perfume,name=عطر ياروحي 85 مل; product_type=عطر,approved,standard perfume,2026-08-02T07:33:46Z,ready,proposed_child,NO,NO,YES
ARD-2889,2889,عطر بودري 100 مل,Zebra,100 مل,9000,عطر,العطور,high,العطور,perfumes,high,standard perfume,name=عطر بودري 100 مل; product_type=عطر,approved,standard perfume,2026-08-02T07:33:46Z,ready,proposed_child,NO,NO,YES
ARD-2986,2986,معطر بلو ستورم 200 مل,VURV,200 مل,3000,معطر,معطرات الجسم والبودي مست,medium,معطرات الجسم والبودي مست,body-mist-splash,medium,workbook category retained after rules miss,name=معطر بلو ستورم 200 مل; product_type=معطر,approved,workbook category retained after rules miss,2026-08-02T07:33:46Z,ready,proposed_child,NO,NO,YES
ARD-2988,2988,معطر كلوريوس عود 200 مل,VURV,200 مل,3000,معطر,معطرات الجسم والبودي مست,medium,معطرات الجسم والبودي مست,body-mist-splash,medium,workbook category retained after rules miss,name=معطر كلوريوس عود 200 مل; product_type=معطر,approved,workbook category retained after rules miss,2026-08-02T07:33:46Z,ready,proposed_child,NO,NO,YES
ARD-2994,2994,معطر مون برايف 200 مل,VURV,200 مل,3000,معطر,معطرات الجسم والبودي مست,medium,معطرات الجسم والبودي مست,body-mist-splash,medium,workbook category retained after rules miss,name=معطر مون برايف 200 مل; product_type=معطر,approved,workbook category retained after rules miss,2026-08-02T07:33:46Z,ready,proposed_child,NO,NO,YES
ARD-2995,2995,معطر يورك 200 مل,VURV,200 مل,3000,معطر,معطرات الجسم والبودي مست,medium,معطرات الجسم والبودي مست,body-mist-splash,medium,workbook category retained after rules miss,name=معطر يورك 200 مل; product_type=معطر,approved,workbook category retained after rules miss,2026-08-02T07:33:46Z,ready,proposed_child,NO,NO,YES
ARD-2998,2998,معطر جينيس مان 200 مل,VURV,200 مل,3000,معطر,معطرات الجسم والبودي مست,medium,معطرات الجسم والبودي مست,body-mist-splash,medium,workbook category retained after rules miss,name=معطر جينيس مان 200 مل; product_type=معطر,approved,workbook category retained after rules miss,2026-08-02T07:33:46Z,ready,proposed_child,NO,NO,YES
ARD-3001,3001,معطر كنكلي 200 مل,VURV,200 مل,3000,معطر,معطرات الجسم والبودي مست,medium,معطرات الجسم والبودي مست,body-mist-splash,medium,workbook category retained after rules miss,name=معطر كنكلي 200 مل; product_type=معطر,approved,workbook category retained after rules miss,2026-08-02T07:33:46Z,ready,proposed_child,NO,NO,YES
ARD-3005,3005,معطر اوريانا 200 مل,VURV,200 مل,3000,معطر,معطرات الجسم والبودي مست,medium,معطرات الجسم والبودي مست,body-mist-splash,medium,workbook category retained after rules miss,name=معطر اوريانا 200 مل; product_type=معطر,approved,workbook category retained after rules miss,2026-08-02T07:33:46Z,ready,proposed_child,NO,NO,YES
ARD-3008,3008,معطر فورايفر يونك مان 200 مل,VURV,200 مل,3000,معطر,معطرات الجسم والبودي مست,medium,معطرات الجسم والبودي مست,body-mist-splash,medium,workbook category retained after rules miss,name=معطر فورايفر يونك مان 200 مل; product_type=معطر,approved,workbook category retained after rules miss,2026-08-02T07:33:46Z,ready,proposed_child,NO,NO,YES
ARD-3009,3009,معطر رومور هوم 200 مل,VURV,200 مل,3000,معطر,معطرات الجسم والبودي مست,medium,معطرات الجسم والبودي مست,body-mist-splash,medium,workbook category retained after rules miss,name=معطر رومور هوم 200 مل; product_type=معطر,approved,workbook category retained after rules miss,2026-08-02T07:33:46Z,ready,proposed_child,NO,NO,YES
ARD-3012,3012,معطر فونيكس 200 مل,VURV,200 مل,3000,معطر,معطرات الجسم والبودي مست,medium,معطرات الجسم والبودي مست,body-mist-splash,medium,workbook category retained after rules miss,name=معطر فونيكس 200 مل; product_type=معطر,approved,workbook category retained after rules miss,2026-08-02T07:33:46Z,ready,proposed_child,NO,NO,YES
ARD-3016,3016,معطر فيرزانت كرستال 200 مل,VURV,200 مل,3000,معطر,معطرات الجسم والبودي مست,medium,معطرات الجسم والبودي مست,body-mist-splash,medium,workbook category retained after rules miss,name=معطر فيرزانت كرستال 200 مل; product_type=معطر,approved,workbook category retained after rules miss,2026-08-02T07:33:46Z,ready,proposed_child,NO,NO,YES
ARD-3158,3158,معطر جسم بودري,Zebra,,3000,معطر جسم أو بودي مست,معطرات الجسم والبودي مست,high,معطرات الجسم والبودي مست,body-mist-splash,high,explicit body mist/splash,name=معطر جسم بودري; product_type=معطر جسم أو بودي مست,approved,explicit body mist/splash,2026-08-02T07:33:46Z,ready,proposed_child,NO,NO,YES
ARD-3319,3319,معطر الهيبة 200 مل / جبل,الهيبة,200 مل,3000,معطر,معطرات الجسم والبودي مست,medium,معطرات الجسم والبودي مست,body-mist-splash,medium,workbook category retained after rules miss,name=معطر الهيبة 200 مل / جبل; product_type=معطر,approved,workbook category retained after rules miss,2026-08-02T07:33:46Z,ready,proposed_child,NO,NO,YES
ARD-3320,3320,معطر الهيبة 200 مل / رانيا,الهيبة,200 مل,3000,معطر,معطرات الجسم والبودي مست,medium,معطرات الجسم والبودي مست,body-mist-splash,medium,workbook category retained after rules miss,name=معطر الهيبة 200 مل / رانيا; product_type=معطر,approved,workbook category retained after rules miss,2026-08-02T07:33:46Z,ready,proposed_child,NO,NO,YES
ARD-3322,3322,معطر الهيبة 200 مل / منى,الهيبة,200 مل,3000,معطر,معطرات الجسم والبودي مست,medium,معطرات الجسم والبودي مست,body-mist-splash,medium,workbook category retained after rules miss,name=معطر الهيبة 200 مل / منى; product_type=معطر,approved,workbook category retained after rules miss,2026-08-02T07:33:46Z,ready,proposed_child,NO,NO,YES
ARD-3323,3323,معطر الهيبة 200 مل / مروة,الهيبة,200 مل,3000,معطر,معطرات الجسم والبودي مست,medium,معطرات الجسم والبودي مست,body-mist-splash,medium,workbook category retained after rules miss,name=معطر الهيبة 200 مل / مروة; product_type=معطر,approved,workbook category retained after rules miss,2026-08-02T07:33:46Z,ready,proposed_child,NO,NO,YES
ARD-3324,3324,معطر الهيبة 200 مل / شاهين,الهيبة,200 مل,3000,معطر,معطرات الجسم والبودي مست,medium,معطرات الجسم والبودي مست,body-mist-splash,medium,workbook category retained after rules miss,name=معطر الهيبة 200 مل / شاهين; product_type=معطر,approved,workbook category retained after rules miss,2026-08-02T07:33:46Z,ready,proposed_child,NO,NO,YES
ARD-3325,3325,معطر الهيبة 200 مل / سلطان,الهيبة,200 مل,3000,معطر,معطرات الجسم والبودي مست,medium,معطرات الجسم والبودي مست,body-mist-splash,medium,workbook category retained after rules miss,name=معطر الهيبة 200 مل / سلطان; product_type=معطر,approved,workbook category retained after rules miss,2026-08-02T07:33:46Z,ready,proposed_child,NO,NO,YES
ARD-3326,3326,معطر الهيبة 200 مل / فهد,الهيبة,200 مل,3000,معطر,معطرات الجسم والبودي مست,medium,معطرات الجسم والبودي مست,body-mist-splash,medium,workbook category retained after rules miss,name=معطر الهيبة 200 مل / فهد; product_type=معطر,approved,workbook category retained after rules miss,2026-08-02T07:33:46Z,ready,proposed_child,NO,NO,YES
ARD-3328,3328,معطر الهيبة 200 مل / نمر,الهيبة,200 مل,3000,معطر,معطرات الجسم والبودي مست,medium,معطرات الجسم والبودي مست,body-mist-splash,medium,workbook category retained after rules miss,name=معطر الهيبة 200 مل / نمر; product_type=معطر,approved,workbook category retained after rules miss,2026-08-02T07:33:46Z,ready,proposed_child,NO,NO,YES
ARD-3329,3329,معطر الهيبة 200 مل / صخر,الهيبة,200 مل,3000,معطر,معطرات الجسم والبودي مست,medium,معطرات الجسم والبودي مست,body-mist-splash,medium,workbook category retained after rules miss,name=معطر الهيبة 200 مل / صخر; product_type=معطر,approved,workbook category retained after rules miss,2026-08-02T07:33:46Z,ready,proposed_child,NO,NO,YES
ARD-3330,3330,معطر الهيبة 200 مل / نور,الهيبة,200 مل,3000,معطر,معطرات الجسم والبودي مست,medium,معطرات الجسم والبودي مست,body-mist-splash,medium,workbook category retained after rules miss,name=معطر الهيبة 200 مل / نور; product_type=معطر,approved,workbook category retained after rules miss,2026-08-02T07:33:46Z,ready,proposed_child,NO,NO,YES
ARD-139,139,معطر شيخ زايد اصدار محدود,غير محدد,,2000,معطر,معطرات الجسم والبودي مست,medium,معطرات الجسم والبودي مست,body-mist-splash,medium,workbook category retained after rules miss,name=معطر شيخ زايد اصدار محدود; product_type=معطر,approved,workbook category retained after rules miss,2026-08-02T07:33:46Z,merchant_confirmation,proposed_child,NO,NO,YES
ARD-143,143,معطر شيخ زايد ملكي,غير محدد,,3000,معطر,معطرات الجسم والبودي مست,medium,معطرات الجسم والبودي مست,body-mist-splash,medium,workbook category retained after rules miss,name=معطر شيخ زايد ملكي; product_type=معطر,approved,workbook category retained after rules miss,2026-08-02T07:33:46Z,merchant_confirmation,proposed_child,NO,NO,YES
ARD-153,153,معطر كلمات الحب,غير محدد,,2000,معطر,معطرات الجسم والبودي مست,medium,معطرات الجسم والبودي مست,body-mist-splash,medium,workbook category retained after rules miss,name=معطر كلمات الحب; product_type=معطر,approved,workbook category retained after rules miss,2026-08-02T07:33:46Z,merchant_confirmation,proposed_child,NO,NO,YES
ARD-1131,1131,معطر غلاها خصوصي,غير محدد,,2000,معطر,معطرات الجسم والبودي مست,medium,معطرات الجسم والبودي مست,body-mist-splash,medium,workbook category retained after rules miss,name=معطر غلاها خصوصي; product_type=معطر,approved,workbook category retained after rules miss,2026-08-02T07:33:46Z,merchant_confirmation,proposed_child,NO,NO,YES
ARD-1132,1132,معطر غلاها ملكي,غير محدد,,2000,معطر,معطرات الجسم والبودي مست,medium,معطرات الجسم والبودي مست,body-mist-splash,medium,workbook category retained after rules miss,name=معطر غلاها ملكي; product_type=معطر,approved,workbook category retained after rules miss,2026-08-02T07:33:46Z,merchant_confirmation,proposed_child,NO,NO,YES
ARD-1134,1134,معطر غلاها مميز,غير محدد,,2000,معطر,معطرات الجسم والبودي مست,medium,معطرات الجسم والبودي مست,body-mist-splash,medium,workbook category retained after rules miss,name=معطر غلاها مميز; product_type=معطر,approved,workbook category retained after rules miss,2026-08-02T07:33:46Z,merchant_confirmation,proposed_child,NO,NO,YES
ARD-1137,1137,معطر كيان نسائي,غير محدد,,3000,معطر,معطرات الجسم والبودي مست,medium,معطرات الجسم والبودي مست,body-mist-splash,medium,workbook category retained after rules miss,name=معطر كيان نسائي; product_type=معطر,approved,workbook category retained after rules miss,2026-08-02T07:33:46Z,merchant_confirmation,proposed_child,NO,NO,YES
ARD-1613,1613,معطر 1004,غير محدد,,2000,معطر,معطرات الجسم والبودي مست,medium,معطرات الجسم والبودي مست,body-mist-splash,medium,workbook category retained after rules miss,name=معطر 1004; product_type=معطر,approved,workbook category retained after rules miss,2026-08-02T07:33:46Z,merchant_confirmation,proposed_child,NO,NO,YES
ARD-1620,1620,معطر 1034,غير محدد,,2000,معطر,معطرات الجسم والبودي مست,medium,معطرات الجسم والبودي مست,body-mist-splash,medium,workbook category retained after rules miss,name=معطر 1034; product_type=معطر,approved,workbook category retained after rules miss,2026-08-02T07:33:46Z,merchant_confirmation,proposed_child,NO,NO,YES
ARD-2022,2022,معطر دانتيل 200 مل,غير محدد,200 مل,3000,معطر,معطرات الجسم والبودي مست,medium,معطرات الجسم والبودي مست,body-mist-splash,medium,workbook category retained after rules miss,name=معطر دانتيل 200 مل; product_type=معطر,approved,workbook category retained after rules miss,2026-08-02T07:33:46Z,merchant_confirmation,proposed_child,NO,NO,YES
ARD-2029,2029,معطر كادي ازوري 200 مل,غير محدد,200 مل,3000,معطر,معطرات الجسم والبودي مست,medium,معطرات الجسم والبودي مست,body-mist-splash,medium,workbook category retained after rules miss,name=معطر كادي ازوري 200 مل; product_type=معطر,approved,workbook category retained after rules miss,2026-08-02T07:33:46Z,merchant_confirmation,proposed_child,NO,NO,YES
ARD-3608,3608,معطر دبدوب مني كرستال لايف بوتفل,Mini Crystal,,4000,معطر دبدوب,معطرات المنزل والمفارش والجو,medium,معطرات المنزل والمفارش والجو,home-linen-air,medium,workbook category retained after rules miss,name=معطر دبدوب مني كرستال لايف بوتفل; product_type=معطر دبدوب,approved,workbook category retained after rules miss,2026-08-02T07:33:46Z,ready,proposed_child,NO,NO,YES
ARD-3609,3609,معطر دبدوب مني كرستال اكس مني كرستال,Mini Crystal,,4000,معطر دبدوب,معطرات المنزل والمفارش والجو,medium,معطرات المنزل والمفارش والجو,home-linen-air,medium,workbook category retained after rules miss,name=معطر دبدوب مني كرستال اكس مني كرستال; product_type=معطر دبدوب,approved,workbook category retained after rules miss,2026-08-02T07:33:46Z,ready,proposed_child,NO,NO,YES
ARD-3610,3610,معطر دبدوب مني كرستال اوبلنت ليدي,Mini Crystal,,4000,معطر دبدوب,معطرات المنزل والمفارش والجو,medium,معطرات المنزل والمفارش والجو,home-linen-air,medium,workbook category retained after rules miss,name=معطر دبدوب مني كرستال اوبلنت ليدي; product_type=معطر دبدوب,approved,workbook category retained after rules miss,2026-08-02T07:33:46Z,ready,proposed_child,NO,NO,YES
ARD-3611,3611,معطر دبدوب مني كرستال روجي هوم,Mini Crystal,,4000,معطر دبدوب,معطرات المنزل والمفارش والجو,medium,معطرات المنزل والمفارش والجو,home-linen-air,medium,workbook category retained after rules miss,name=معطر دبدوب مني كرستال روجي هوم; product_type=معطر دبدوب,approved,workbook category retained after rules miss,2026-08-02T07:33:46Z,ready,proposed_child,NO,NO,YES
ARD-3612,3612,معطر دبدوب مني كرستال سو كات,Mini Crystal,,5000,معطر دبدوب,معطرات المنزل والمفارش والجو,medium,معطرات المنزل والمفارش والجو,home-linen-air,medium,workbook category retained after rules miss,name=معطر دبدوب مني كرستال سو كات; product_type=معطر دبدوب,approved,workbook category retained after rules miss,2026-08-02T07:33:46Z,ready,proposed_child,NO,NO,YES
ARD-3613,3613,معطر دبدوب مني كرستال سويت كيل,Mini Crystal,,4000,معطر دبدوب,معطرات المنزل والمفارش والجو,medium,معطرات المنزل والمفارش والجو,home-linen-air,medium,workbook category retained after rules miss,name=معطر دبدوب مني كرستال سويت كيل; product_type=معطر دبدوب,approved,workbook category retained after rules miss,2026-08-02T07:33:46Z,ready,proposed_child,NO,NO,YES
ARD-3614,3614,معطر دبدوب مني كرستال اسينس عود,Mini Crystal,,4000,معطر دبدوب,معطرات المنزل والمفارش والجو,medium,معطرات المنزل والمفارش والجو,home-linen-air,medium,workbook category retained after rules miss,name=معطر دبدوب مني كرستال اسينس عود; product_type=معطر دبدوب,approved,workbook category retained after rules miss,2026-08-02T07:33:46Z,ready,proposed_child,NO,NO,YES
ARD-3615,3615,معطر دبدوب مني كرستال بلو اوروس,Mini Crystal,,4000,معطر دبدوب,معطرات المنزل والمفارش والجو,medium,معطرات المنزل والمفارش والجو,home-linen-air,medium,workbook category retained after rules miss,name=معطر دبدوب مني كرستال بلو اوروس; product_type=معطر دبدوب,approved,workbook category retained after rules miss,2026-08-02T07:33:46Z,ready,proposed_child,NO,NO,YES
ARD-3616,3616,معطر دبدوب مني كرستال اوبلنت كولد,Mini Crystal,,4000,معطر دبدوب,معطرات المنزل والمفارش والجو,medium,معطرات المنزل والمفارش والجو,home-linen-air,medium,workbook category retained after rules miss,name=معطر دبدوب مني كرستال اوبلنت كولد; product_type=معطر دبدوب,approved,workbook category retained after rules miss,2026-08-02T07:33:46Z,ready,proposed_child,NO,NO,YES
ARD-3617,3617,معطر دبدوب مني كرستال وايت مسك,Mini Crystal,,4000,معطر دبدوب,معطرات المنزل والمفارش والجو,medium,المسك والمخمريات والعطور الزيتية,musk-oils-mukhammaria,high,explicit musk/oil/mukhammaria,name=معطر دبدوب مني كرستال وايت مسك; product_type=معطر دبدوب,corrected,explicit musk/oil/mukhammaria,2026-08-02T07:33:46Z,ready,proposed_child,NO,YES,YES
ARD-3618,3618,معطر دبدوب مني كرستال بور هومي لاكسي,Mini Crystal,,4000,معطر دبدوب,معطرات المنزل والمفارش والجو,medium,معطرات المنزل والمفارش والجو,home-linen-air,medium,workbook category retained after rules miss,name=معطر دبدوب مني كرستال بور هومي لاكسي; product_type=معطر دبدوب,approved,workbook category retained after rules miss,2026-08-02T07:33:46Z,ready,proposed_child,NO,NO,YES
ARD-3619,3619,معطر دبدوب مني كرستال شالينه 24,Mini Crystal,,4000,معطر دبدوب,معطرات المنزل والمفارش والجو,medium,معطرات المنزل والمفارش والجو,home-linen-air,medium,workbook category retained after rules miss,name=معطر دبدوب مني كرستال شالينه 24; product_type=معطر دبدوب,approved,workbook category retained after rules miss,2026-08-02T07:33:46Z,ready,proposed_child,NO,NO,YES
ARD-3620,3620,معطر دبدوب مني كرستال سلفر كرستال,Mini Crystal,,4000,معطر دبدوب,معطرات المنزل والمفارش والجو,medium,معطرات المنزل والمفارش والجو,home-linen-air,medium,workbook category retained after rules miss,name=معطر دبدوب مني كرستال سلفر كرستال; product_type=معطر دبدوب,approved,workbook category retained after rules miss,2026-08-02T07:33:46Z,ready,proposed_child,NO,NO,YES
ARD-3621,3621,معطر دبدوب مني كرستال بولرينه,Mini Crystal,,4000,معطر دبدوب,معطرات المنزل والمفارش والجو,medium,معطرات المنزل والمفارش والجو,home-linen-air,medium,workbook category retained after rules miss,name=معطر دبدوب مني كرستال بولرينه; product_type=معطر دبدوب,approved,workbook category retained after rules miss,2026-08-02T07:33:46Z,ready,proposed_child,NO,NO,YES
ARD-3622,3622,معطر دبدوب مني كرستال سافيور,Mini Crystal,,5000,معطر دبدوب,معطرات المنزل والمفارش والجو,medium,معطرات المنزل والمفارش والجو,home-linen-air,medium,workbook category retained after rules miss,name=معطر دبدوب مني كرستال سافيور; product_type=معطر دبدوب,approved,workbook category retained after rules miss,2026-08-02T07:33:46Z,ready,proposed_child,NO,NO,YES
ARD-3623,3623,معطر دبدوب مني كرستال بلاك دايموند,Mini Crystal,,4000,معطر دبدوب,معطرات المنزل والمفارش والجو,medium,معطرات المنزل والمفارش والجو,home-linen-air,medium,workbook category retained after rules miss,name=معطر دبدوب مني كرستال بلاك دايموند; product_type=معطر دبدوب,approved,workbook category retained after rules miss,2026-08-02T07:33:46Z,ready,proposed_child,NO,NO,YES
ARD-3624,3624,معطر دبدوب مني كرستال ادفانجر,Mini Crystal,,4000,معطر دبدوب,معطرات المنزل والمفارش والجو,medium,معطرات المنزل والمفارش والجو,home-linen-air,medium,workbook category retained after rules miss,name=معطر دبدوب مني كرستال ادفانجر; product_type=معطر دبدوب,approved,workbook category retained after rules miss,2026-08-02T07:33:46Z,ready,proposed_child,NO,NO,YES
ARD-2266,2266,منظف دبدوب ايليت,دار المسك,,6000,معطر دبدوب,معطرات المنزل والمفارش والجو,medium,معطرات المنزل والمفارش والجو,home-linen-air,medium,workbook category retained after rules miss,name=منظف دبدوب ايليت; product_type=معطر دبدوب,approved,workbook category retained after rules miss,2026-08-02T07:33:46Z,ready,proposed_child,NO,NO,YES
ARD-2267,2267,منظف دبدوب ارجوان,دار المسك,,6000,معطر دبدوب,معطرات المنزل والمفارش والجو,medium,معطرات المنزل والمفارش والجو,home-linen-air,medium,workbook category retained after rules miss,name=منظف دبدوب ارجوان; product_type=معطر دبدوب,approved,workbook category retained after rules miss,2026-08-02T07:33:46Z,ready,proposed_child,NO,NO,YES
ARD-2268,2268,منظف دبدوب لمار,دار المسك,,6000,معطر دبدوب,معطرات المنزل والمفارش والجو,medium,معطرات المنزل والمفارش والجو,home-linen-air,medium,workbook category retained after rules miss,name=منظف دبدوب لمار; product_type=معطر دبدوب,approved,workbook category retained after rules miss,2026-08-02T07:33:46Z,ready,proposed_child,NO,NO,YES
ARD-2270,2270,منظف دبدوب انجل,دار المسك,,6000,معطر دبدوب,معطرات المنزل والمفارش والجو,medium,معطرات المنزل والمفارش والجو,home-linen-air,medium,workbook category retained after rules miss,name=منظف دبدوب انجل; product_type=معطر دبدوب,approved,workbook category retained after rules miss,2026-08-02T07:33:46Z,ready,proposed_child,NO,NO,YES
ARD-2293,2293,عطر فواح باريس,دار المسك,,6000,عطر فواح أو رشوش,معطرات المنزل والمفارش والجو,medium,العطور,perfumes,high,standard perfume,name=عطر فواح باريس; product_type=عطر فواح أو رشوش,corrected,standard perfume,2026-08-02T07:33:46Z,ready,proposed_child,NO,YES,YES
ARD-2296,2296,عطر فواح فينيسا,دار المسك,,5000,عطر فواح أو رشوش,معطرات المنزل والمفارش والجو,medium,العطور,perfumes,high,standard perfume,name=عطر فواح فينيسا; product_type=عطر فواح أو رشوش,corrected,standard perfume,2026-08-02T07:33:46Z,ready,proposed_child,NO,YES,YES
ARD-2297,2297,عطر فواح باتشولي,دار المسك,,5000,عطر فواح أو رشوش,معطرات المنزل والمفارش والجو,medium,العطور,perfumes,high,standard perfume,name=عطر فواح باتشولي; product_type=عطر فواح أو رشوش,corrected,standard perfume,2026-08-02T07:33:46Z,ready,proposed_child,NO,YES,YES
ARD-2298,2298,عطر فواح ياسمين,دار المسك,,5000,عطر فواح أو رشوش,معطرات المنزل والمفارش والجو,medium,العطور,perfumes,high,standard perfume,name=عطر فواح ياسمين; product_type=عطر فواح أو رشوش,corrected,standard perfume,2026-08-02T07:33:46Z,ready,proposed_child,NO,YES,YES
ARD-2299,2299,عطر فواح ليمون,دار المسك,,6000,عطر فواح أو رشوش,معطرات المنزل والمفارش والجو,medium,العطور,perfumes,high,standard perfume,name=عطر فواح ليمون; product_type=عطر فواح أو رشوش,corrected,standard perfume,2026-08-02T07:33:46Z,ready,proposed_child,NO,YES,YES
ARD-2300,2300,عطر فواح لندن,دار المسك,,5000,عطر فواح أو رشوش,معطرات المنزل والمفارش والجو,medium,العطور,perfumes,high,standard perfume,name=عطر فواح لندن; product_type=عطر فواح أو رشوش,corrected,standard perfume,2026-08-02T07:33:46Z,ready,proposed_child,NO,YES,YES
ARD-2301,2301,عطر فواح نيويورك,دار المسك,,5000,عطر فواح أو رشوش,معطرات المنزل والمفارش والجو,medium,العطور,perfumes,high,standard perfume,name=عطر فواح نيويورك; product_type=عطر فواح أو رشوش,corrected,standard perfume,2026-08-02T07:33:46Z,ready,proposed_child,NO,YES,YES
ARD-2302,2302,عطر فواح روز,دار المسك,,6000,عطر فواح أو رشوش,معطرات المنزل والمفارش والجو,medium,العطور,perfumes,high,standard perfume,name=عطر فواح روز; product_type=عطر فواح أو رشوش,corrected,standard perfume,2026-08-02T07:33:46Z,ready,proposed_child,NO,YES,YES
ARD-2304,2304,عطر فواح كام سنت,دار المسك,,7000,عطر فواح أو رشوش,معطرات المنزل والمفارش والجو,medium,العطور,perfumes,high,standard perfume,name=عطر فواح كام سنت; product_type=عطر فواح أو رشوش,corrected,standard perfume,2026-08-02T07:33:46Z,ready,proposed_child,NO,YES,YES
ARD-2307,2307,عطر فواح لافندر,دار المسك,,6000,عطر فواح أو رشوش,معطرات المنزل والمفارش والجو,medium,العطور,perfumes,high,standard perfume,name=عطر فواح لافندر; product_type=عطر فواح أو رشوش,corrected,standard perfume,2026-08-02T07:33:46Z,ready,proposed_child,NO,YES,YES
ARD-2356,2356,عطر فواح كوفي لايت,دار المسك,,5000,عطر فواح أو رشوش,معطرات المنزل والمفارش والجو,medium,العطور,perfumes,high,standard perfume,name=عطر فواح كوفي لايت; product_type=عطر فواح أو رشوش,corrected,standard perfume,2026-08-02T07:33:46Z,ready,proposed_child,NO,YES,YES
ARD-4766,4766,عطر فواح باربي,دار المسك,,6000,عطر فواح أو رشوش,معطرات المنزل والمفارش والجو,medium,العطور,perfumes,high,standard perfume,name=عطر فواح باربي; product_type=عطر فواح أو رشوش,corrected,standard perfume,2026-08-02T07:33:46Z,ready,proposed_child,NO,YES,YES
ARD-2454,2454,عطر شعر خلطتي ابيض 50 مل,دار المسك,50 مل,10000,عطر شعر,العناية بالشعر وعطور الشعر,high,العناية بالشعر وعطور الشعر,hair-care-fragrance,high,explicit hair fragrance,name=عطر شعر خلطتي ابيض 50 مل; product_type=عطر شعر,approved,explicit hair fragrance,2026-08-02T07:33:46Z,ready,proposed_child,NO,NO,NO
ARD-2455,2455,عطر شعر خلطتي اسود 50 مل,دار المسك,50 مل,10000,عطر شعر,العناية بالشعر وعطور الشعر,high,العناية بالشعر وعطور الشعر,hair-care-fragrance,high,explicit hair fragrance,name=عطر شعر خلطتي اسود 50 مل; product_type=عطر شعر,approved,explicit hair fragrance,2026-08-02T07:33:46Z,ready,proposed_child,NO,NO,NO
ARD-3147,3147,عطر شعر بلاك روز,دار المسك,,9000,عطر شعر,العناية بالشعر وعطور الشعر,high,العناية بالشعر وعطور الشعر,hair-care-fragrance,high,explicit hair fragrance,name=عطر شعر بلاك روز; product_type=عطر شعر,approved,explicit hair fragrance,2026-08-02T07:33:46Z,ready,proposed_child,NO,NO,NO
ARD-3228,3228,مجموعة مسك الدانة رمان فانيلا بودر بلو بيري,دار المسك,,4000,مسك أو عطر زيتي,المسك والمخمريات والعطور الزيتية,high,المسك والمخمريات والعطور الزيتية,musk-oils-mukhammaria,high,explicit musk/oil/mukhammaria,name=مجموعة مسك الدانة رمان فانيلا بودر بلو بيري; product_type=مسك أو عطر زيتي,approved,explicit musk/oil/mukhammaria,2026-08-02T07:33:46Z,ready,proposed_child,NO,NO,YES
ARD-2952,2952,معطر غرفة وايت مسك,دار المسك,,4000,معطر منزل وجو,معطرات المنزل والمفارش والجو,high,معطرات المنزل والمفارش والجو,home-linen-air,high,explicit home fragrance,name=معطر غرفة وايت مسك; product_type=معطر منزل وجو,approved,explicit home fragrance,2026-08-02T07:33:46Z,ready,proposed_child,NO,NO,YES
ARD-3409,3409,رشوش دانتيل,دار المسك,,5000,عطر فواح أو رشوش,معطرات المنزل والمفارش والجو,medium,العطور,perfumes,high,standard perfume,name=رشوش دانتيل; product_type=عطر فواح أو رشوش,corrected,standard perfume,2026-08-02T07:33:46Z,ready,proposed_child,NO,YES,YES
ARD-3411,3411,رشوش فالانتينو,دار المسك,,5000,عطر فواح أو رشوش,معطرات المنزل والمفارش والجو,medium,العطور,perfumes,high,standard perfume,name=رشوش فالانتينو; product_type=عطر فواح أو رشوش,corrected,standard perfume,2026-08-02T07:33:46Z,ready,proposed_child,NO,YES,YES
ARD-3412,3412,رشوش مخلط عرائس,دار المسك,,5000,عطر فواح أو رشوش,معطرات المنزل والمفارش والجو,medium,العطور,perfumes,high,standard perfume,name=رشوش مخلط عرائس; product_type=عطر فواح أو رشوش,corrected,standard perfume,2026-08-02T07:33:46Z,ready,proposed_child,NO,YES,YES
ARD-4407,4407,رشوش قصر الاميرات,دار المسك,,5000,عطر فواح أو رشوش,معطرات المنزل والمفارش والجو,medium,العطور,perfumes,high,standard perfume,name=رشوش قصر الاميرات; product_type=عطر فواح أو رشوش,corrected,standard perfume,2026-08-02T07:33:46Z,ready,proposed_child,NO,YES,YES
ARD-4408,4408,رشوش مخلط العود,دار المسك,,5000,عطر فواح أو رشوش,معطرات المنزل والمفارش والجو,medium,العطور,perfumes,high,standard perfume,name=رشوش مخلط العود; product_type=عطر فواح أو رشوش,corrected,standard perfume,2026-08-02T07:33:46Z,ready,proposed_child,NO,YES,YES
ARD-3474,3474,معطر مفارش رويال اوركيد,غير محدد,,6000,معطر مفارش,معطرات المنزل والمفارش والجو,high,معطرات المنزل والمفارش والجو,home-linen-air,high,explicit home fragrance,name=معطر مفارش رويال اوركيد; product_type=معطر مفارش,approved,explicit home fragrance,2026-08-02T07:33:46Z,merchant_confirmation,proposed_child,NO,NO,YES
ARD-3475,3475,معطر مفارش رويال بنفسج,غير محدد,,6000,معطر مفارش,معطرات المنزل والمفارش والجو,high,معطرات المنزل والمفارش والجو,home-linen-air,high,explicit home fragrance,name=معطر مفارش رويال بنفسج; product_type=معطر مفارش,approved,explicit home fragrance,2026-08-02T07:33:46Z,merchant_confirmation,proposed_child,NO,NO,YES
ARD-3477,3477,معطر مفارش رويال قطرات,غير محدد,,6000,معطر مفارش,معطرات المنزل والمفارش والجو,high,معطرات المنزل والمفارش والجو,home-linen-air,high,explicit home fragrance,name=معطر مفارش رويال قطرات; product_type=معطر مفارش,approved,explicit home fragrance,2026-08-02T07:33:46Z,merchant_confirmation,proposed_child,NO,NO,YES
ARD-3558,3558,مخمريه مكياج,أرض الخليج,,5000,بودرة أو منتج تجميل,البودرة ومنتجات التجميل,high,المسك والمخمريات والعطور الزيتية,musk-oils-mukhammaria,high,explicit musk/oil/mukhammaria,name=مخمريه مكياج; product_type=بودرة أو منتج تجميل,corrected,explicit musk/oil/mukhammaria,2026-08-02T07:33:46Z,ready,proposed_child,NO,YES,NO
ARD-3889,3889,عطر مسك الختام 50 مل,دار المسك,50 مل,5000,عطر,العطور,high,المسك والمخمريات والعطور الزيتية,musk-oils-mukhammaria,high,explicit musk/oil/mukhammaria,name=عطر مسك الختام 50 مل; product_type=عطر,corrected,explicit musk/oil/mukhammaria,2026-08-02T07:33:46Z,ready,proposed_child,NO,YES,YES
ARD-4437,4437,كريم مركز اساور 45 غرام,دار المسك,45 غرام,4000,كريم عطري مركز,المسك والمخمريات والعطور الزيتية,medium,المسك والمخمريات والعطور الزيتية,musk-oils-mukhammaria,medium,workbook category retained after rules miss,name=كريم مركز اساور 45 غرام; product_type=كريم عطري مركز,approved,workbook category retained after rules miss,2026-08-02T07:33:46Z,ready,proposed_child,NO,NO,YES
ARD-4438,4438,كريم مركز انجل 45 غرام,دار المسك,45 غرام,4000,كريم عطري مركز,المسك والمخمريات والعطور الزيتية,medium,المسك والمخمريات والعطور الزيتية,musk-oils-mukhammaria,medium,workbook category retained after rules miss,name=كريم مركز انجل 45 غرام; product_type=كريم عطري مركز,approved,workbook category retained after rules miss,2026-08-02T07:33:46Z,ready,proposed_child,NO,NO,YES
ARD-4439,4439,كريم مركز تمارة 45 غرام,دار المسك,45 غرام,4000,كريم عطري مركز,المسك والمخمريات والعطور الزيتية,medium,المسك والمخمريات والعطور الزيتية,musk-oils-mukhammaria,medium,workbook category retained after rules miss,name=كريم مركز تمارة 45 غرام; product_type=كريم عطري مركز,approved,workbook category retained after rules miss,2026-08-02T07:33:46Z,ready,proposed_child,NO,NO,YES
ARD-4440,4440,كريم مركز جمانة 45 غرام,دار المسك,45 غرام,4000,كريم عطري مركز,المسك والمخمريات والعطور الزيتية,medium,المسك والمخمريات والعطور الزيتية,musk-oils-mukhammaria,medium,workbook category retained after rules miss,name=كريم مركز جمانة 45 غرام; product_type=كريم عطري مركز,approved,workbook category retained after rules miss,2026-08-02T07:33:46Z,ready,proposed_child,NO,NO,YES
ARD-4441,4441,كريم مركزسمراء 45 غرام,دار المسك,45 غرام,4000,كريم عطري مركز,المسك والمخمريات والعطور الزيتية,medium,المسك والمخمريات والعطور الزيتية,musk-oils-mukhammaria,medium,workbook category retained after rules miss,name=كريم مركزسمراء 45 غرام; product_type=كريم عطري مركز,approved,workbook category retained after rules miss,2026-08-02T07:33:46Z,ready,proposed_child,NO,NO,YES
ARD-4442,4442,كريم مركز فريال 45 غرام,دار المسك,45 غرام,4000,كريم عطري مركز,المسك والمخمريات والعطور الزيتية,medium,المسك والمخمريات والعطور الزيتية,musk-oils-mukhammaria,medium,workbook category retained after rules miss,name=كريم مركز فريال 45 غرام; product_type=كريم عطري مركز,approved,workbook category retained after rules miss,2026-08-02T07:33:46Z,ready,proposed_child,NO,NO,YES
ARD-4443,4443,كريم مركز قصة 45 غرام,دار المسك,45 غرام,4000,كريم عطري مركز,المسك والمخمريات والعطور الزيتية,medium,المسك والمخمريات والعطور الزيتية,musk-oils-mukhammaria,medium,workbook category retained after rules miss,name=كريم مركز قصة 45 غرام; product_type=كريم عطري مركز,approved,workbook category retained after rules miss,2026-08-02T07:33:46Z,ready,proposed_child,NO,NO,YES
ARD-4444,4444,كريم مركز لونا 45 غرام,دار المسك,45 غرام,4000,كريم عطري مركز,المسك والمخمريات والعطور الزيتية,medium,المسك والمخمريات والعطور الزيتية,musk-oils-mukhammaria,medium,workbook category retained after rules miss,name=كريم مركز لونا 45 غرام; product_type=كريم عطري مركز,approved,workbook category retained after rules miss,2026-08-02T07:33:46Z,ready,proposed_child,NO,NO,YES
ARD-4445,4445,كريم مركز ليال 45 غرام,دار المسك,45 غرام,4000,كريم عطري مركز,المسك والمخمريات والعطور الزيتية,medium,المسك والمخمريات والعطور الزيتية,musk-oils-mukhammaria,medium,workbook category retained after rules miss,name=كريم مركز ليال 45 غرام; product_type=كريم عطري مركز,approved,workbook category retained after rules miss,2026-08-02T07:33:46Z,ready,proposed_child,NO,NO,YES
ARD-4446,4446,كريم مركز مريم 45 غرام,دار المسك,45 غرام,4000,كريم عطري مركز,المسك والمخمريات والعطور الزيتية,medium,المسك والمخمريات والعطور الزيتية,musk-oils-mukhammaria,medium,workbook category retained after rules miss,name=كريم مركز مريم 45 غرام; product_type=كريم عطري مركز,approved,workbook category retained after rules miss,2026-08-02T07:33:46Z,ready,proposed_child,NO,NO,YES
ARD-4847,4847,عطر فواح ياسمين جديد,دار المسك,,5000,عطر فواح أو رشوش,معطرات المنزل والمفارش والجو,medium,العطور,perfumes,high,standard perfume,name=عطر فواح ياسمين جديد; product_type=عطر فواح أو رشوش,corrected,standard perfume,2026-08-02T07:33:46Z,ready,proposed_child,NO,YES,YES
ARD-4848,4848,عطر فواح روز جديد,دار المسك,,5000,عطر فواح أو رشوش,معطرات المنزل والمفارش والجو,medium,العطور,perfumes,high,standard perfume,name=عطر فواح روز جديد; product_type=عطر فواح أو رشوش,corrected,standard perfume,2026-08-02T07:33:46Z,ready,proposed_child,NO,YES,YES
ARD-4849,4849,عطر فواح دبي جديد,دار المسك,,6000,عطر فواح أو رشوش,معطرات المنزل والمفارش والجو,medium,العطور,perfumes,high,standard perfume,name=عطر فواح دبي جديد; product_type=عطر فواح أو رشوش,corrected,standard perfume,2026-08-02T07:33:46Z,ready,proposed_child,NO,YES,YES
ARD-4850,4850,عطر فواح ليمون جديد,دار المسك,,5000,عطر فواح أو رشوش,معطرات المنزل والمفارش والجو,medium,العطور,perfumes,high,standard perfume,name=عطر فواح ليمون جديد; product_type=عطر فواح أو رشوش,corrected,standard perfume,2026-08-02T07:33:46Z,ready,proposed_child,NO,YES,YES
ARD-4851,4851,عطر فواح ايسكاد جديد,دار المسك,,5000,عطر فواح أو رشوش,معطرات المنزل والمفارش والجو,medium,العطور,perfumes,high,standard perfume,name=عطر فواح ايسكاد جديد; product_type=عطر فواح أو رشوش,corrected,standard perfume,2026-08-02T07:33:46Z,ready,proposed_child,NO,YES,YES
ARD-4852,4852,فواح SEA جديد,دار المسك,,5000,عطر فواح أو رشوش,معطرات المنزل والمفارش والجو,medium,العطور,perfumes,high,standard perfume,name=فواح SEA جديد; product_type=عطر فواح أو رشوش,corrected,standard perfume,2026-08-02T07:33:46Z,ready,proposed_child,NO,YES,YES
ARD-4853,4853,عطر فواح ماكنتوش جديد,دار المسك,,5000,عطر فواح أو رشوش,معطرات المنزل والمفارش والجو,medium,العطور,perfumes,high,standard perfume,name=عطر فواح ماكنتوش جديد; product_type=عطر فواح أو رشوش,corrected,standard perfume,2026-08-02T07:33:46Z,ready,proposed_child,NO,YES,YES
ARD-4854,4854,عطر فواح مانغو جديد,دار المسك,,5000,عطر فواح أو رشوش,معطرات المنزل والمفارش والجو,medium,العطور,perfumes,high,standard perfume,name=عطر فواح مانغو جديد; product_type=عطر فواح أو رشوش,corrected,standard perfume,2026-08-02T07:33:46Z,ready,proposed_child,NO,YES,YES
ARD-4855,4855,عطر فواح مكس فروت جديد,دار المسك,,5000,عطر فواح أو رشوش,معطرات المنزل والمفارش والجو,medium,العطور,perfumes,high,standard perfume,name=عطر فواح مكس فروت جديد; product_type=عطر فواح أو رشوش,corrected,standard perfume,2026-08-02T07:33:46Z,ready,proposed_child,NO,YES,YES
ARD-4856,4856,عطر فواح بطيخ جديد,دار المسك,,5000,عطر فواح أو رشوش,معطرات المنزل والمفارش والجو,medium,العطور,perfumes,high,standard perfume,name=عطر فواح بطيخ جديد; product_type=عطر فواح أو رشوش,corrected,standard perfume,2026-08-02T07:33:46Z,ready,proposed_child,NO,YES,YES
ARD-4857,4857,عطر فواح ستروبري جديد,دار المسك,,5000,عطر فواح أو رشوش,معطرات المنزل والمفارش والجو,medium,العطور,perfumes,high,standard perfume,name=عطر فواح ستروبري جديد; product_type=عطر فواح أو رشوش,corrected,standard perfume,2026-08-02T07:33:46Z,ready,proposed_child,NO,YES,YES
ARD-4858,4858,عطر فواح باربي جديد,دار المسك,,5000,عطر فواح أو رشوش,معطرات المنزل والمفارش والجو,medium,العطور,perfumes,high,standard perfume,name=عطر فواح باربي جديد; product_type=عطر فواح أو رشوش,corrected,standard perfume,2026-08-02T07:33:46Z,ready,proposed_child,NO,YES,YES
ARD-4859,4859,عطر فواح شيلة سكريت جديد,دار المسك,,5000,عطر فواح أو رشوش,معطرات المنزل والمفارش والجو,medium,العطور,perfumes,high,standard perfume,name=عطر فواح شيلة سكريت جديد; product_type=عطر فواح أو رشوش,corrected,standard perfume,2026-08-02T07:33:46Z,ready,proposed_child,NO,YES,YES
ARD-4860,4860,عطر فواح كاندي جديد,دار المسك,,5000,عطر فواح أو رشوش,معطرات المنزل والمفارش والجو,medium,العطور,perfumes,high,standard perfume,name=عطر فواح كاندي جديد; product_type=عطر فواح أو رشوش,corrected,standard perfume,2026-08-02T07:33:46Z,ready,proposed_child,NO,YES,YES
ARD-4861,4861,عطر فواح مود جديد,دار المسك,,5000,عطر فواح أو رشوش,معطرات المنزل والمفارش والجو,medium,العطور,perfumes,high,standard perfume,name=عطر فواح مود جديد; product_type=عطر فواح أو رشوش,corrected,standard perfume,2026-08-02T07:33:46Z,ready,proposed_child,NO,YES,YES
ARD-4862,4862,عطر فواح باريس جديد,دار المسك,,5000,عطر فواح أو رشوش,معطرات المنزل والمفارش والجو,medium,العطور,perfumes,high,standard perfume,name=عطر فواح باريس جديد; product_type=عطر فواح أو رشوش,corrected,standard perfume,2026-08-02T07:33:46Z,ready,proposed_child,NO,YES,YES
ARD-4863,4863,عطر فواح لافندر جديد,دار المسك,,5000,عطر فواح أو رشوش,معطرات المنزل والمفارش والجو,medium,العطور,perfumes,high,standard perfume,name=عطر فواح لافندر جديد; product_type=عطر فواح أو رشوش,corrected,standard perfume,2026-08-02T07:33:46Z,ready,proposed_child,NO,YES,YES
ARD-4864,4864,عطر فواح مالديف جديد,دار المسك,,5000,عطر فواح أو رشوش,معطرات المنزل والمفارش والجو,medium,العطور,perfumes,high,standard perfume,name=عطر فواح مالديف جديد; product_type=عطر فواح أو رشوش,corrected,standard perfume,2026-08-02T07:33:46Z,ready,proposed_child,NO,YES,YES
ARD-4865,4865,عطر فواح كام سنت جديد,دار المسك,,5000,عطر فواح أو رشوش,معطرات المنزل والمفارش والجو,medium,العطور,perfumes,high,standard perfume,name=عطر فواح كام سنت جديد; product_type=عطر فواح أو رشوش,corrected,standard perfume,2026-08-02T07:33:46Z,ready,proposed_child,NO,YES,YES
ARD-4866,4866,عطر فواح خوخ جديد,دار المسك,,5000,عطر فواح أو رشوش,معطرات المنزل والمفارش والجو,medium,العطور,perfumes,high,standard perfume,name=عطر فواح خوخ جديد; product_type=عطر فواح أو رشوش,corrected,standard perfume,2026-08-02T07:33:46Z,ready,proposed_child,NO,YES,YES
ARD-4867,4867,عطر فواح بلاك ستون جديد,دار المسك,,5000,عطر فواح أو رشوش,معطرات المنزل والمفارش والجو,medium,العطور,perfumes,high,standard perfume,name=عطر فواح بلاك ستون جديد; product_type=عطر فواح أو رشوش,corrected,standard perfume,2026-08-02T07:33:46Z,ready,proposed_child,NO,YES,YES
ARD-4868,4868,عطر فواح جيري جديد,دار المسك,,5000,عطر فواح أو رشوش,معطرات المنزل والمفارش والجو,medium,العطور,perfumes,high,standard perfume,name=عطر فواح جيري جديد; product_type=عطر فواح أو رشوش,corrected,standard perfume,2026-08-02T07:33:46Z,ready,proposed_child,NO,YES,YES
ARD-4869,4869,عطر فواح عود جديد,دار المسك,,5000,عطر فواح أو رشوش,معطرات المنزل والمفارش والجو,medium,العطور,perfumes,high,standard perfume,name=عطر فواح عود جديد; product_type=عطر فواح أو رشوش,corrected,standard perfume,2026-08-02T07:33:46Z,ready,proposed_child,NO,YES,YES
ARD-4870,4870,عطر فواح فري نايس اوركيد جديد,دار المسك,,5000,عطر فواح أو رشوش,معطرات المنزل والمفارش والجو,medium,العطور,perfumes,high,standard perfume,name=عطر فواح فري نايس اوركيد جديد; product_type=عطر فواح أو رشوش,corrected,standard perfume,2026-08-02T07:33:46Z,ready,proposed_child,NO,YES,YES
ARD-4871,4871,عطر فواح باتشولي جديد,دار المسك,,5000,عطر فواح أو رشوش,معطرات المنزل والمفارش والجو,medium,العطور,perfumes,high,standard perfume,name=عطر فواح باتشولي جديد; product_type=عطر فواح أو رشوش,corrected,standard perfume,2026-08-02T07:33:46Z,ready,proposed_child,NO,YES,YES
ARD-4873,4873,عطر فواح لندن جديد,دار المسك,,5000,عطر فواح أو رشوش,معطرات المنزل والمفارش والجو,medium,العطور,perfumes,high,standard perfume,name=عطر فواح لندن جديد; product_type=عطر فواح أو رشوش,corrected,standard perfume,2026-08-02T07:33:46Z,ready,proposed_child,NO,YES,YES
ARD-4874,4874,عطر فواح هملايا جديد,دار المسك,,5000,عطر فواح أو رشوش,معطرات المنزل والمفارش والجو,medium,العطور,perfumes,high,standard perfume,name=عطر فواح هملايا جديد; product_type=عطر فواح أو رشوش,corrected,standard perfume,2026-08-02T07:33:46Z,ready,proposed_child,NO,YES,YES
ARD-207,207,شاور غلاها زايد,أرض الخليج,,8000,شاور جل,العناية بالجسم والاستحمام,high,العناية بالجسم والاستحمام,body-bath-care,high,explicit body/bath type,name=شاور غلاها زايد; product_type=شاور جل,approved,explicit body/bath type,2026-08-02T07:33:46Z,ready,proposed_child,NO,NO,NO
ARD-208,208,شاور للصبايا فقط,أرض الخليج,,8000,شاور جل,العناية بالجسم والاستحمام,high,العناية بالجسم والاستحمام,body-bath-care,high,explicit body/bath type,name=شاور للصبايا فقط; product_type=شاور جل,approved,explicit body/bath type,2026-08-02T07:33:46Z,ready,proposed_child,NO,NO,NO
ARD-209,209,شاور فاطمه,أرض الخليج,,8000,شاور جل,العناية بالجسم والاستحمام,high,العناية بالجسم والاستحمام,body-bath-care,high,explicit body/bath type,name=شاور فاطمه; product_type=شاور جل,approved,explicit body/bath type,2026-08-02T07:33:46Z,ready,proposed_child,NO,NO,NO
ARD-2006,2006,شاور عروسة,أرض الخليج,,8000,شاور جل,العناية بالجسم والاستحمام,high,العناية بالجسم والاستحمام,body-bath-care,high,explicit body/bath type,name=شاور عروسة; product_type=شاور جل,approved,explicit body/bath type,2026-08-02T07:33:46Z,ready,proposed_child,NO,NO,NO
ARD-2007,2007,شاور فقط للنساء,أرض الخليج,,8000,شاور جل,العناية بالجسم والاستحمام,high,العناية بالجسم والاستحمام,body-bath-care,high,explicit body/bath type,name=شاور فقط للنساء; product_type=شاور جل,approved,explicit body/bath type,2026-08-02T07:33:46Z,ready,proposed_child,NO,NO,NO
ARD-2009,2009,شاور مكياج,أرض الخليج,,8000,شاور جل,العناية بالجسم والاستحمام,high,العناية بالجسم والاستحمام,body-bath-care,high,explicit body/bath type,name=شاور مكياج; product_type=شاور جل,approved,explicit body/bath type,2026-08-02T07:33:46Z,ready,proposed_child,NO,NO,YES
ARD-2010,2010,شاور انوثة,أرض الخليج,,8000,شاور جل,العناية بالجسم والاستحمام,high,العناية بالجسم والاستحمام,body-bath-care,high,explicit body/bath type,name=شاور انوثة; product_type=شاور جل,approved,explicit body/bath type,2026-08-02T07:33:46Z,ready,proposed_child,NO,NO,NO
ARD-564,564,بودره مربعه فقط لنساء,أرض الخليج,,7000,عطر,العطور,medium,البودرة ومنتجات التجميل,powder-makeup,high,true powder cosmetic (بودره مربعه/بوري); restore powder-makeup leaf,name=بودره مربعه فقط لنساء; product_type=عطر,corrected,true powder cosmetic (بودره مربعه/بوري); restore powder-makeup leaf,2026-08-02T07:33:46Z,ready,proposed_child,NO,YES,YES
ARD-565,565,بودره مربعه مكياج وردي,أرض الخليج,,7000,بودرة أو منتج تجميل,البودرة ومنتجات التجميل,high,البودرة ومنتجات التجميل,powder-makeup,high,true powder cosmetic (بودره مربعه/بوري); restore powder-makeup leaf,name=بودره مربعه مكياج وردي; product_type=بودرة أو منتج تجميل,corrected,true powder cosmetic (بودره مربعه/بوري); restore powder-makeup leaf,2026-08-02T07:33:46Z,ready,proposed_child,NO,YES,NO
ARD-566,566,بودره مربعه غلاها زايد,أرض الخليج,,7000,عطر,العطور,medium,البودرة ومنتجات التجميل,powder-makeup,high,true powder cosmetic (بودره مربعه/بوري); restore powder-makeup leaf,name=بودره مربعه غلاها زايد; product_type=عطر,corrected,true powder cosmetic (بودره مربعه/بوري); restore powder-makeup leaf,2026-08-02T07:33:46Z,ready,proposed_child,NO,YES,YES
ARD-567,567,بودره مربعه الانوثه,أرض الخليج,,7000,عطر,العطور,medium,البودرة ومنتجات التجميل,powder-makeup,high,true powder cosmetic (بودره مربعه/بوري); restore powder-makeup leaf,name=بودره مربعه الانوثه; product_type=عطر,corrected,true powder cosmetic (بودره مربعه/بوري); restore powder-makeup leaf,2026-08-02T07:33:46Z,ready,proposed_child,NO,YES,YES
ARD-568,568,بودره مربعه لصبايا,أرض الخليج,,7000,عطر,العطور,medium,البودرة ومنتجات التجميل,powder-makeup,high,true powder cosmetic (بودره مربعه/بوري); restore powder-makeup leaf,name=بودره مربعه لصبايا; product_type=عطر,corrected,true powder cosmetic (بودره مربعه/بوري); restore powder-makeup leaf,2026-08-02T07:33:46Z,ready,proposed_child,NO,YES,YES
ARD-569,569,بودره مربعه فاطمه,أرض الخليج,,7000,عطر,العطور,medium,البودرة ومنتجات التجميل,powder-makeup,high,true powder cosmetic (بودره مربعه/بوري); restore powder-makeup leaf,name=بودره مربعه فاطمه; product_type=عطر,corrected,true powder cosmetic (بودره مربعه/بوري); restore powder-makeup leaf,2026-08-02T07:33:46Z,ready,proposed_child,NO,YES,YES
ARD-570,570,بودره مربعه عطر العروسه,أرض الخليج,,7000,عطر,العطور,high,العطور,perfumes,high,standard perfume,name=بودره مربعه عطر العروسه; product_type=عطر,approved,standard perfume,2026-08-02T07:33:46Z,ready,proposed_child,NO,NO,YES
ARD-595,595,بودره بوري فقط لنساء,أرض الخليج,,3000,عطر,العطور,medium,البودرة ومنتجات التجميل,powder-makeup,high,true powder cosmetic (بودره مربعه/بوري); restore powder-makeup leaf,name=بودره بوري فقط لنساء; product_type=عطر,corrected,true powder cosmetic (بودره مربعه/بوري); restore powder-makeup leaf,2026-08-02T07:33:46Z,ready,proposed_child,NO,YES,YES
ARD-597,597,بودره بوري غلاها زايد,أرض الخليج,,3000,عطر,العطور,medium,البودرة ومنتجات التجميل,powder-makeup,high,true powder cosmetic (بودره مربعه/بوري); restore powder-makeup leaf,name=بودره بوري غلاها زايد; product_type=عطر,corrected,true powder cosmetic (بودره مربعه/بوري); restore powder-makeup leaf,2026-08-02T07:33:46Z,ready,proposed_child,NO,YES,YES
ARD-598,598,بودره بوري عطر العروسه,أرض الخليج,,3000,عطر,العطور,high,العطور,perfumes,high,standard perfume,name=بودره بوري عطر العروسه; product_type=عطر,approved,standard perfume,2026-08-02T07:33:46Z,ready,proposed_child,NO,NO,YES
ARD-599,599,بودره بوري الانوثة,أرض الخليج,,3000,عطر,العطور,medium,البودرة ومنتجات التجميل,powder-makeup,high,true powder cosmetic (بودره مربعه/بوري); restore powder-makeup leaf,name=بودره بوري الانوثة; product_type=عطر,corrected,true powder cosmetic (بودره مربعه/بوري); restore powder-makeup leaf,2026-08-02T07:33:46Z,ready,proposed_child,NO,YES,YES
ARD-600,600,بودره بوري فاطمه,أرض الخليج,,3000,عطر,العطور,medium,البودرة ومنتجات التجميل,powder-makeup,high,true powder cosmetic (بودره مربعه/بوري); restore powder-makeup leaf,name=بودره بوري فاطمه; product_type=عطر,corrected,true powder cosmetic (بودره مربعه/بوري); restore powder-makeup leaf,2026-08-02T07:33:46Z,ready,proposed_child,NO,YES,YES
ARD-601,601,بودره بوري للصبايا,أرض الخليج,,3000,عطر,العطور,medium,البودرة ومنتجات التجميل,powder-makeup,high,true powder cosmetic (بودره مربعه/بوري); restore powder-makeup leaf,name=بودره بوري للصبايا; product_type=عطر,corrected,true powder cosmetic (بودره مربعه/بوري); restore powder-makeup leaf,2026-08-02T07:33:46Z,ready,proposed_child,NO,YES,YES
ARD-3425,3425,بودره مربعه جمال,أرض الخليج,,7000,عطر,العطور,medium,البودرة ومنتجات التجميل,powder-makeup,high,true powder cosmetic (بودره مربعه/بوري); restore powder-makeup leaf,name=بودره مربعه جمال; product_type=عطر,corrected,true powder cosmetic (بودره مربعه/بوري); restore powder-makeup leaf,2026-08-02T07:33:46Z,ready,proposed_child,NO,YES,YES
ARD-3426,3426,بودره مربعه ماريا,أرض الخليج,,7000,عطر,العطور,medium,البودرة ومنتجات التجميل,powder-makeup,high,true powder cosmetic (بودره مربعه/بوري); restore powder-makeup leaf,name=بودره مربعه ماريا; product_type=عطر,corrected,true powder cosmetic (بودره مربعه/بوري); restore powder-makeup leaf,2026-08-02T07:33:46Z,ready,proposed_child,NO,YES,YES
ARD-3427,3427,بودره مربعه نيشان,أرض الخليج,,7000,عطر,العطور,medium,البودرة ومنتجات التجميل,powder-makeup,high,true powder cosmetic (بودره مربعه/بوري); restore powder-makeup leaf,name=بودره مربعه نيشان; product_type=عطر,corrected,true powder cosmetic (بودره مربعه/بوري); restore powder-makeup leaf,2026-08-02T07:33:46Z,ready,proposed_child,NO,YES,YES
ARD-3553,3553,بودره بوري جمال,أرض الخليج,,3000,عطر,العطور,medium,البودرة ومنتجات التجميل,powder-makeup,high,true powder cosmetic (بودره مربعه/بوري); restore powder-makeup leaf,name=بودره بوري جمال; product_type=عطر,corrected,true powder cosmetic (بودره مربعه/بوري); restore powder-makeup leaf,2026-08-02T07:33:46Z,ready,proposed_child,NO,YES,YES
ARD-3554,3554,بودره بوري نيشان,أرض الخليج,,3000,عطر,العطور,medium,البودرة ومنتجات التجميل,powder-makeup,high,true powder cosmetic (بودره مربعه/بوري); restore powder-makeup leaf,name=بودره بوري نيشان; product_type=عطر,corrected,true powder cosmetic (بودره مربعه/بوري); restore powder-makeup leaf,2026-08-02T07:33:46Z,ready,proposed_child,NO,YES,YES
ARD-3555,3555,بودره بوري ماريا,أرض الخليج,,3000,عطر,العطور,medium,البودرة ومنتجات التجميل,powder-makeup,high,true powder cosmetic (بودره مربعه/بوري); restore powder-makeup leaf,name=بودره بوري ماريا; product_type=عطر,corrected,true powder cosmetic (بودره مربعه/بوري); restore powder-makeup leaf,2026-08-02T07:33:46Z,ready,proposed_child,NO,YES,YES
ARD-119,119,عطر مكياج 100 مل,أرض الخليج,100 مل,18000,بودرة أو منتج تجميل,البودرة ومنتجات التجميل,high,العطور,perfumes,high,standard perfume,name=عطر مكياج 100 مل; product_type=بودرة أو منتج تجميل,corrected,standard perfume,2026-08-02T07:33:46Z,ready,proposed_child,NO,YES,NO
ARD-120,120,عطر مكياج بنفسجي 100 مل,أرض الخليج,100 مل,18000,بودرة أو منتج تجميل,البودرة ومنتجات التجميل,high,العطور,perfumes,high,standard perfume,name=عطر مكياج بنفسجي 100 مل; product_type=بودرة أو منتج تجميل,corrected,standard perfume,2026-08-02T07:33:46Z,ready,proposed_child,NO,YES,NO
ARD-1225,1225,سيت عطور أرض الخليج 25 مل,أرض الخليج,25 مل,40000,مجموعة عطرية,العطور,high,العطور,perfumes,high,workbook category retained after rules miss,name=سيت عطور أرض الخليج 25 مل; product_type=مجموعة عطرية,approved,workbook category retained after rules miss,2026-08-02T07:33:46Z,ready,proposed_child,NO,NO,YES
ARD-5006,5006,عطر مكياج رومانسي 100 مل,أرض الخليج,100 مل,18000,بودرة أو منتج تجميل,البودرة ومنتجات التجميل,high,العطور,perfumes,high,standard perfume,name=عطر مكياج رومانسي 100 مل; product_type=بودرة أو منتج تجميل,corrected,standard perfume,2026-08-02T07:33:46Z,ready,proposed_child,NO,YES,NO
ARD-340,340,عطر مكياج 50 مل,أرض الخليج,50 مل,4000,بودرة أو منتج تجميل,البودرة ومنتجات التجميل,high,العطور,perfumes,high,standard perfume,name=عطر مكياج 50 مل; product_type=بودرة أو منتج تجميل,corrected,standard perfume,2026-08-02T07:33:46Z,ready,proposed_child,NO,YES,NO
ARD-124,124,معطر احلى النساء,أرض الخليج,,3000,معطر,معطرات الجسم والبودي مست,medium,معطرات الجسم والبودي مست,body-mist-splash,medium,workbook category retained after rules miss,name=معطر احلى النساء; product_type=معطر,approved,workbook category retained after rules miss,2026-08-02T07:33:46Z,ready,proposed_child,NO,NO,YES
ARD-126,126,معطر الانوثه,أرض الخليج,,3000,معطر,معطرات الجسم والبودي مست,medium,معطرات الجسم والبودي مست,body-mist-splash,medium,workbook category retained after rules miss,name=معطر الانوثه; product_type=معطر,approved,workbook category retained after rules miss,2026-08-02T07:33:46Z,ready,proposed_child,NO,NO,YES
ARD-128,128,معطر الشيخ,أرض الخليج,,3000,معطر,معطرات الجسم والبودي مست,medium,معطرات الجسم والبودي مست,body-mist-splash,medium,workbook category retained after rules miss,name=معطر الشيخ; product_type=معطر,approved,workbook category retained after rules miss,2026-08-02T07:33:46Z,ready,proposed_child,NO,NO,YES
ARD-130,130,معطر ايهم,أرض الخليج,,2000,معطر,معطرات الجسم والبودي مست,medium,معطرات الجسم والبودي مست,body-mist-splash,medium,workbook category retained after rules miss,name=معطر ايهم; product_type=معطر,approved,workbook category retained after rules miss,2026-08-02T07:33:46Z,ready,proposed_child,NO,NO,YES
ARD-132,132,معطر حروف,أرض الخليج,,3000,معطر,معطرات الجسم والبودي مست,medium,معطرات الجسم والبودي مست,body-mist-splash,medium,workbook category retained after rules miss,name=معطر حروف; product_type=معطر,approved,workbook category retained after rules miss,2026-08-02T07:33:46Z,ready,proposed_child,NO,NO,YES
ARD-134,134,معطر دلع البنات,أرض الخليج,,3000,معطر,معطرات الجسم والبودي مست,medium,معطرات الجسم والبودي مست,body-mist-splash,medium,workbook category retained after rules miss,name=معطر دلع البنات; product_type=معطر,approved,workbook category retained after rules miss,2026-08-02T07:33:46Z,ready,proposed_child,NO,NO,YES
ARD-138,138,معطر شيخ زايد ابيض,أرض الخليج,,3000,معطر,معطرات الجسم والبودي مست,medium,معطرات الجسم والبودي مست,body-mist-splash,medium,workbook category retained after rules miss,name=معطر شيخ زايد ابيض; product_type=معطر,approved,workbook category retained after rules miss,2026-08-02T07:33:46Z,ready,proposed_child,NO,NO,YES
ARD-141,141,معطر شيخ زايد ذهبي,أرض الخليج,,3000,معطر,معطرات الجسم والبودي مست,medium,معطرات الجسم والبودي مست,body-mist-splash,medium,workbook category retained after rules miss,name=معطر شيخ زايد ذهبي; product_type=معطر,approved,workbook category retained after rules miss,2026-08-02T07:33:46Z,ready,proposed_child,NO,NO,YES
ARD-144,144,معطر عطر العروسه,أرض الخليج,,3000,معطر,معطرات الجسم والبودي مست,medium,معطرات الجسم والبودي مست,body-mist-splash,medium,workbook category retained after rules miss,name=معطر عطر العروسه; product_type=معطر,approved,workbook category retained after rules miss,2026-08-02T07:33:46Z,ready,proposed_child,NO,NO,YES
ARD-146,146,معطر غلا راشد,أرض الخليج,,3000,معطر,معطرات الجسم والبودي مست,medium,معطرات الجسم والبودي مست,body-mist-splash,medium,workbook category retained after rules miss,name=معطر غلا راشد; product_type=معطر,approved,workbook category retained after rules miss,2026-08-02T07:33:46Z,ready,proposed_child,NO,NO,YES
ARD-147,147,معطر غلا زايد,أرض الخليج,,3000,معطر,معطرات الجسم والبودي مست,medium,معطرات الجسم والبودي مست,body-mist-splash,medium,workbook category retained after rules miss,name=معطر غلا زايد; product_type=معطر,approved,workbook category retained after rules miss,2026-08-02T07:33:46Z,ready,proposed_child,NO,NO,YES
ARD-148,148,معطر غلاها زايد,أرض الخليج,,3000,معطر,معطرات الجسم والبودي مست,medium,معطرات الجسم والبودي مست,body-mist-splash,medium,workbook category retained after rules miss,name=معطر غلاها زايد; product_type=معطر,approved,workbook category retained after rules miss,2026-08-02T07:33:46Z,ready,proposed_child,NO,NO,YES
ARD-149,149,معطر فاطمه,أرض الخليج,,3000,معطر,معطرات الجسم والبودي مست,medium,معطرات الجسم والبودي مست,body-mist-splash,medium,workbook category retained after rules miss,name=معطر فاطمه; product_type=معطر,approved,workbook category retained after rules miss,2026-08-02T07:33:46Z,ready,proposed_child,NO,NO,YES
ARD-152,152,معطر كاردينيا,أرض الخليج,,3000,معطر,معطرات الجسم والبودي مست,medium,معطرات الجسم والبودي مست,body-mist-splash,medium,workbook category retained after rules miss,name=معطر كاردينيا; product_type=معطر,approved,workbook category retained after rules miss,2026-08-02T07:33:46Z,ready,proposed_child,NO,NO,YES
ARD-154,154,معطر لصبايا فقط,أرض الخليج,,3000,معطر,معطرات الجسم والبودي مست,medium,معطرات الجسم والبودي مست,body-mist-splash,medium,workbook category retained after rules miss,name=معطر لصبايا فقط; product_type=معطر,approved,workbook category retained after rules miss,2026-08-02T07:33:46Z,ready,proposed_child,NO,NO,YES
ARD-313,313,معطر فزاع,أرض الخليج,,3000,معطر,معطرات الجسم والبودي مست,medium,معطرات الجسم والبودي مست,body-mist-splash,medium,workbook category retained after rules miss,name=معطر فزاع; product_type=معطر,approved,workbook category retained after rules miss,2026-08-02T07:33:46Z,ready,proposed_child,NO,NO,YES
ARD-376,376,معطر المثير,أرض الخليج,,3000,معطر,معطرات الجسم والبودي مست,medium,معطرات الجسم والبودي مست,body-mist-splash,medium,workbook category retained after rules miss,name=معطر المثير; product_type=معطر,approved,workbook category retained after rules miss,2026-08-02T07:33:46Z,ready,proposed_child,NO,NO,YES
ARD-518,518,معطر جسم مكياج وردي,أرض الخليج,,3000,بودرة أو منتج تجميل,البودرة ومنتجات التجميل,high,معطرات الجسم والبودي مست,body-mist-splash,high,explicit body mist/splash,name=معطر جسم مكياج وردي; product_type=بودرة أو منتج تجميل,corrected,explicit body mist/splash,2026-08-02T07:33:46Z,ready,proposed_child,NO,YES,NO
ARD-868,868,معطر غرام الليل,أرض الخليج,,3000,معطر,معطرات الجسم والبودي مست,medium,معطرات الجسم والبودي مست,body-mist-splash,medium,workbook category retained after rules miss,name=معطر غرام الليل; product_type=معطر,approved,workbook category retained after rules miss,2026-08-02T07:33:46Z,ready,proposed_child,NO,NO,YES
ARD-1128,1128,معطر كادي اخضر,أرض الخليج,,3000,معطر,معطرات الجسم والبودي مست,medium,معطرات الجسم والبودي مست,body-mist-splash,medium,workbook category retained after rules miss,name=معطر كادي اخضر; product_type=معطر,approved,workbook category retained after rules miss,2026-08-02T07:33:46Z,ready,proposed_child,NO,NO,YES
ARD-1135,1135,معطر انوثة احمر,أرض الخليج,,3000,معطر,معطرات الجسم والبودي مست,medium,معطرات الجسم والبودي مست,body-mist-splash,medium,workbook category retained after rules miss,name=معطر انوثة احمر; product_type=معطر,approved,workbook category retained after rules miss,2026-08-02T07:33:46Z,ready,proposed_child,NO,NO,YES
ARD-1332,1332,معطر جميلة,أرض الخليج,,3000,معطر,معطرات الجسم والبودي مست,medium,معطرات الجسم والبودي مست,body-mist-splash,medium,workbook category retained after rules miss,name=معطر جميلة; product_type=معطر,approved,workbook category retained after rules miss,2026-08-02T07:33:46Z,ready,proposed_child,NO,NO,YES
ARD-1333,1333,معطر زهور باريس,أرض الخليج,,3000,معطر,معطرات الجسم والبودي مست,medium,معطرات الجسم والبودي مست,body-mist-splash,medium,workbook category retained after rules miss,name=معطر زهور باريس; product_type=معطر,approved,workbook category retained after rules miss,2026-08-02T07:33:46Z,ready,proposed_child,NO,NO,YES
ARD-1832,1832,معطر نيو سيكرت,أرض الخليج,,3000,معطر,معطرات الجسم والبودي مست,medium,معطرات الجسم والبودي مست,body-mist-splash,medium,workbook category retained after rules miss,name=معطر نيو سيكرت; product_type=معطر,approved,workbook category retained after rules miss,2026-08-02T07:33:46Z,ready,proposed_child,NO,NO,YES
ARD-1848,1848,معطر نيشان,أرض الخليج,,3000,معطر,معطرات الجسم والبودي مست,medium,معطرات الجسم والبودي مست,body-mist-splash,medium,workbook category retained after rules miss,name=معطر نيشان; product_type=معطر,approved,workbook category retained after rules miss,2026-08-02T07:33:46Z,ready,proposed_child,NO,NO,YES
ARD-523,523,سبلاش مكياج وردي,أرض الخليج,,5000,بودرة أو منتج تجميل,البودرة ومنتجات التجميل,high,معطرات الجسم والبودي مست,body-mist-splash,high,explicit body mist/splash,name=سبلاش مكياج وردي; product_type=بودرة أو منتج تجميل,corrected,explicit body mist/splash,2026-08-02T07:33:46Z,ready,proposed_child,NO,YES,NO
ARD-646,646,معطر فراش مكياج وردي القديم,أرض الخليج,,5000,بودرة أو منتج تجميل,البودرة ومنتجات التجميل,high,معطرات المنزل والمفارش والجو,home-linen-air,high,explicit home fragrance,name=معطر فراش مكياج وردي القديم; product_type=بودرة أو منتج تجميل,corrected,explicit home fragrance,2026-08-02T07:33:46Z,ready,proposed_child,NO,YES,NO
ARD-843,843,معطر جو مكياج,أرض الخليج,,3000,بودرة أو منتج تجميل,البودرة ومنتجات التجميل,high,معطرات المنزل والمفارش والجو,home-linen-air,high,explicit home fragrance,name=معطر جو مكياج; product_type=بودرة أو منتج تجميل,corrected,explicit home fragrance,2026-08-02T07:33:46Z,ready,proposed_child,NO,YES,NO
ARD-1257,1257,عطر شعر الانوثه احمر 50 مل,أرض الخليج,50 مل,8000,عطر شعر,العناية بالشعر وعطور الشعر,high,العناية بالشعر وعطور الشعر,hair-care-fragrance,high,explicit hair fragrance,name=عطر شعر الانوثه احمر 50 مل; product_type=عطر شعر,approved,explicit hair fragrance,2026-08-02T07:33:46Z,ready,proposed_child,NO,NO,NO
ARD-1670,1670,عطر شعر 50 مل مكياج,أرض الخليج,50 مل,7000,عطر شعر,العناية بالشعر وعطور الشعر,high,العناية بالشعر وعطور الشعر,hair-care-fragrance,high,explicit hair fragrance,name=عطر شعر 50 مل مكياج; product_type=عطر شعر,approved,explicit hair fragrance,2026-08-02T07:33:46Z,ready,proposed_child,NO,NO,YES
ARD-1789,1789,بخور الخيال,غير محدد,,5000,بخور,البخور والمعمول,high,البخور والمعمول,incense-maamoul,high,explicit incense,name=بخور الخيال; product_type=بخور,approved,explicit incense,2026-08-02T07:33:46Z,merchant_confirmation,proposed_child,NO,NO,YES
ARD-1790,1790,بخور المثير,غير محدد,,6000,بخور,البخور والمعمول,high,البخور والمعمول,incense-maamoul,high,explicit incense,name=بخور المثير; product_type=بخور,approved,explicit incense,2026-08-02T07:33:46Z,merchant_confirmation,proposed_child,NO,NO,YES
ARD-1791,1791,بخور عطر العروسة,غير محدد,,5000,بخور,البخور والمعمول,high,البخور والمعمول,incense-maamoul,high,explicit incense,name=بخور عطر العروسة; product_type=بخور,approved,explicit incense,2026-08-02T07:33:46Z,merchant_confirmation,proposed_child,NO,NO,YES
ARD-1792,1792,بخور فاطمة,غير محدد,,5000,بخور,البخور والمعمول,high,البخور والمعمول,incense-maamoul,high,explicit incense,name=بخور فاطمة; product_type=بخور,approved,explicit incense,2026-08-02T07:33:46Z,merchant_confirmation,proposed_child,NO,NO,YES
ARD-1793,1793,بخور غلا زايد,غير محدد,,5000,بخور,البخور والمعمول,high,البخور والمعمول,incense-maamoul,high,explicit incense,name=بخور غلا زايد; product_type=بخور,approved,explicit incense,2026-08-02T07:33:46Z,merchant_confirmation,proposed_child,NO,NO,YES
ARD-1794,1794,بخور غرام الليل,غير محدد,,5000,بخور,البخور والمعمول,high,البخور والمعمول,incense-maamoul,high,explicit incense,name=بخور غرام الليل; product_type=بخور,approved,explicit incense,2026-08-02T07:33:46Z,merchant_confirmation,proposed_child,NO,NO,YES
ARD-1795,1795,بخور مزاج,غير محدد,,6000,بخور,البخور والمعمول,high,البخور والمعمول,incense-maamoul,high,explicit incense,name=بخور مزاج; product_type=بخور,approved,explicit incense,2026-08-02T07:33:46Z,merchant_confirmation,proposed_child,NO,NO,YES
ARD-1797,1797,بخور شيخ زايد,غير محدد,,6000,بخور,البخور والمعمول,high,البخور والمعمول,incense-maamoul,high,explicit incense,name=بخور شيخ زايد; product_type=بخور,approved,explicit incense,2026-08-02T07:33:46Z,merchant_confirmation,proposed_child,NO,NO,YES
ARD-1798,1798,بخور تو النهار,غير محدد,,6000,بخور,البخور والمعمول,high,البخور والمعمول,incense-maamoul,high,explicit incense,name=بخور تو النهار; product_type=بخور,approved,explicit incense,2026-08-02T07:33:46Z,merchant_confirmation,proposed_child,NO,NO,YES
ARD-1746,1746,مسك طهارة 50 مل مكياج,أرض الخليج,50 مل,14000,بودرة أو منتج تجميل,البودرة ومنتجات التجميل,high,المسك والمخمريات والعطور الزيتية,musk-oils-mukhammaria,high,explicit musk/oil/mukhammaria,name=مسك طهارة 50 مل مكياج; product_type=بودرة أو منتج تجميل,corrected,explicit musk/oil/mukhammaria,2026-08-02T07:33:46Z,ready,proposed_child,NO,YES,NO
ARD-1904,1904,عطر رويال مسك ابيض 50 مل,Royal Musk,50 مل,17000,عطر,العطور,high,المسك والمخمريات والعطور الزيتية,musk-oils-mukhammaria,high,explicit musk/oil/mukhammaria,name=عطر رويال مسك ابيض 50 مل; product_type=عطر,corrected,explicit musk/oil/mukhammaria,2026-08-02T07:33:46Z,ready,proposed_child,NO,YES,YES
ARD-1906,1906,عطر رويال مسك وردي 50 مل,Royal Musk,50 مل,17000,عطر,العطور,high,المسك والمخمريات والعطور الزيتية,musk-oils-mukhammaria,high,explicit musk/oil/mukhammaria,name=عطر رويال مسك وردي 50 مل; product_type=عطر,corrected,explicit musk/oil/mukhammaria,2026-08-02T07:33:46Z,ready,proposed_child,NO,YES,YES
ARD-1907,1907,عطر رويال مسك بنفسجي 50 مل,Royal Musk,50 مل,17000,عطر,العطور,high,المسك والمخمريات والعطور الزيتية,musk-oils-mukhammaria,high,explicit musk/oil/mukhammaria,name=عطر رويال مسك بنفسجي 50 مل; product_type=عطر,corrected,explicit musk/oil/mukhammaria,2026-08-02T07:33:46Z,ready,proposed_child,NO,YES,YES
ARD-1960,1960,عطر رويال مسك رمان 50 مل,Royal Musk,50 مل,17000,عطر,العطور,high,المسك والمخمريات والعطور الزيتية,musk-oils-mukhammaria,high,explicit musk/oil/mukhammaria,name=عطر رويال مسك رمان 50 مل; product_type=عطر,corrected,explicit musk/oil/mukhammaria,2026-08-02T07:33:46Z,ready,proposed_child,NO,YES,YES
ARD-4476,4476,عطر رويال مسك بيستاشيو 50 مل,Royal Musk,50 مل,17000,عطر,العطور,high,المسك والمخمريات والعطور الزيتية,musk-oils-mukhammaria,high,explicit musk/oil/mukhammaria,name=عطر رويال مسك بيستاشيو 50 مل; product_type=عطر,corrected,explicit musk/oil/mukhammaria,2026-08-02T07:33:46Z,ready,proposed_child,NO,YES,YES
ARD-4477,4477,عطر رويال مسك كاندي 50 مل,Royal Musk,50 مل,17000,عطر,العطور,high,المسك والمخمريات والعطور الزيتية,musk-oils-mukhammaria,high,explicit musk/oil/mukhammaria,name=عطر رويال مسك كاندي 50 مل; product_type=عطر,corrected,explicit musk/oil/mukhammaria,2026-08-02T07:33:46Z,ready,proposed_child,NO,YES,YES
ARD-2220,2220,معطر فراش مكياج 300 مل جديد,أرض الخليج,300 مل,7000,بودرة أو منتج تجميل,البودرة ومنتجات التجميل,high,معطرات المنزل والمفارش والجو,home-linen-air,high,explicit home fragrance,name=معطر فراش مكياج 300 مل جديد; product_type=بودرة أو منتج تجميل,corrected,explicit home fragrance,2026-08-02T07:33:46Z,ready,proposed_child,NO,YES,NO
ARD-3429,3429,بودي مست مكياج 250 مل / أرض الخليج,أرض الخليج,250 مل,5000,بودرة أو منتج تجميل,البودرة ومنتجات التجميل,high,معطرات الجسم والبودي مست,body-mist-splash,high,explicit body mist/splash,name=بودي مست مكياج 250 مل / أرض الخليج; product_type=بودرة أو منتج تجميل,corrected,explicit body mist/splash,2026-08-02T07:33:46Z,ready,proposed_child,NO,YES,NO
ARD-2244,2244,سيت مملكة العود ابيض 6ق 35 مل,مملكة العود,35 مل,48000,مجموعة عطرية,العطور,high,العطور,perfumes,high,workbook category retained after rules miss,name=سيت مملكة العود ابيض 6ق 35 مل; product_type=مجموعة عطرية,approved,workbook category retained after rules miss,2026-08-02T07:33:46Z,ready,proposed_child,NO,NO,YES
ARD-4263,4263,عطر الحان 210 مل,مملكة العود,210 مل,28000,عطر,العطور,high,العطور,perfumes,high,standard perfume,name=عطر الحان 210 مل; product_type=عطر,approved,standard perfume,2026-08-02T07:33:46Z,ready,proposed_child,NO,NO,YES
ARD-4264,4264,عطر الحان نوير 210 مل,مملكة العود,210 مل,28000,عطر,العطور,high,العطور,perfumes,high,standard perfume,name=عطر الحان نوير 210 مل; product_type=عطر,approved,standard perfume,2026-08-02T07:33:46Z,ready,proposed_child,NO,NO,YES
ARD-156,156,معطر مينا,مملكة العود,,2000,معطر,معطرات الجسم والبودي مست,medium,معطرات الجسم والبودي مست,body-mist-splash,medium,workbook category retained after rules miss,name=معطر مينا; product_type=معطر,approved,workbook category retained after rules miss,2026-08-02T07:33:46Z,ready,proposed_child,NO,NO,YES
ARD-4520,4520,بودي مست مسك طهارة مملكة العود كاندي,مملكة العود,,4000,مسك أو عطر زيتي,المسك والمخمريات والعطور الزيتية,high,معطرات الجسم والبودي مست,body-mist-splash,high,explicit body mist/splash,name=بودي مست مسك طهارة مملكة العود كاندي; product_type=مسك أو عطر زيتي,corrected,explicit body mist/splash,2026-08-02T07:33:46Z,ready,proposed_child,NO,YES,NO
ARD-4521,4521,بودي مست مسك طهارة مملكة العود بلو بيري,مملكة العود,,4000,مسك أو عطر زيتي,المسك والمخمريات والعطور الزيتية,high,معطرات الجسم والبودي مست,body-mist-splash,high,explicit body mist/splash,name=بودي مست مسك طهارة مملكة العود بلو بيري; product_type=مسك أو عطر زيتي,corrected,explicit body mist/splash,2026-08-02T07:33:46Z,ready,proposed_child,NO,YES,NO
ARD-4522,4522,بودي مست مسك طهارة مملكة العود فانيلا,مملكة العود,,4000,مسك أو عطر زيتي,المسك والمخمريات والعطور الزيتية,high,معطرات الجسم والبودي مست,body-mist-splash,high,explicit body mist/splash,name=بودي مست مسك طهارة مملكة العود فانيلا; product_type=مسك أو عطر زيتي,corrected,explicit body mist/splash,2026-08-02T07:33:46Z,ready,proposed_child,NO,YES,NO
ARD-4523,4523,بودي مست مسك طهارة مملكة العود تروبكال مسك,مملكة العود,,4000,مسك أو عطر زيتي,المسك والمخمريات والعطور الزيتية,high,معطرات الجسم والبودي مست,body-mist-splash,high,explicit body mist/splash,name=بودي مست مسك طهارة مملكة العود تروبكال مسك; product_type=مسك أو عطر زيتي,corrected,explicit body mist/splash,2026-08-02T07:33:46Z,ready,proposed_child,NO,YES,NO
ARD-4524,4524,بودي مست مسك طهارة مملكة العودلافندر,مملكة العود,,4000,مسك أو عطر زيتي,المسك والمخمريات والعطور الزيتية,high,معطرات الجسم والبودي مست,body-mist-splash,high,explicit body mist/splash,name=بودي مست مسك طهارة مملكة العودلافندر; product_type=مسك أو عطر زيتي,corrected,explicit body mist/splash,2026-08-02T07:33:46Z,ready,proposed_child,NO,YES,NO
ARD-4534,4534,بودي مست مسك طهارة مملكة العود بوميغرانتي موسك,مملكة العود,,4000,مسك أو عطر زيتي,المسك والمخمريات والعطور الزيتية,high,معطرات الجسم والبودي مست,body-mist-splash,high,explicit body mist/splash,name=بودي مست مسك طهارة مملكة العود بوميغرانتي موسك; product_type=مسك أو عطر زيتي,corrected,explicit body mist/splash,2026-08-02T07:33:46Z,ready,proposed_child,NO,YES,NO
ARD-3388,3388,عطر نانسيا بودري 100 مل,Volare,100 مل,15000,عطر,العطور,high,العطور,perfumes,high,standard perfume,name=عطر نانسيا بودري 100 مل; product_type=عطر,approved,standard perfume,2026-08-02T07:33:46Z,ready,proposed_child,NO,NO,YES
ARD-3914,3914,عطر سكنجر تركواز ايز 55 مل,Volare,55 مل,22000,عطر,العطور,high,العطور,perfumes,high,standard perfume,name=عطر سكنجر تركواز ايز 55 مل; product_type=عطر,approved,standard perfume,2026-08-02T07:33:46Z,ready,proposed_child,NO,NO,YES
ARD-3990,3990,عطر جون الين الوشن 100 مل,Volare,100 مل,16000,لوشن جسم,العناية بالجسم والاستحمام,high,العطور,perfumes,medium,perfume named lotion (not body-care SKU),name=عطر جون الين الوشن 100 مل; product_type=لوشن جسم,corrected,perfume named lotion (not body-care SKU),2026-08-02T07:33:46Z,ready,proposed_child,NO,YES,NO
ARD-4546,4546,عطر ريغال كول. اليسيان دريم 115 مل,Volare,115 مل,16000,عطر,العطور,high,العطور,perfumes,high,standard perfume,name=عطر ريغال كول. اليسيان دريم 115 مل; product_type=عطر,approved,standard perfume,2026-08-02T07:33:46Z,ready,proposed_child,NO,NO,YES
ARD-4969,4969,سيت ال في راينج دسكوفري 4*1 25 مل,Volare,25 مل,25000,مجموعة عطرية,العطور,high,العطور,perfumes,high,workbook category retained after rules miss,name=سيت ال في راينج دسكوفري 4*1 25 مل; product_type=مجموعة عطرية,approved,workbook category retained after rules miss,2026-08-02T07:33:46Z,ready,proposed_child,NO,NO,YES
ARD-3725,3725,عطر دارلين فيم 30 مل,Volare,30 مل,4000,عطر صغير أو ميني,العطور الصغيرة والميني,medium,العطور الصغيرة والميني,mini-travel-perfume,high,perfume with size<=30ml,name=عطر دارلين فيم 30 مل; product_type=عطر صغير أو ميني,approved,perfume with size<=30ml,2026-08-02T07:33:46Z,ready,proposed_child,NO,NO,NO
ARD-3726,3726,عطر دير كيل 30 مل,Volare,30 مل,4000,عطر صغير أو ميني,العطور الصغيرة والميني,medium,العطور الصغيرة والميني,mini-travel-perfume,high,perfume with size<=30ml,name=عطر دير كيل 30 مل; product_type=عطر صغير أو ميني,approved,perfume with size<=30ml,2026-08-02T07:33:46Z,ready,proposed_child,NO,NO,NO
ARD-3727,3727,عطر دكنتي 30 مل,Volare,30 مل,4000,عطر صغير أو ميني,العطور الصغيرة والميني,medium,العطور الصغيرة والميني,mini-travel-perfume,high,perfume with size<=30ml,name=عطر دكنتي 30 مل; product_type=عطر صغير أو ميني,approved,perfume with size<=30ml,2026-08-02T07:33:46Z,ready,proposed_child,NO,NO,NO
ARD-3728,3728,عطر اينامور سينتو 30 مل,Volare,30 مل,4000,عطر صغير أو ميني,العطور الصغيرة والميني,medium,العطور الصغيرة والميني,mini-travel-perfume,high,perfume with size<=30ml,name=عطر اينامور سينتو 30 مل; product_type=عطر صغير أو ميني,approved,perfume with size<=30ml,2026-08-02T07:33:46Z,ready,proposed_child,NO,NO,NO
ARD-3729,3729,عطر فلورال نارسوس روج اكستراكت 30 مل,Volare,30 مل,4000,عطر صغير أو ميني,العطور الصغيرة والميني,medium,العطور الصغيرة والميني,mini-travel-perfume,high,perfume with size<=30ml,name=عطر فلورال نارسوس روج اكستراكت 30 مل; product_type=عطر صغير أو ميني,approved,perfume with size<=30ml,2026-08-02T07:33:46Z,ready,proposed_child,NO,NO,NO
ARD-3732,3732,عطر لوفري 30 مل,Volare,30 مل,4000,عطر صغير أو ميني,العطور الصغيرة والميني,medium,العطور الصغيرة والميني,mini-travel-perfume,high,perfume with size<=30ml,name=عطر لوفري 30 مل; product_type=عطر صغير أو ميني,approved,perfume with size<=30ml,2026-08-02T07:33:46Z,ready,proposed_child,NO,NO,NO
ARD-3733,3733,عطر ميلينا 30 مل,Volare,30 مل,4000,عطر صغير أو ميني,العطور الصغيرة والميني,medium,العطور الصغيرة والميني,mini-travel-perfume,high,perfume with size<=30ml,name=عطر ميلينا 30 مل; product_type=عطر صغير أو ميني,approved,perfume with size<=30ml,2026-08-02T07:33:46Z,ready,proposed_child,NO,NO,NO
ARD-3735,3735,عطر نانسيا بودري 30 مل,Volare,30 مل,4000,عطر صغير أو ميني,العطور الصغيرة والميني,medium,العطور الصغيرة والميني,mini-travel-perfume,high,perfume with size<=30ml,name=عطر نانسيا بودري 30 مل; product_type=عطر صغير أو ميني,approved,perfume with size<=30ml,2026-08-02T07:33:46Z,duplicate_primary,proposed_child,NO,NO,YES
ARD-3736,3736,عطر نانسيا روبي 30 مل,Volare,30 مل,4000,عطر صغير أو ميني,العطور الصغيرة والميني,medium,العطور الصغيرة والميني,mini-travel-perfume,high,perfume with size<=30ml,name=عطر نانسيا روبي 30 مل; product_type=عطر صغير أو ميني,approved,perfume with size<=30ml,2026-08-02T07:33:46Z,ready,proposed_child,NO,NO,NO
ARD-3737,3737,عطر اوبتس نوت 30 مل,Volare,30 مل,4000,عطر صغير أو ميني,العطور الصغيرة والميني,medium,العطور الصغيرة والميني,mini-travel-perfume,high,perfume with size<=30ml,name=عطر اوبتس نوت 30 مل; product_type=عطر صغير أو ميني,approved,perfume with size<=30ml,2026-08-02T07:33:46Z,ready,proposed_child,NO,NO,NO
ARD-3738,3738,عطر اوفيارا 30 مل,Volare,30 مل,4000,عطر صغير أو ميني,العطور الصغيرة والميني,medium,العطور الصغيرة والميني,mini-travel-perfume,high,perfume with size<=30ml,name=عطر اوفيارا 30 مل; product_type=عطر صغير أو ميني,approved,perfume with size<=30ml,2026-08-02T07:33:46Z,ready,proposed_child,NO,NO,NO
ARD-3739,3739,عطر VIPرومانتك روز 30 مل,Volare,30 مل,4000,عطر صغير أو ميني,العطور الصغيرة والميني,medium,العطور الصغيرة والميني,mini-travel-perfume,high,perfume with size<=30ml,name=عطر VIPرومانتك روز 30 مل; product_type=عطر صغير أو ميني,approved,perfume with size<=30ml,2026-08-02T07:33:46Z,ready,proposed_child,NO,NO,NO
ARD-3741,3741,عطر ليدر وايت 30 مل,Volare,30 مل,4000,عطر صغير أو ميني,العطور الصغيرة والميني,medium,العطور الصغيرة والميني,mini-travel-perfume,high,perfume with size<=30ml,name=عطر ليدر وايت 30 مل; product_type=عطر صغير أو ميني,approved,perfume with size<=30ml,2026-08-02T07:33:46Z,ready,proposed_child,NO,NO,NO
ARD-3790,3790,عطر تمبتايشن 111 بور فيم 30 مل,Volare,30 مل,4000,عطر صغير أو ميني,العطور الصغيرة والميني,medium,العطور الصغيرة والميني,mini-travel-perfume,high,perfume with size<=30ml,name=عطر تمبتايشن 111 بور فيم 30 مل; product_type=عطر صغير أو ميني,approved,perfume with size<=30ml,2026-08-02T07:33:46Z,ready,proposed_child,NO,NO,NO
ARD-3791,3791,عطر نانسيا فور هير 30 مل,Volare,30 مل,4000,عطر صغير أو ميني,العطور الصغيرة والميني,medium,العطور الصغيرة والميني,mini-travel-perfume,high,perfume with size<=30ml,name=عطر نانسيا فور هير 30 مل; product_type=عطر صغير أو ميني,approved,perfume with size<=30ml,2026-08-02T07:33:46Z,ready,proposed_child,NO,NO,NO
ARD-3792,3792,عطر تريشور روز 30 مل,Volare,30 مل,4000,عطر صغير أو ميني,العطور الصغيرة والميني,medium,العطور الصغيرة والميني,mini-travel-perfume,high,perfume with size<=30ml,name=عطر تريشور روز 30 مل; product_type=عطر صغير أو ميني,approved,perfume with size<=30ml,2026-08-02T07:33:46Z,ready,proposed_child,NO,NO,NO
ARD-3793,3793,عطر جست فور يو ومن 30 مل,Volare,30 مل,4000,عطر صغير أو ميني,العطور الصغيرة والميني,medium,العطور الصغيرة والميني,mini-travel-perfume,high,perfume with size<=30ml,name=عطر جست فور يو ومن 30 مل; product_type=عطر صغير أو ميني,approved,perfume with size<=30ml,2026-08-02T07:33:46Z,ready,proposed_child,NO,NO,NO
ARD-3794,3794,عطر فالنتاين بور فيم 30 مل,Volare,30 مل,4000,عطر صغير أو ميني,العطور الصغيرة والميني,medium,العطور الصغيرة والميني,mini-travel-perfume,high,perfume with size<=30ml,name=عطر فالنتاين بور فيم 30 مل; product_type=عطر صغير أو ميني,approved,perfume with size<=30ml,2026-08-02T07:33:46Z,ready,proposed_child,NO,NO,NO
ARD-3796,3796,عطر تيسر نايت 30 مل,Volare,30 مل,4000,عطر صغير أو ميني,العطور الصغيرة والميني,medium,العطور الصغيرة والميني,mini-travel-perfume,high,perfume with size<=30ml,name=عطر تيسر نايت 30 مل; product_type=عطر صغير أو ميني,approved,perfume with size<=30ml,2026-08-02T07:33:46Z,ready,proposed_child,NO,NO,NO
ARD-3797,3797,عطر بيلا فيتا 30 مل,Volare,30 مل,4000,عطر صغير أو ميني,العطور الصغيرة والميني,medium,العطور الصغيرة والميني,mini-travel-perfume,high,perfume with size<=30ml,name=عطر بيلا فيتا 30 مل; product_type=عطر صغير أو ميني,approved,perfume with size<=30ml,2026-08-02T07:33:46Z,ready,proposed_child,NO,NO,NO
ARD-3798,3798,عطر الينورا 30 مل,Volare,30 مل,4000,عطر صغير أو ميني,العطور الصغيرة والميني,medium,العطور الصغيرة والميني,mini-travel-perfume,high,perfume with size<=30ml,name=عطر الينورا 30 مل; product_type=عطر صغير أو ميني,approved,perfume with size<=30ml,2026-08-02T07:33:46Z,ready,proposed_child,NO,NO,NO
ARD-3799,3799,عطر بيور سيدكشن سيكرت انتنس 30 مل,Volare,30 مل,4000,عطر صغير أو ميني,العطور الصغيرة والميني,medium,العطور الصغيرة والميني,mini-travel-perfume,high,perfume with size<=30ml,name=عطر بيور سيدكشن سيكرت انتنس 30 مل; product_type=عطر صغير أو ميني,approved,perfume with size<=30ml,2026-08-02T07:33:46Z,ready,proposed_child,NO,NO,NO
ARD-3801,3801,عطر لنتيمو 30 مل,Volare,30 مل,4000,عطر صغير أو ميني,العطور الصغيرة والميني,medium,العطور الصغيرة والميني,mini-travel-perfume,high,perfume with size<=30ml,name=عطر لنتيمو 30 مل; product_type=عطر صغير أو ميني,approved,perfume with size<=30ml,2026-08-02T07:33:46Z,ready,proposed_child,NO,NO,NO
ARD-3743,3743,عطر ال هوم بلو 25 مل,Volare,25 مل,4000,عطر صغير أو ميني,العطور الصغيرة والميني,medium,العطور الصغيرة والميني,mini-travel-perfume,high,perfume with size<=30ml,name=عطر ال هوم بلو 25 مل; product_type=عطر صغير أو ميني,approved,perfume with size<=30ml,2026-08-02T07:33:46Z,ready,proposed_child,NO,NO,NO
ARD-3744,3744,عطر لافانتو اوركيد 25 مل,Volare,25 مل,4000,عطر صغير أو ميني,العطور الصغيرة والميني,medium,العطور الصغيرة والميني,mini-travel-perfume,high,perfume with size<=30ml,name=عطر لافانتو اوركيد 25 مل; product_type=عطر صغير أو ميني,approved,perfume with size<=30ml,2026-08-02T07:33:46Z,ready,proposed_child,NO,NO,NO
ARD-3748,3748,عطر سينايت 25 مل,Volare,25 مل,4000,عطر صغير أو ميني,العطور الصغيرة والميني,medium,العطور الصغيرة والميني,mini-travel-perfume,high,perfume with size<=30ml,name=عطر سينايت 25 مل; product_type=عطر صغير أو ميني,approved,perfume with size<=30ml,2026-08-02T07:33:46Z,ready,proposed_child,NO,NO,NO
ARD-3749,3749,عطر جست فور يو مين 25 مل,Volare,25 مل,4000,عطر صغير أو ميني,العطور الصغيرة والميني,medium,العطور الصغيرة والميني,mini-travel-perfume,high,perfume with size<=30ml,name=عطر جست فور يو مين 25 مل; product_type=عطر صغير أو ميني,approved,perfume with size<=30ml,2026-08-02T07:33:46Z,ready,proposed_child,NO,NO,NO
ARD-3755,3755,عطر لا ناييج بور هوم 25 مل,Volare,25 مل,4000,عطر صغير أو ميني,العطور الصغيرة والميني,medium,العطور الصغيرة والميني,mini-travel-perfume,high,perfume with size<=30ml,name=عطر لا ناييج بور هوم 25 مل; product_type=عطر صغير أو ميني,approved,perfume with size<=30ml,2026-08-02T07:33:46Z,ready,proposed_child,NO,NO,NO
ARD-3757,3757,عطر انفنتف لجند 25 مل,Volare,25 مل,4000,عطر صغير أو ميني,العطور الصغيرة والميني,medium,العطور الصغيرة والميني,mini-travel-perfume,high,perfume with size<=30ml,name=عطر انفنتف لجند 25 مل; product_type=عطر صغير أو ميني,approved,perfume with size<=30ml,2026-08-02T07:33:46Z,ready,proposed_child,NO,NO,NO
ARD-3758,3758,عطر هيريرو رجالي 25 مل,Volare,25 مل,4000,عطر صغير أو ميني,العطور الصغيرة والميني,medium,العطور الصغيرة والميني,mini-travel-perfume,high,perfume with size<=30ml,name=عطر هيريرو رجالي 25 مل; product_type=عطر صغير أو ميني,approved,perfume with size<=30ml,2026-08-02T07:33:46Z,ready,proposed_child,NO,NO,NO
ARD-3759,3759,عطر ماجستي 25 مل,Volare,25 مل,4000,عطر صغير أو ميني,العطور الصغيرة والميني,medium,العطور الصغيرة والميني,mini-travel-perfume,high,perfume with size<=30ml,name=عطر ماجستي 25 مل; product_type=عطر صغير أو ميني,approved,perfume with size<=30ml,2026-08-02T07:33:46Z,ready,proposed_child,NO,NO,NO
ARD-3760,3760,عطر فرانتك 25 مل,Volare,25 مل,4000,عطر صغير أو ميني,العطور الصغيرة والميني,medium,العطور الصغيرة والميني,mini-travel-perfume,high,perfume with size<=30ml,name=عطر فرانتك 25 مل; product_type=عطر صغير أو ميني,approved,perfume with size<=30ml,2026-08-02T07:33:46Z,ready,proposed_child,NO,NO,NO
ARD-3761,3761,عطر فيراكت بلو 25 مل,Volare,25 مل,4000,عطر صغير أو ميني,العطور الصغيرة والميني,medium,العطور الصغيرة والميني,mini-travel-perfume,high,perfume with size<=30ml,name=عطر فيراكت بلو 25 مل; product_type=عطر صغير أو ميني,approved,perfume with size<=30ml,2026-08-02T07:33:46Z,ready,proposed_child,NO,NO,NO
ARD-3762,3762,عطر فورتي مين 25 مل,Volare,25 مل,4000,عطر صغير أو ميني,العطور الصغيرة والميني,medium,العطور الصغيرة والميني,mini-travel-perfume,high,perfume with size<=30ml,name=عطر فورتي مين 25 مل; product_type=عطر صغير أو ميني,approved,perfume with size<=30ml,2026-08-02T07:33:46Z,ready,proposed_child,NO,NO,NO
ARD-3763,3763,عطر افانسي 25 مل,Volare,25 مل,4000,عطر صغير أو ميني,العطور الصغيرة والميني,medium,العطور الصغيرة والميني,mini-travel-perfume,high,perfume with size<=30ml,name=عطر افانسي 25 مل; product_type=عطر صغير أو ميني,approved,perfume with size<=30ml,2026-08-02T07:33:46Z,ready,proposed_child,NO,NO,NO
ARD-3764,3764,عطر انتنسف لجن 25 مل,Volare,25 مل,4000,عطر صغير أو ميني,العطور الصغيرة والميني,medium,العطور الصغيرة والميني,mini-travel-perfume,high,perfume with size<=30ml,name=عطر انتنسف لجن 25 مل; product_type=عطر صغير أو ميني,approved,perfume with size<=30ml,2026-08-02T07:33:46Z,ready,proposed_child,NO,NO,NO
ARD-3800,3800,عطر انتنسف لجن سبورت 25 مل,Volare,25 مل,4000,عطر صغير أو ميني,العطور الصغيرة والميني,medium,العطور الصغيرة والميني,mini-travel-perfume,high,perfume with size<=30ml,name=عطر انتنسف لجن سبورت 25 مل; product_type=عطر صغير أو ميني,approved,perfume with size<=30ml,2026-08-02T07:33:46Z,ready,proposed_child,NO,NO,NO
ARD-3845,3845,عطر انفنتف 25 مل,Volare,25 مل,4000,عطر صغير أو ميني,العطور الصغيرة والميني,medium,العطور الصغيرة والميني,mini-travel-perfume,high,perfume with size<=30ml,name=عطر انفنتف 25 مل; product_type=عطر صغير أو ميني,approved,perfume with size<=30ml,2026-08-02T07:33:46Z,ready,proposed_child,NO,NO,NO
ARD-3846,3846,عطر افينو بور هوم 25 مل,Volare,25 مل,4000,عطر صغير أو ميني,العطور الصغيرة والميني,medium,العطور الصغيرة والميني,mini-travel-perfume,high,perfume with size<=30ml,name=عطر افينو بور هوم 25 مل; product_type=عطر صغير أو ميني,approved,perfume with size<=30ml,2026-08-02T07:33:46Z,ready,proposed_child,NO,NO,NO
ARD-3847,3847,عطر فيراكت روج 25 مل,Volare,25 مل,4000,عطر صغير أو ميني,العطور الصغيرة والميني,medium,العطور الصغيرة والميني,mini-travel-perfume,high,perfume with size<=30ml,name=عطر فيراكت روج 25 مل; product_type=عطر صغير أو ميني,approved,perfume with size<=30ml,2026-08-02T07:33:46Z,ready,proposed_child,NO,NO,NO
ARD-3849,3849,عطر انفنتف فكتوري 25 مل,Volare,25 مل,4000,عطر صغير أو ميني,العطور الصغيرة والميني,medium,العطور الصغيرة والميني,mini-travel-perfume,high,perfume with size<=30ml,name=عطر انفنتف فكتوري 25 مل; product_type=عطر صغير أو ميني,approved,perfume with size<=30ml,2026-08-02T07:33:46Z,ready,proposed_child,NO,NO,NO
ARD-3857,3857,عطر نوير لذر 25 مل,Volare,25 مل,4000,عطر صغير أو ميني,العطور الصغيرة والميني,medium,العطور الصغيرة والميني,mini-travel-perfume,high,perfume with size<=30ml,name=عطر نوير لذر 25 مل; product_type=عطر صغير أو ميني,approved,perfume with size<=30ml,2026-08-02T07:33:46Z,ready,proposed_child,NO,NO,NO
ARD-3858,3858,عطر فيراكت نوير 25 مل,Volare,25 مل,4000,عطر صغير أو ميني,العطور الصغيرة والميني,medium,العطور الصغيرة والميني,mini-travel-perfume,high,perfume with size<=30ml,name=عطر فيراكت نوير 25 مل; product_type=عطر صغير أو ميني,approved,perfume with size<=30ml,2026-08-02T07:33:46Z,ready,proposed_child,NO,NO,NO
ARD-3859,3859,عطر جوردي بروفندو 25 مل,Volare,25 مل,4000,عطر صغير أو ميني,العطور الصغيرة والميني,medium,العطور الصغيرة والميني,mini-travel-perfume,high,perfume with size<=30ml,name=عطر جوردي بروفندو 25 مل; product_type=عطر صغير أو ميني,approved,perfume with size<=30ml,2026-08-02T07:33:46Z,ready,proposed_child,NO,NO,NO
ARD-3860,3860,عطر جوردي بروفومو 25 مل,Volare,25 مل,4000,عطر صغير أو ميني,العطور الصغيرة والميني,medium,العطور الصغيرة والميني,mini-travel-perfume,high,perfume with size<=30ml,name=عطر جوردي بروفومو 25 مل; product_type=عطر صغير أو ميني,approved,perfume with size<=30ml,2026-08-02T07:33:46Z,ready,proposed_child,NO,NO,NO
ARD-4970,4970,عطر مكسيكان برونكو 25 مل,Volare,25 مل,5000,عطر صغير أو ميني,العطور الصغيرة والميني,medium,العطور الصغيرة والميني,mini-travel-perfume,high,perfume with size<=30ml,name=عطر مكسيكان برونكو 25 مل; product_type=عطر صغير أو ميني,approved,perfume with size<=30ml,2026-08-02T07:33:46Z,ready,proposed_child,NO,NO,NO
ARD-4977,4977,عطر كنزي امبر ليتشي 25 مل,Volare,25 مل,5000,عطر صغير أو ميني,العطور الصغيرة والميني,medium,العطور الصغيرة والميني,mini-travel-perfume,high,perfume with size<=30ml,name=عطر كنزي امبر ليتشي 25 مل; product_type=عطر صغير أو ميني,approved,perfume with size<=30ml,2026-08-02T07:33:46Z,ready,proposed_child,NO,NO,NO
ARD-4978,4978,عطر كنزي كانديد فانيلا 25 مل,Volare,25 مل,5000,عطر صغير أو ميني,العطور الصغيرة والميني,medium,العطور الصغيرة والميني,mini-travel-perfume,high,perfume with size<=30ml,name=عطر كنزي كانديد فانيلا 25 مل; product_type=عطر صغير أو ميني,approved,perfume with size<=30ml,2026-08-02T07:33:46Z,ready,proposed_child,NO,NO,NO
ARD-4979,4979,عطر كنزي اكسوتك ابل كراش 25 مل,Volare,25 مل,5000,عطر صغير أو ميني,العطور الصغيرة والميني,medium,العطور الصغيرة والميني,mini-travel-perfume,high,perfume with size<=30ml,name=عطر كنزي اكسوتك ابل كراش 25 مل; product_type=عطر صغير أو ميني,approved,perfume with size<=30ml,2026-08-02T07:33:46Z,ready,proposed_child,NO,NO,NO
ARD-4982,4982,عطر ميلانو 22 25 مل,Volare,25 مل,5000,عطر صغير أو ميني,العطور الصغيرة والميني,medium,العطور الصغيرة والميني,mini-travel-perfume,high,perfume with size<=30ml,name=عطر ميلانو 22 25 مل; product_type=عطر صغير أو ميني,approved,perfume with size<=30ml,2026-08-02T07:33:46Z,ready,proposed_child,NO,NO,NO
ARD-1414,1414,عطر شعر 50 مل بيلزا,Sublime,50 مل,8000,عطر شعر,العناية بالشعر وعطور الشعر,high,العناية بالشعر وعطور الشعر,hair-care-fragrance,high,explicit hair fragrance,name=عطر شعر 50 مل بيلزا; product_type=عطر شعر,approved,explicit hair fragrance,2026-08-02T07:33:46Z,ready,proposed_child,NO,NO,NO
ARD-1415,1415,عطر شعر 50 مل باشيون,Sublime,50 مل,8000,عطر شعر,العناية بالشعر وعطور الشعر,high,العناية بالشعر وعطور الشعر,hair-care-fragrance,high,explicit hair fragrance,name=عطر شعر 50 مل باشيون; product_type=عطر شعر,approved,explicit hair fragrance,2026-08-02T07:33:46Z,ready,proposed_child,NO,NO,NO
ARD-1416,1416,عطر شعر 50 مل فيرونا,Sublime,50 مل,8000,عطر شعر,العناية بالشعر وعطور الشعر,high,العناية بالشعر وعطور الشعر,hair-care-fragrance,high,explicit hair fragrance,name=عطر شعر 50 مل فيرونا; product_type=عطر شعر,approved,explicit hair fragrance,2026-08-02T07:33:46Z,ready,proposed_child,NO,NO,NO
ARD-1421,1421,عطر شعر 50 مل / اكسيتنك,Sublime,50 مل,8000,عطر شعر,العناية بالشعر وعطور الشعر,high,العناية بالشعر وعطور الشعر,hair-care-fragrance,high,explicit hair fragrance,name=عطر شعر 50 مل / اكسيتنك; product_type=عطر شعر,approved,explicit hair fragrance,2026-08-02T07:33:46Z,ready,proposed_child,NO,NO,NO
ARD-1422,1422,عطر شعر 50 مل / بلوسوم,Sublime,50 مل,8000,عطر شعر,العناية بالشعر وعطور الشعر,high,العناية بالشعر وعطور الشعر,hair-care-fragrance,high,explicit hair fragrance,name=عطر شعر 50 مل / بلوسوم; product_type=عطر شعر,approved,explicit hair fragrance,2026-08-02T07:33:46Z,ready,proposed_child,NO,NO,NO
ARD-1423,1423,عطر شعر 50 مل / بينك لوف,Sublime,50 مل,8000,عطر شعر,العناية بالشعر وعطور الشعر,high,العناية بالشعر وعطور الشعر,hair-care-fragrance,high,explicit hair fragrance,name=عطر شعر 50 مل / بينك لوف; product_type=عطر شعر,approved,explicit hair fragrance,2026-08-02T07:33:46Z,ready,proposed_child,NO,NO,NO
ARD-1424,1424,عطر شعر 50 مل / سينورا,Sublime,50 مل,8000,عطر شعر,العناية بالشعر وعطور الشعر,high,العناية بالشعر وعطور الشعر,hair-care-fragrance,high,explicit hair fragrance,name=عطر شعر 50 مل / سينورا; product_type=عطر شعر,approved,explicit hair fragrance,2026-08-02T07:33:46Z,ready,proposed_child,NO,NO,NO
ARD-1425,1425,عطر شعر 50 مل / بلاك كرستال,Sublime,50 مل,8000,عطر شعر,العناية بالشعر وعطور الشعر,high,العناية بالشعر وعطور الشعر,hair-care-fragrance,high,explicit hair fragrance,name=عطر شعر 50 مل / بلاك كرستال; product_type=عطر شعر,approved,explicit hair fragrance,2026-08-02T07:33:46Z,ready,proposed_child,NO,NO,NO
ARD-1426,1426,عطر شعر 50 مل / جورجيوس,Sublime,50 مل,8000,عطر شعر,العناية بالشعر وعطور الشعر,high,العناية بالشعر وعطور الشعر,hair-care-fragrance,high,explicit hair fragrance,name=عطر شعر 50 مل / جورجيوس; product_type=عطر شعر,approved,explicit hair fragrance,2026-08-02T07:33:46Z,ready,proposed_child,NO,NO,NO
ARD-1998,1998,عطر فرمونات باشون,غير محدد,,9000,عطر,العطور,high,العطور,perfumes,high,standard perfume,name=عطر فرمونات باشون; product_type=عطر,approved,standard perfume,2026-08-02T07:33:46Z,merchant_confirmation,proposed_child,NO,NO,YES
ARD-1999,1999,عطر فرمونات سو سويت,غير محدد,,9000,عطر,العطور,high,العطور,perfumes,high,standard perfume,name=عطر فرمونات سو سويت; product_type=عطر,approved,standard perfume,2026-08-02T07:33:46Z,merchant_confirmation,proposed_child,NO,NO,YES
ARD-2000,2000,عطر فرمونات نشوة,غير محدد,,9000,عطر,العطور,high,العطور,perfumes,high,standard perfume,name=عطر فرمونات نشوة; product_type=عطر,approved,standard perfume,2026-08-02T07:33:46Z,merchant_confirmation,proposed_child,NO,NO,YES
ARD-2002,2002,عطر فرمونات 30 مل اثارة,غير محدد,30 مل,10000,عطر صغير أو ميني,العطور الصغيرة والميني,medium,العطور الصغيرة والميني,mini-travel-perfume,high,perfume with size<=30ml,name=عطر فرمونات 30 مل اثارة; product_type=عطر صغير أو ميني,approved,perfume with size<=30ml,2026-08-02T07:33:46Z,merchant_confirmation,proposed_child,NO,NO,YES
ARD-2843,2843,عطر بوش بودري 100 مل,Camara,100 مل,11000,عطر,العطور,high,العطور,perfumes,high,standard perfume,name=عطر بوش بودري 100 مل; product_type=عطر,approved,standard perfume,2026-08-02T07:33:46Z,ready,proposed_child,NO,NO,YES
ARD-5085,5085,عطر نانسيا بودري 30 مل / فولاري,Volare,30 مل,4000,عطر صغير أو ميني,العطور الصغيرة والميني,medium,العطور الصغيرة والميني,mini-travel-perfume,high,perfume with size<=30ml,name=عطر نانسيا بودري 30 مل / فولاري; product_type=عطر صغير أو ميني,approved,perfume with size<=30ml,2026-08-02T07:33:46Z,duplicate_hold,proposed_child,NO,NO,YES
ARD-5087,5087,عطر بوتيك روج 540 30 مل / فولاري,Camara,30 مل,4000,عطر صغير أو ميني,العطور الصغيرة والميني,medium,العطور الصغيرة والميني,mini-travel-perfume,high,perfume with size<=30ml,name=عطر بوتيك روج 540 30 مل / فولاري; product_type=عطر صغير أو ميني,approved,perfume with size<=30ml,2026-08-02T07:33:46Z,ready,proposed_child,NO,NO,NO
