merchant_sku,catalog_name_ar,official_product_name,verified_brand,verified_size,verified_variant,product_type,category_slug,identity_source_type,image_source_type,identity_source_url,identity_confidence,identity_status,catalog_identity_match_status,catalog_identity_match_notes,identity_notes,source_image_url,source_tier_rule
ARD-1318,30 مل الشموخ,Shamoukh (Thameen Collection),Lattafa,30 مل,Thameen Collection,Eau de Parfum,mini-travel-perfume,trusted_retailer,trusted_retailer,https://www.nahdionline.com/en-ae/lattafa-shamoukh-eau-de-parfum-unisex-30-ml/pdp/103563877,medium,VERIFIED,ACCEPTED_TRANSLITERATION,Catalog '30 مل الشموخ' aligns with official 'Shamoukh (Thameen Collection)' via transliteration.,Matched to Lattafa Thameen Collection Shamoukh 30ml EDP; no lattafa.com product page found; retailer pack listing with Fakhar/Thara/Maali.,https://ecombe.nahdionline.com/media/catalog/product/1/0/103563877_a7b937cf11489f90d_97335.jpg,"{'lattafa.com': 'official_manufacturer', 'www.lattafa.com': 'official_manufacturer', 'lattafa.my': 'official_distributor', 'www.lattafa.my': 'official_distributor', 'nahdionline.com': 'trusted_retailer', 'www.nahdionline.com': 'trusted_retailer', 'ecombe.nahdionline.com': 'trusted_retailer', 'dam.nahdionline.com': 'trusted_retailer', 'noon.com': 'trusted_retailer', 'www.noon.com': 'trusted_retailer', 'theislamshop.com': 'trusted_retailer', 'www.theislamshop.com': 'trusted_retailer', 'intenseoud.com': 'trusted_retailer', 'www.intenseoud.com': 'trusted_retailer', 'wholesale.intenseoud.com': 'trusted_retailer'}"
ARD-1319,30 مل ثراء,Thara (Thameen Collection),Lattafa,30 مل,Thameen Collection,Eau de Parfum,mini-travel-perfume,trusted_retailer,trusted_retailer,https://www.nahdionline.com/en-ae/lattafa-thara-eau-de-parfum-for-unisex-30-ml/pdp/103563797,medium,VERIFIED,ACCEPTED_TRANSLITERATION,Catalog '30 مل ثراء' aligns with official 'Thara (Thameen Collection)' via transliteration.,Matched to Lattafa Thameen Collection Thara 30ml; retailer listing; catalog name ثراء maps to Thara.,https://ecombe.nahdionline.com/media/catalog/product/1/0/103563797_af4bcc337b29575d0_56583.jpg,"{'lattafa.com': 'official_manufacturer', 'www.lattafa.com': 'official_manufacturer', 'lattafa.my': 'official_distributor', 'www.lattafa.my': 'official_distributor', 'nahdionline.com': 'trusted_retailer', 'www.nahdionline.com': 'trusted_retailer', 'ecombe.nahdionline.com': 'trusted_retailer', 'dam.nahdionline.com': 'trusted_retailer', 'noon.com': 'trusted_retailer', 'www.noon.com': 'trusted_retailer', 'theislamshop.com': 'trusted_retailer', 'www.theislamshop.com': 'trusted_retailer', 'intenseoud.com': 'trusted_retailer', 'www.intenseoud.com': 'trusted_retailer', 'wholesale.intenseoud.com': 'trusted_retailer'}"
ARD-1320,30 مل معالي,Maali (Thameen Collection),Lattafa,30 مل,Thameen Collection,Eau de Parfum,mini-travel-perfume,trusted_retailer,trusted_retailer,https://www.nahdionline.com/en-ae/lattafa-maali-eau-de-parfum-unisex-30-ml/pdp/103564124,medium,VERIFIED,ACCEPTED_TRANSLITERATION,Catalog '30 مل معالي' aligns with official 'Maali (Thameen Collection)' via transliteration.,Matched to Lattafa Thameen Collection Maali 30ml; retailer listing; catalog معالي maps to Maali.,https://ecombe.nahdionline.com/media/catalog/product/1/0/103564124_a51876f12c36eb8f6_36869.jpg,"{'lattafa.com': 'official_manufacturer', 'www.lattafa.com': 'official_manufacturer', 'lattafa.my': 'official_distributor', 'www.lattafa.my': 'official_distributor', 'nahdionline.com': 'trusted_retailer', 'www.nahdionline.com': 'trusted_retailer', 'ecombe.nahdionline.com': 'trusted_retailer', 'dam.nahdionline.com': 'trusted_retailer', 'noon.com': 'trusted_retailer', 'www.noon.com': 'trusted_retailer', 'theislamshop.com': 'trusted_retailer', 'www.theislamshop.com': 'trusted_retailer', 'intenseoud.com': 'trusted_retailer', 'www.intenseoud.com': 'trusted_retailer', 'wholesale.intenseoud.com': 'trusted_retailer'}"
ARD-1369,عطر الدر المكنون سلفر,Al Dur Al Maknoon Silver,Lattafa,100 مل,,Eau de Parfum,perfumes,official_distributor,official_distributor,https://www.lattafa.my/perfumes/lattafa/al-dur-al-maknoon/,high,VERIFIED,ACCEPTED_TRANSLITERATION,Catalog 'عطر الدر المكنون سلفر' aligns with official 'Al Dur Al Maknoon Silver' via transliteration.,Replacement for ARD-4158 (image_duplicate_conflict); unique direct image 1080x1080.,https://www.lattafa.my/cdn/perfumes/lattafa/al-dur-al-maknoon-silver-perfume-100ml-edp-lattafa-emirate/large/image.jpg,"{'lattafa.com': 'official_manufacturer', 'www.lattafa.com': 'official_manufacturer', 'lattafa.my': 'official_distributor', 'www.lattafa.my': 'official_distributor', 'nahdionline.com': 'trusted_retailer', 'www.nahdionline.com': 'trusted_retailer', 'ecombe.nahdionline.com': 'trusted_retailer', 'dam.nahdionline.com': 'trusted_retailer', 'noon.com': 'trusted_retailer', 'www.noon.com': 'trusted_retailer', 'theislamshop.com': 'trusted_retailer', 'www.theislamshop.com': 'trusted_retailer', 'intenseoud.com': 'trusted_retailer', 'www.intenseoud.com': 'trusted_retailer', 'wholesale.intenseoud.com': 'trusted_retailer'}"
ARD-1430,عطر امير العود / انتنس عود,Ameer Al Oudh Intense Oud,Lattafa,100 مل,,Eau de Parfum,perfumes,official_distributor,official_distributor,https://www.lattafa.my/perfumes/lattafa/ameer-al-oudh-intense/,high,VERIFIED,ACCEPTED_TRANSLITERATION,Catalog 'عطر امير العود / انتنس عود' aligns with official 'Ameer Al Oudh Intense Oud' via transliteration.,image_size_or_format_mismatch: replaced Ameer Al Oudh Intense deo 200ml with Stage2 Intense Oud EDP matching existing image.,https://www.lattafa.my/cdn/perfumes/lattafa/ameer-al-oudh-intense-lattafa-perfume-unisex-oud-smoky-long-lasting-100ml-edp/large/image.jpg,"{'lattafa.com': 'official_manufacturer', 'www.lattafa.com': 'official_manufacturer', 'lattafa.my': 'official_distributor', 'www.lattafa.my': 'official_distributor', 'nahdionline.com': 'trusted_retailer', 'www.nahdionline.com': 'trusted_retailer', 'ecombe.nahdionline.com': 'trusted_retailer', 'dam.nahdionline.com': 'trusted_retailer', 'noon.com': 'trusted_retailer', 'www.noon.com': 'trusted_retailer', 'theislamshop.com': 'trusted_retailer', 'www.theislamshop.com': 'trusted_retailer', 'intenseoud.com': 'trusted_retailer', 'www.intenseoud.com': 'trusted_retailer', 'wholesale.intenseoud.com': 'trusted_retailer'}"
ARD-1480,عطر عود ليل ملكي,Oud Lail Maleki,Lattafa,100 مل,,Eau de Parfum,perfumes,official_distributor,official_distributor,https://www.lattafa.my/perfumes/lattafa/oud-lail-maleki/,high,VERIFIED,ACCEPTED_TRANSLITERATION,Catalog 'عطر عود ليل ملكي' aligns with official 'Oud Lail Maleki' via transliteration.,Replacement for ARD-4553 (image_duplicate_conflict); unique direct image 1080x1080.,https://www.lattafa.my/cdn/perfumes/lattafa/oud-lail-maleki-by-lattafa-100ml-edp-malaysia/large/image.jpg,"{'lattafa.com': 'official_manufacturer', 'www.lattafa.com': 'official_manufacturer', 'lattafa.my': 'official_distributor', 'www.lattafa.my': 'official_distributor', 'nahdionline.com': 'trusted_retailer', 'www.nahdionline.com': 'trusted_retailer', 'ecombe.nahdionline.com': 'trusted_retailer', 'dam.nahdionline.com': 'trusted_retailer', 'noon.com': 'trusted_retailer', 'www.noon.com': 'trusted_retailer', 'theislamshop.com': 'trusted_retailer', 'www.theislamshop.com': 'trusted_retailer', 'intenseoud.com': 'trusted_retailer', 'www.intenseoud.com': 'trusted_retailer', 'wholesale.intenseoud.com': 'trusted_retailer'}"
ARD-1858,عطر يارا,Yara,Lattafa,100 مل,,Eau de Parfum,perfumes,official_distributor,official_distributor,https://www.lattafa.my/perfumes/lattafa/yara/,high,VERIFIED,ACCEPTED_TRANSLITERATION,Catalog 'عطر يارا' aligns with official 'Yara' via transliteration.,,https://www.lattafa.my/cdn/perfumes/lattafa/yara-lattafa-100ml-edp-perfume-women-malaysia/large/image.jpg,"{'lattafa.com': 'official_manufacturer', 'www.lattafa.com': 'official_manufacturer', 'lattafa.my': 'official_distributor', 'www.lattafa.my': 'official_distributor', 'nahdionline.com': 'trusted_retailer', 'www.nahdionline.com': 'trusted_retailer', 'ecombe.nahdionline.com': 'trusted_retailer', 'dam.nahdionline.com': 'trusted_retailer', 'noon.com': 'trusted_retailer', 'www.noon.com': 'trusted_retailer', 'theislamshop.com': 'trusted_retailer', 'www.theislamshop.com': 'trusted_retailer', 'intenseoud.com': 'trusted_retailer', 'www.intenseoud.com': 'trusted_retailer', 'wholesale.intenseoud.com': 'trusted_retailer'}"
ARD-2126,عطر بديع العود اميثست,Badee Al Oud Amethyst,Lattafa,100 مل,,Eau de Parfum,perfumes,official_distributor,official_distributor,https://www.lattafa.my/perfumes/lattafa/badee-al-oud-amethyst/,high,VERIFIED,ACCEPTED_TRANSLITERATION,Catalog 'عطر بديع العود اميثست' aligns with official 'Badee Al Oud Amethyst' via transliteration.,image_size_or_format_mismatch: replaced Amethyst deo 200ml with Stage2 Amethyst EDP matching existing 100ml EDP image.,https://www.lattafa.my/cdn/perfumes/lattafa/badee-al-oud-amethyst-lattafa-100ml-edp-unisex-perfume-malaysia/large/image.jpg,"{'lattafa.com': 'official_manufacturer', 'www.lattafa.com': 'official_manufacturer', 'lattafa.my': 'official_distributor', 'www.lattafa.my': 'official_distributor', 'nahdionline.com': 'trusted_retailer', 'www.nahdionline.com': 'trusted_retailer', 'ecombe.nahdionline.com': 'trusted_retailer', 'dam.nahdionline.com': 'trusted_retailer', 'noon.com': 'trusted_retailer', 'www.noon.com': 'trusted_retailer', 'theislamshop.com': 'trusted_retailer', 'www.theislamshop.com': 'trusted_retailer', 'intenseoud.com': 'trusted_retailer', 'www.intenseoud.com': 'trusted_retailer', 'wholesale.intenseoud.com': 'trusted_retailer'}"
ARD-2423,عطر قائد الشباب 100 مل,Qaaed Al Shabaab,Lattafa,100 مل,,Eau de Parfum,perfumes,official_distributor,official_distributor,https://www.lattafa.my/perfumes/lattafa/qaaed-al-shabaab/,high,VERIFIED,ACCEPTED_TRANSLITERATION,Catalog 'عطر قائد الشباب 100 مل' aligns with official 'Qaaed Al Shabaab' via transliteration.,Official Lattafa Arabic product page; 100 ML men.,https://www.lattafa.my/cdn/perfumes/lattafa/qaaed-al-shabaab-lattafa-perfume-lelaki-amber-spicy-100ml-edp/large/image.jpg,"{'lattafa.com': 'official_manufacturer', 'www.lattafa.com': 'official_manufacturer', 'lattafa.my': 'official_distributor', 'www.lattafa.my': 'official_distributor', 'nahdionline.com': 'trusted_retailer', 'www.nahdionline.com': 'trusted_retailer', 'ecombe.nahdionline.com': 'trusted_retailer', 'dam.nahdionline.com': 'trusted_retailer', 'noon.com': 'trusted_retailer', 'www.noon.com': 'trusted_retailer', 'theislamshop.com': 'trusted_retailer', 'www.theislamshop.com': 'trusted_retailer', 'intenseoud.com': 'trusted_retailer', 'www.intenseoud.com': 'trusted_retailer', 'wholesale.intenseoud.com': 'trusted_retailer'}"
ARD-2436,عطر سقراط,Suqraat,Lattafa,100 مل,,Eau de Parfum,perfumes,official_distributor,official_distributor,https://www.lattafa.my/perfumes/lattafa/suqraat/,high,VERIFIED,ACCEPTED_TRANSLITERATION,Catalog 'عطر سقراط' aligns with official 'Suqraat' via transliteration.,Replacement for ARD-2667 (image_duplicate_conflict); unique direct image 1080x1080.,https://www.lattafa.my/cdn/perfumes/lattafa/suqraat-by-lattafa-100ml-edp-men-malaysia/large/image.jpg,"{'lattafa.com': 'official_manufacturer', 'www.lattafa.com': 'official_manufacturer', 'lattafa.my': 'official_distributor', 'www.lattafa.my': 'official_distributor', 'nahdionline.com': 'trusted_retailer', 'www.nahdionline.com': 'trusted_retailer', 'ecombe.nahdionline.com': 'trusted_retailer', 'dam.nahdionline.com': 'trusted_retailer', 'noon.com': 'trusted_retailer', 'www.noon.com': 'trusted_retailer', 'theislamshop.com': 'trusted_retailer', 'www.theislamshop.com': 'trusted_retailer', 'intenseoud.com': 'trusted_retailer', 'www.intenseoud.com': 'trusted_retailer', 'wholesale.intenseoud.com': 'trusted_retailer'}"
ARD-2437,عطر حياتي الملكي 100 مل,Hayaati Al Maleky,Lattafa,100 مل,Al Maleky,Eau de Parfum,perfumes,official_distributor,official_distributor,https://www.lattafa.my/perfumes/lattafa/hayaati-al-maleky/,high,VERIFIED,ACCEPTED_TRANSLITERATION,Catalog 'عطر حياتي الملكي 100 مل' aligns with official 'Hayaati Al Maleky' via transliteration.,Official Lattafa page حياتي الملكي; page fragrance-type men; notes from official Arabic listing.,https://www.lattafa.my/cdn/perfumes/lattafa/hayaati-al-maleky-100-ml-men-lattafa-edp/large/image.jpg,"{'lattafa.com': 'official_manufacturer', 'www.lattafa.com': 'official_manufacturer', 'lattafa.my': 'official_distributor', 'www.lattafa.my': 'official_distributor', 'nahdionline.com': 'trusted_retailer', 'www.nahdionline.com': 'trusted_retailer', 'ecombe.nahdionline.com': 'trusted_retailer', 'dam.nahdionline.com': 'trusted_retailer', 'noon.com': 'trusted_retailer', 'www.noon.com': 'trusted_retailer', 'theislamshop.com': 'trusted_retailer', 'www.theislamshop.com': 'trusted_retailer', 'intenseoud.com': 'trusted_retailer', 'www.intenseoud.com': 'trusted_retailer', 'wholesale.intenseoud.com': 'trusted_retailer'}"
ARD-2471,عطر عودين 100 مل,Oudain,Lattafa,100 مل,,Eau de Parfum,perfumes,official_distributor,official_distributor,https://www.lattafa.my/perfumes/lattafa/oudain/,high,VERIFIED,ACCEPTED_TRANSLITERATION,Catalog 'عطر عودين 100 مل' aligns with official 'Oudain' via transliteration.,Official Lattafa Arabic page عودين; 100 ML unisex.,https://www.lattafa.my/cdn/perfumes/lattafa/oudain-lattafa-perfume-lelaki-woody-smoky-100ml-edp/large/image.jpg,"{'lattafa.com': 'official_manufacturer', 'www.lattafa.com': 'official_manufacturer', 'lattafa.my': 'official_distributor', 'www.lattafa.my': 'official_distributor', 'nahdionline.com': 'trusted_retailer', 'www.nahdionline.com': 'trusted_retailer', 'ecombe.nahdionline.com': 'trusted_retailer', 'dam.nahdionline.com': 'trusted_retailer', 'noon.com': 'trusted_retailer', 'www.noon.com': 'trusted_retailer', 'theislamshop.com': 'trusted_retailer', 'www.theislamshop.com': 'trusted_retailer', 'intenseoud.com': 'trusted_retailer', 'www.intenseoud.com': 'trusted_retailer', 'wholesale.intenseoud.com': 'trusted_retailer'}"
ARD-2493,عطر سمبلي عود 100 مل,Simply Oud,Lattafa,100 مل,,Eau de Parfum,perfumes,official_distributor,official_distributor,https://www.lattafa.my/perfumes/lattafa/simply-oud/,medium,VERIFIED,ACCEPTED_TRANSLITERATION,Catalog 'عطر سمبلي عود 100 مل' aligns with official 'Simply Oud' via transliteration.,Lattafa EG distributor listing Simply Oud 100ml unisex; lattafa.com slug not confirmed this pass.,https://www.lattafa.my/cdn/perfumes/lattafa/simply-oud-lattafa-perfume-lelaki-oud-smoky-100ml-edp/large/image.jpg,"{'lattafa.com': 'official_manufacturer', 'www.lattafa.com': 'official_manufacturer', 'lattafa.my': 'official_distributor', 'www.lattafa.my': 'official_distributor', 'nahdionline.com': 'trusted_retailer', 'www.nahdionline.com': 'trusted_retailer', 'ecombe.nahdionline.com': 'trusted_retailer', 'dam.nahdionline.com': 'trusted_retailer', 'noon.com': 'trusted_retailer', 'www.noon.com': 'trusted_retailer', 'theislamshop.com': 'trusted_retailer', 'www.theislamshop.com': 'trusted_retailer', 'intenseoud.com': 'trusted_retailer', 'www.intenseoud.com': 'trusted_retailer', 'wholesale.intenseoud.com': 'trusted_retailer'}"
ARD-2494,عطر سطور 100 مل,Sutoor,Lattafa,100 مل,,Eau de Parfum,perfumes,trusted_retailer,official_distributor,https://balade-orientale.com/en/products/sutoor-100ml-lattafa-perfume,medium,VERIFIED,ACCEPTED_TRANSLITERATION,Catalog 'عطر سطور 100 مل' aligns with official 'Sutoor' via transliteration.,Sutoor Lattafa 100ml verified via retailer; Fragrantica lists Sutoor under Lattafa; official .com page not confirmed. | image unresolved in enrichment pass,https://www.lattafa.my/cdn/perfumes/lattafa/sutoor-lattafa-perfumes-wangiworld-malaysia-8-100ml-edp/large/image.jpg,"{'lattafa.com': 'official_manufacturer', 'www.lattafa.com': 'official_manufacturer', 'lattafa.my': 'official_distributor', 'www.lattafa.my': 'official_distributor', 'nahdionline.com': 'trusted_retailer', 'www.nahdionline.com': 'trusted_retailer', 'ecombe.nahdionline.com': 'trusted_retailer', 'dam.nahdionline.com': 'trusted_retailer', 'noon.com': 'trusted_retailer', 'www.noon.com': 'trusted_retailer', 'theislamshop.com': 'trusted_retailer', 'www.theislamshop.com': 'trusted_retailer', 'intenseoud.com': 'trusted_retailer', 'www.intenseoud.com': 'trusted_retailer', 'wholesale.intenseoud.com': 'trusted_retailer'}"
ARD-2511,عطر انا الابيض بودري,Ana Abiyedh Poudree,Lattafa,100 مل,Poudree,Eau de Parfum,perfumes,official_distributor,official_distributor,https://www.lattafa.my/perfumes/lattafa/ana-abiyedh-poudree/,high,VERIFIED,ACCEPTED_TRANSLITERATION,Catalog انا الابيض بودري = Ana Abiyedh Poudree.,catalog_identity_mismatch_reconcile Option B: replaced ARD-468 (خلطات عربية ذهبي/no reliable image) with Stage2 Ana Abiyedh Poudree.,https://www.lattafa.my/cdn/ana-abiyedh-poudree-by-lattafa-60ml-5/large/image.jpg,lattafa.my=official_distributor
ARD-2512,عطر حياتي ذهبي الكسير,Hayaati Gold Elixir,Lattafa,100 مل,,Eau de Parfum,perfumes,official_distributor,official_distributor,https://www.lattafa.my/perfumes/lattafa/hayaati-gold-elixir/,high,VERIFIED,ACCEPTED_TRANSLITERATION,Catalog 'عطر حياتي ذهبي الكسير' aligns with official 'Hayaati Gold Elixir' via transliteration.,image_size_or_format_mismatch: Ramz Silver 30ml lacked exact 30ml image; replaced with Stage2 Hayaati Gold Elixir 100ml EDP.,https://www.lattafa.my/cdn/perfumes/lattafa/hayaati-gold-elixir-by-lattafa-100ml-edp-malaysia/large/image.jpg,"{'lattafa.com': 'official_manufacturer', 'www.lattafa.com': 'official_manufacturer', 'lattafa.my': 'official_distributor', 'www.lattafa.my': 'official_distributor', 'nahdionline.com': 'trusted_retailer', 'www.nahdionline.com': 'trusted_retailer', 'ecombe.nahdionline.com': 'trusted_retailer', 'dam.nahdionline.com': 'trusted_retailer', 'noon.com': 'trusted_retailer', 'www.noon.com': 'trusted_retailer', 'theislamshop.com': 'trusted_retailer', 'www.theislamshop.com': 'trusted_retailer', 'intenseoud.com': 'trusted_retailer', 'www.intenseoud.com': 'trusted_retailer', 'wholesale.intenseoud.com': 'trusted_retailer'}"
ARD-2515,عطر انا الابيض لذر 60 مل,Ana Abiyedh Leather,Lattafa,60 مل,Leather,Eau de Parfum,perfumes,official_distributor,official_distributor,https://www.lattafa.my/perfumes/lattafa/ana-abiyedh-leather/,high,VERIFIED,ACCEPTED_TRANSLITERATION,Catalog 'عطر انا الابيض لذر 60 مل' aligns with official 'Ana Abiyedh Leather' via transliteration.,Official Lattafa page Ana Abiyedh Leather; size 60 ML unisex matches catalog لذر=Leather.,https://www.lattafa.my/cdn/ana-abiyedh-leather-60ml-by-lattafa-perfumes-6/large/image.jpg,"{'lattafa.com': 'official_manufacturer', 'www.lattafa.com': 'official_manufacturer', 'lattafa.my': 'official_distributor', 'www.lattafa.my': 'official_distributor', 'nahdionline.com': 'trusted_retailer', 'www.nahdionline.com': 'trusted_retailer', 'ecombe.nahdionline.com': 'trusted_retailer', 'dam.nahdionline.com': 'trusted_retailer', 'noon.com': 'trusted_retailer', 'www.noon.com': 'trusted_retailer', 'theislamshop.com': 'trusted_retailer', 'www.theislamshop.com': 'trusted_retailer', 'intenseoud.com': 'trusted_retailer', 'www.intenseoud.com': 'trusted_retailer', 'wholesale.intenseoud.com': 'trusted_retailer'}"
ARD-2583,عطر نجدية تربيوت,Najdia Tribute,Lattafa,100 مل,,Eau de Parfum,perfumes,official_distributor,official_distributor,https://www.lattafa.my/perfumes/lattafa/najdia-tribute/,high,VERIFIED,ACCEPTED_TRANSLITERATION,Catalog 'عطر نجدية تربيوت' aligns with official 'Najdia Tribute' via transliteration.,Replacement for ARD-4239 (image_duplicate_conflict); unique direct image 1080x1080.,https://www.lattafa.my/cdn/perfumes/lattafa/68f547af5202c1760905135-100ml-edp/large/image.jpg,"{'lattafa.com': 'official_manufacturer', 'www.lattafa.com': 'official_manufacturer', 'lattafa.my': 'official_distributor', 'www.lattafa.my': 'official_distributor', 'nahdionline.com': 'trusted_retailer', 'www.nahdionline.com': 'trusted_retailer', 'ecombe.nahdionline.com': 'trusted_retailer', 'dam.nahdionline.com': 'trusted_retailer', 'noon.com': 'trusted_retailer', 'www.noon.com': 'trusted_retailer', 'theislamshop.com': 'trusted_retailer', 'www.theislamshop.com': 'trusted_retailer', 'intenseoud.com': 'trusted_retailer', 'www.intenseoud.com': 'trusted_retailer', 'wholesale.intenseoud.com': 'trusted_retailer'}"
ARD-2648,عطر الازل 100 مل,Al Azal,Lattafa,100 مل,,Eau de Parfum,perfumes,official_distributor,official_distributor,https://www.lattafa.my/perfumes/lattafa/al-azal/,medium,VERIFIED,ACCEPTED_TRANSLITERATION,Catalog 'عطر الازل 100 مل' aligns with official 'Al Azal' via transliteration.,Al Azal Lattafa 100ml via Lattafa MY distributor; Fragrantica/community also list Al Azal 2024 variant notes may differ by market.,https://www.lattafa.my/cdn/perfumes/lattafa/al-azal-lattafa-perfume-lelaki-woody-amber-100ml-edp/large/image.jpg,"{'lattafa.com': 'official_manufacturer', 'www.lattafa.com': 'official_manufacturer', 'lattafa.my': 'official_distributor', 'www.lattafa.my': 'official_distributor', 'nahdionline.com': 'trusted_retailer', 'www.nahdionline.com': 'trusted_retailer', 'ecombe.nahdionline.com': 'trusted_retailer', 'dam.nahdionline.com': 'trusted_retailer', 'noon.com': 'trusted_retailer', 'www.noon.com': 'trusted_retailer', 'theislamshop.com': 'trusted_retailer', 'www.theislamshop.com': 'trusted_retailer', 'intenseoud.com': 'trusted_retailer', 'www.intenseoud.com': 'trusted_retailer', 'wholesale.intenseoud.com': 'trusted_retailer'}"
ARD-2745,عطر مهرة 100 مل,Mohra,Lattafa,100 مل,,Eau de Parfum,perfumes,official_distributor,official_distributor,https://www.lattafa.my/perfumes/lattafa/mohra/,high,VERIFIED,ACCEPTED_TRANSLITERATION,Catalog 'عطر مهرة 100 مل' aligns with official 'Mohra' via transliteration.,Official Lattafa Arabic page محرا/Mohra; 100 ML unisex.,https://www.lattafa.my/cdn/d968d4d7-7b4e-4bf9-b627-8fdb517be300/large/image.jpg,"{'lattafa.com': 'official_manufacturer', 'www.lattafa.com': 'official_manufacturer', 'lattafa.my': 'official_distributor', 'www.lattafa.my': 'official_distributor', 'nahdionline.com': 'trusted_retailer', 'www.nahdionline.com': 'trusted_retailer', 'ecombe.nahdionline.com': 'trusted_retailer', 'dam.nahdionline.com': 'trusted_retailer', 'noon.com': 'trusted_retailer', 'www.noon.com': 'trusted_retailer', 'theislamshop.com': 'trusted_retailer', 'www.theislamshop.com': 'trusted_retailer', 'intenseoud.com': 'trusted_retailer', 'www.intenseoud.com': 'trusted_retailer', 'wholesale.intenseoud.com': 'trusted_retailer'}"
ARD-2753,عطر اوبلينت ريد 100 مل,Opulent Red,Lattafa,100 مل,Opulent Collection,Eau de Parfum,perfumes,official_distributor,official_distributor,https://www.lattafa.my/perfumes/lattafa/opulent-red/,high,VERIFIED,ACCEPTED_TRANSLITERATION,Catalog 'عطر اوبلينت ريد 100 مل' aligns with official 'Opulent Red' via transliteration.,Official Lattafa Opulent Red 100 ML; page fragrance type Women.,https://www.lattafa.my/cdn/perfumes/lattafa/opulent-red-lattafa-wanita-fruity-floral-amber-100ml-edp/large/image.jpg,"{'lattafa.com': 'official_manufacturer', 'www.lattafa.com': 'official_manufacturer', 'lattafa.my': 'official_distributor', 'www.lattafa.my': 'official_distributor', 'nahdionline.com': 'trusted_retailer', 'www.nahdionline.com': 'trusted_retailer', 'ecombe.nahdionline.com': 'trusted_retailer', 'dam.nahdionline.com': 'trusted_retailer', 'noon.com': 'trusted_retailer', 'www.noon.com': 'trusted_retailer', 'theislamshop.com': 'trusted_retailer', 'www.theislamshop.com': 'trusted_retailer', 'intenseoud.com': 'trusted_retailer', 'www.intenseoud.com': 'trusted_retailer', 'wholesale.intenseoud.com': 'trusted_retailer'}"
ARD-2760,عطر اسد 100 مل,Asad,Lattafa,100 مل,,Eau de Parfum,perfumes,official_distributor,official_distributor,https://www.lattafa.my/perfumes/lattafa/asad/,high,VERIFIED,ACCEPTED_TRANSLITERATION,Catalog 'عطر اسد 100 مل' aligns with official 'Asad' via transliteration.,Official Lattafa Asad 100 ML men.,https://www.lattafa.my/cdn/perfumes/lattafa/asad-by-lattafa-100ml-edp-men-malaysia/large/image.jpg,"{'lattafa.com': 'official_manufacturer', 'www.lattafa.com': 'official_manufacturer', 'lattafa.my': 'official_distributor', 'www.lattafa.my': 'official_distributor', 'nahdionline.com': 'trusted_retailer', 'www.nahdionline.com': 'trusted_retailer', 'ecombe.nahdionline.com': 'trusted_retailer', 'dam.nahdionline.com': 'trusted_retailer', 'noon.com': 'trusted_retailer', 'www.noon.com': 'trusted_retailer', 'theislamshop.com': 'trusted_retailer', 'www.theislamshop.com': 'trusted_retailer', 'intenseoud.com': 'trusted_retailer', 'www.intenseoud.com': 'trusted_retailer', 'wholesale.intenseoud.com': 'trusted_retailer'}"
ARD-2765,عطر منى 100 مل,Muna,Lattafa,100 مل,,Eau de Parfum,perfumes,trusted_retailer,trusted_retailer,https://www.fragrantica.asia/perfume/Lattafa-Perfumes/Muna-89897.html,medium,VERIFIED,ACCEPTED_TRANSLITERATION,Catalog 'عطر منى 100 مل' aligns with official 'Muna' via transliteration.,Muna Lattafa 2022 floral unisex via Fragrantica; official .com page not confirmed this pass. | image unresolved in enrichment pass,https://ecombe.nahdionline.com/media/catalog/product/1/0/103564360_a7d2c044e6fb578f3_23611.jpg,"{'lattafa.com': 'official_manufacturer', 'www.lattafa.com': 'official_manufacturer', 'lattafa.my': 'official_distributor', 'www.lattafa.my': 'official_distributor', 'nahdionline.com': 'trusted_retailer', 'www.nahdionline.com': 'trusted_retailer', 'ecombe.nahdionline.com': 'trusted_retailer', 'dam.nahdionline.com': 'trusted_retailer', 'noon.com': 'trusted_retailer', 'www.noon.com': 'trusted_retailer', 'theislamshop.com': 'trusted_retailer', 'www.theislamshop.com': 'trusted_retailer', 'intenseoud.com': 'trusted_retailer', 'www.intenseoud.com': 'trusted_retailer', 'wholesale.intenseoud.com': 'trusted_retailer'}"
ARD-2773,عطر عود مود تذكر 100 مل,Oud Mood Reminiscence,Lattafa,100 مل,Reminiscence,Eau de Parfum,perfumes,official_distributor,official_distributor,https://www.lattafa.my/perfumes/lattafa/oud-mood-reminiscence/,high,VERIFIED,ACCEPTED_TRANSLITERATION,Catalog 'عطر عود مود تذكر 100 مل' aligns with official 'Oud Mood Reminiscence' via transliteration.,Official Lattafa Arabic page عود مود ريمينيشينس matches catalog تذكر; 100 ML men.,https://www.lattafa.my/cdn/oud-mood-reminiscence-lattafa-100ml-9/large/image.jpg,"{'lattafa.com': 'official_manufacturer', 'www.lattafa.com': 'official_manufacturer', 'lattafa.my': 'official_distributor', 'www.lattafa.my': 'official_distributor', 'nahdionline.com': 'trusted_retailer', 'www.nahdionline.com': 'trusted_retailer', 'ecombe.nahdionline.com': 'trusted_retailer', 'dam.nahdionline.com': 'trusted_retailer', 'noon.com': 'trusted_retailer', 'www.noon.com': 'trusted_retailer', 'theislamshop.com': 'trusted_retailer', 'www.theislamshop.com': 'trusted_retailer', 'intenseoud.com': 'trusted_retailer', 'www.intenseoud.com': 'trusted_retailer', 'wholesale.intenseoud.com': 'trusted_retailer'}"
ARD-2793,معطر جو لطافة جديد فخر لطافة هوم,Fakhar Lattafa Home Air Freshener,Lattafa,300 مل,,Air Freshener,home-linen-air,official_manufacturer,official_distributor,https://lattafa.com/product/fakhar-lattafa-men/,high,VERIFIED,ACCEPTED_TRANSLITERATION,Catalog 'معطر جو لطافة جديد فخر لطافة هوم' aligns with official 'Fakhar Lattafa Home Air Freshener' via transliteration.,Stage2 ready Lattafa Fakhar home AF; identity tied to Fakhar Lattafa line. | image unresolved in enrichment pass,https://www.lattafa.my/cdn/perfumes/lattafa/fakhar-silver-lattafa-100ml-edp-perfume-lelaki-malaysia/large/image.jpg,"{'lattafa.com': 'official_manufacturer', 'www.lattafa.com': 'official_manufacturer', 'lattafa.my': 'official_distributor', 'www.lattafa.my': 'official_distributor', 'nahdionline.com': 'trusted_retailer', 'www.nahdionline.com': 'trusted_retailer', 'ecombe.nahdionline.com': 'trusted_retailer', 'dam.nahdionline.com': 'trusted_retailer', 'noon.com': 'trusted_retailer', 'www.noon.com': 'trusted_retailer', 'theislamshop.com': 'trusted_retailer', 'www.theislamshop.com': 'trusted_retailer', 'intenseoud.com': 'trusted_retailer', 'www.intenseoud.com': 'trusted_retailer', 'wholesale.intenseoud.com': 'trusted_retailer'}"
ARD-2797,معطر جو لطافة جديد فخر لطافة نسائي,Fakhar Lattafa Women Air Freshener,Lattafa,300 مل,,Air Freshener,home-linen-air,official_manufacturer,official_distributor,https://lattafa.com/product/fakhar-lattafa-women/,high,VERIFIED,ACCEPTED_TRANSLITERATION,Catalog 'معطر جو لطافة جديد فخر لطافة نسائي' aligns with official 'Fakhar Lattafa Women Air Freshener' via transliteration., | image unresolved in enrichment pass,https://www.lattafa.my/cdn/perfumes/lattafa/fakhar-rose-gold-lattafa-perfume-wanita-rose-sweet-100ml-edp/large/image.jpg,"{'lattafa.com': 'official_manufacturer', 'www.lattafa.com': 'official_manufacturer', 'lattafa.my': 'official_distributor', 'www.lattafa.my': 'official_distributor', 'nahdionline.com': 'trusted_retailer', 'www.nahdionline.com': 'trusted_retailer', 'ecombe.nahdionline.com': 'trusted_retailer', 'dam.nahdionline.com': 'trusted_retailer', 'noon.com': 'trusted_retailer', 'www.noon.com': 'trusted_retailer', 'theislamshop.com': 'trusted_retailer', 'www.theislamshop.com': 'trusted_retailer', 'intenseoud.com': 'trusted_retailer', 'www.intenseoud.com': 'trusted_retailer', 'wholesale.intenseoud.com': 'trusted_retailer'}"
ARD-287,عطر انا الابيض,Ana Abiyedh,Lattafa,100 مل,,Eau de Parfum,perfumes,official_distributor,official_distributor,https://www.lattafa.my/perfumes/lattafa/ana-abiyedh/,high,VERIFIED,ACCEPTED_TRANSLITERATION,Catalog انا الابيض = Ana Abiyedh classic.,catalog_identity_mismatch_reconcile Option A: restored Ana Abiyedh for same SKU.,https://www.lattafa.my/cdn/perfumes/lattafa/ana-abiyedh-by-lattafa-60ml-edp-unisex-malaysia/large/image.jpg,"{'lattafa.com': 'official_manufacturer', 'www.lattafa.com': 'official_manufacturer', 'lattafa.my': 'official_distributor', 'www.lattafa.my': 'official_distributor', 'nahdionline.com': 'trusted_retailer', 'www.nahdionline.com': 'trusted_retailer', 'ecombe.nahdionline.com': 'trusted_retailer', 'dam.nahdionline.com': 'trusted_retailer', 'noon.com': 'trusted_retailer', 'www.noon.com': 'trusted_retailer', 'theislamshop.com': 'trusted_retailer', 'www.theislamshop.com': 'trusted_retailer', 'intenseoud.com': 'trusted_retailer', 'www.intenseoud.com': 'trusted_retailer', 'wholesale.intenseoud.com': 'trusted_retailer'}"
ARD-2876,عطر قصائد السلطان 100 مل,Qasaed Al Sultan,Lattafa,100 مل,,Eau de Parfum,perfumes,official_distributor,official_distributor,https://www.lattafa.my/perfumes/lattafa/qasaed-al-sultan/,medium,VERIFIED,ACCEPTED_TRANSLITERATION,Catalog 'عطر قصائد السلطان 100 مل' aligns with official 'Qasaed Al Sultan' via transliteration.,Qasaed Al Sultan Lattafa 100ml via Fragrantica + Lattafa MY; official .com page not confirmed.,https://www.lattafa.my/cdn/perfumes/lattafa/qasaed-al-sultan-lattafa-perfumes-malaysia3-100ml-edp/large/image.jpg,"{'lattafa.com': 'official_manufacturer', 'www.lattafa.com': 'official_manufacturer', 'lattafa.my': 'official_distributor', 'www.lattafa.my': 'official_distributor', 'nahdionline.com': 'trusted_retailer', 'www.nahdionline.com': 'trusted_retailer', 'ecombe.nahdionline.com': 'trusted_retailer', 'dam.nahdionline.com': 'trusted_retailer', 'noon.com': 'trusted_retailer', 'www.noon.com': 'trusted_retailer', 'theislamshop.com': 'trusted_retailer', 'www.theislamshop.com': 'trusted_retailer', 'intenseoud.com': 'trusted_retailer', 'www.intenseoud.com': 'trusted_retailer', 'wholesale.intenseoud.com': 'trusted_retailer'}"
ARD-2879,عطر خمرة 100 مل,Khamrah,Lattafa,100 مل,Original (not Qahwa),Eau de Parfum,perfumes,official_distributor,official_distributor,https://www.lattafa.my/perfumes/lattafa/khamrah/,high,VERIFIED,ACCEPTED_TRANSLITERATION,Catalog 'عطر خمرة 100 مل' aligns with official 'Khamrah' via transliteration.,Official Lattafa Khamrah (original) 100 ML unisex; distinct from Khamrah Qahwa.,https://www.lattafa.my/cdn/perfumes/lattafa/khamrah-lattafa-perfume-malaysia-vanilla1-100ml-edp/large/image.jpg,"{'lattafa.com': 'official_manufacturer', 'www.lattafa.com': 'official_manufacturer', 'lattafa.my': 'official_distributor', 'www.lattafa.my': 'official_distributor', 'nahdionline.com': 'trusted_retailer', 'www.nahdionline.com': 'trusted_retailer', 'ecombe.nahdionline.com': 'trusted_retailer', 'dam.nahdionline.com': 'trusted_retailer', 'noon.com': 'trusted_retailer', 'www.noon.com': 'trusted_retailer', 'theislamshop.com': 'trusted_retailer', 'www.theislamshop.com': 'trusted_retailer', 'intenseoud.com': 'trusted_retailer', 'www.intenseoud.com': 'trusted_retailer', 'wholesale.intenseoud.com': 'trusted_retailer'}"
ARD-2932,عطر الاوصاف 100 مل,Al Awsaaf,Lattafa,100 مل,,Eau de Parfum,perfumes,trusted_retailer,trusted_retailer,https://scentclones.com/lattafa-al-awsaaf-review/,medium,VERIFIED,ACCEPTED_TRANSLITERATION,Catalog 'عطر الاوصاف 100 مل' aligns with official 'Al Awsaaf' via transliteration.,Al Awsaaf / الاوصاف Lattafa listed on Fragrantica designer index; notes from detailed review/community sources; official .com page not confirmed.,https://scentclones.com/wp-content/uploads/2026/03/lattafa-al-awsaaf-review-featured.webp,"{'lattafa.com': 'official_manufacturer', 'www.lattafa.com': 'official_manufacturer', 'lattafa.my': 'official_distributor', 'www.lattafa.my': 'official_distributor', 'nahdionline.com': 'trusted_retailer', 'www.nahdionline.com': 'trusted_retailer', 'ecombe.nahdionline.com': 'trusted_retailer', 'dam.nahdionline.com': 'trusted_retailer', 'noon.com': 'trusted_retailer', 'www.noon.com': 'trusted_retailer', 'theislamshop.com': 'trusted_retailer', 'www.theislamshop.com': 'trusted_retailer', 'intenseoud.com': 'trusted_retailer', 'www.intenseoud.com': 'trusted_retailer', 'wholesale.intenseoud.com': 'trusted_retailer'}"
ARD-2933,عطر تميمة 100 مل,Tamima,Lattafa,100 مل,,Eau de Parfum,perfumes,official_manufacturer,trusted_retailer,https://lattafa.com/ar/product/tamima/,high,VERIFIED,ACCEPTED_TRANSLITERATION,Catalog 'عطر تميمة 100 مل' aligns with official 'Tamima' via transliteration.,Official Lattafa Arabic page تميمة; 100 ML women. | image unresolved in enrichment pass,https://ecombe.nahdionline.com/media/catalog/product/1/0/103544730_af35ef70487987eab_21360.jpg,"{'lattafa.com': 'official_manufacturer', 'www.lattafa.com': 'official_manufacturer', 'lattafa.my': 'official_distributor', 'www.lattafa.my': 'official_distributor', 'nahdionline.com': 'trusted_retailer', 'www.nahdionline.com': 'trusted_retailer', 'ecombe.nahdionline.com': 'trusted_retailer', 'dam.nahdionline.com': 'trusted_retailer', 'noon.com': 'trusted_retailer', 'www.noon.com': 'trusted_retailer', 'theislamshop.com': 'trusted_retailer', 'www.theislamshop.com': 'trusted_retailer', 'intenseoud.com': 'trusted_retailer', 'www.intenseoud.com': 'trusted_retailer', 'wholesale.intenseoud.com': 'trusted_retailer'}"
ARD-308,عطر اختياري,Ekhtiari,Lattafa,100 مل,,Eau de Parfum,perfumes,official_distributor,official_distributor,https://www.lattafa-ca.com/p/ekhtiari/,high,VERIFIED,ACCEPTED_TRANSLITERATION,Catalog اختياري = Lattafa Ekhtiari/Ikhtiari.,catalog_identity_mismatch_reconcile Option A: restored Ekhtiari; image from lattafa-ca distributor.,https://www.lattafa-ca.com/wp-content/uploads/lattafa-unisex-fragrances/6291106069037.png,"{'lattafa.com': 'official_manufacturer', 'www.lattafa.com': 'official_manufacturer', 'lattafa.my': 'official_distributor', 'www.lattafa.my': 'official_distributor', 'nahdionline.com': 'trusted_retailer', 'www.nahdionline.com': 'trusted_retailer', 'ecombe.nahdionline.com': 'trusted_retailer', 'dam.nahdionline.com': 'trusted_retailer', 'noon.com': 'trusted_retailer', 'www.noon.com': 'trusted_retailer', 'theislamshop.com': 'trusted_retailer', 'www.theislamshop.com': 'trusted_retailer', 'intenseoud.com': 'trusted_retailer', 'www.intenseoud.com': 'trusted_retailer', 'wholesale.intenseoud.com': 'trusted_retailer'}"
ARD-309,عطر وشوشه,Washwashah,Lattafa,100 مل,,Eau de Parfum,perfumes,official_distributor,official_distributor,https://www.lattafa.my/perfumes/lattafa/washwashah/,high,VERIFIED,ACCEPTED_TRANSLITERATION,Catalog وشوشه = Washwashah/Washwasha.,catalog_identity_mismatch_reconcile Option A: restored Washwashah for same SKU.,https://www.lattafa.my/cdn/perfumes/lattafa/washwasha-by-lattafa-100ml-edp-wanita-malaysia/large/image.jpg,"{'lattafa.com': 'official_manufacturer', 'www.lattafa.com': 'official_manufacturer', 'lattafa.my': 'official_distributor', 'www.lattafa.my': 'official_distributor', 'nahdionline.com': 'trusted_retailer', 'www.nahdionline.com': 'trusted_retailer', 'ecombe.nahdionline.com': 'trusted_retailer', 'dam.nahdionline.com': 'trusted_retailer', 'noon.com': 'trusted_retailer', 'www.noon.com': 'trusted_retailer', 'theislamshop.com': 'trusted_retailer', 'www.theislamshop.com': 'trusted_retailer', 'intenseoud.com': 'trusted_retailer', 'www.intenseoud.com': 'trusted_retailer', 'wholesale.intenseoud.com': 'trusted_retailer'}"
ARD-310,عطر رغبه رجالي,Raghba for Men,Lattafa,100 مل,for Men,Eau de Parfum,perfumes,official_distributor,official_distributor,https://www.lattafa.my/perfumes/lattafa/raghba-for-men/,high,VERIFIED,ACCEPTED_TRANSLITERATION,Catalog رغبه رجالي = Raghba for Men (not Her Confession).,catalog_identity_mismatch_reconcile Option A: restored Raghba for Men for same SKU.,https://www.lattafa.my/cdn/perfumes/lattafa/raghba-men-lattafa-perfume-lelaki-sweet-smoky-100ml-edp/large/image.jpg,"{'lattafa.com': 'official_manufacturer', 'www.lattafa.com': 'official_manufacturer', 'lattafa.my': 'official_distributor', 'www.lattafa.my': 'official_distributor', 'nahdionline.com': 'trusted_retailer', 'www.nahdionline.com': 'trusted_retailer', 'ecombe.nahdionline.com': 'trusted_retailer', 'dam.nahdionline.com': 'trusted_retailer', 'noon.com': 'trusted_retailer', 'www.noon.com': 'trusted_retailer', 'theislamshop.com': 'trusted_retailer', 'www.theislamshop.com': 'trusted_retailer', 'intenseoud.com': 'trusted_retailer', 'www.intenseoud.com': 'trusted_retailer', 'wholesale.intenseoud.com': 'trusted_retailer'}"
ARD-311,عطر رمز لطافه فضي,Ramz Silver,Lattafa,100 مل,Silver,Eau de Parfum,perfumes,official_distributor,official_distributor,https://www.lattafa.my/perfumes/lattafa/ramz-silver/,high,VERIFIED,ACCEPTED_TRANSLITERATION,Catalog رمز لطافه فضي = Ramz Silver.,catalog_identity_mismatch_reconcile Option A: restored Ramz Silver for same SKU.,https://www.lattafa.my/cdn/perfumes/lattafa/ramz-silver-lattafa-perfume-lelaki-fresh-spicy-100ml-edp/large/image.jpg,"{'lattafa.com': 'official_manufacturer', 'www.lattafa.com': 'official_manufacturer', 'lattafa.my': 'official_distributor', 'www.lattafa.my': 'official_distributor', 'nahdionline.com': 'trusted_retailer', 'www.nahdionline.com': 'trusted_retailer', 'ecombe.nahdionline.com': 'trusted_retailer', 'dam.nahdionline.com': 'trusted_retailer', 'noon.com': 'trusted_retailer', 'www.noon.com': 'trusted_retailer', 'theislamshop.com': 'trusted_retailer', 'www.theislamshop.com': 'trusted_retailer', 'intenseoud.com': 'trusted_retailer', 'www.intenseoud.com': 'trusted_retailer', 'wholesale.intenseoud.com': 'trusted_retailer'}"
ARD-3117,عطر انسام سلفر,Ansaam Silver,Lattafa,100 مل,,Eau de Parfum,perfumes,official_distributor,official_distributor,https://www.lattafa.my/perfumes/lattafa-pride/ansaam-silver/,high,VERIFIED,ACCEPTED_TRANSLITERATION,Catalog 'عطر انسام سلفر' aligns with official 'Ansaam Silver' via transliteration.,Replacement for ARD-2323 (image_duplicate_conflict); unique direct image 1080x1080.,https://www.lattafa.my/cdn/434769cb-9d7e-4cc7-9cd1-e04ab962dd00/large/image.jpg,"{'lattafa.com': 'official_manufacturer', 'www.lattafa.com': 'official_manufacturer', 'lattafa.my': 'official_distributor', 'www.lattafa.my': 'official_distributor', 'nahdionline.com': 'trusted_retailer', 'www.nahdionline.com': 'trusted_retailer', 'ecombe.nahdionline.com': 'trusted_retailer', 'dam.nahdionline.com': 'trusted_retailer', 'noon.com': 'trusted_retailer', 'www.noon.com': 'trusted_retailer', 'theislamshop.com': 'trusted_retailer', 'www.theislamshop.com': 'trusted_retailer', 'intenseoud.com': 'trusted_retailer', 'www.intenseoud.com': 'trusted_retailer', 'wholesale.intenseoud.com': 'trusted_retailer'}"
ARD-312,عطر اعجازي لطافة,Ejaazi,Lattafa,90 مل,,Eau de Parfum,perfumes,official_distributor,official_distributor,https://www.lattafa.my/perfumes/lattafa/ejaazi/,high,VERIFIED,ACCEPTED_TRANSLITERATION,Catalog اعجازي لطافة = Ejaazi/Ijaazi.,catalog_identity_mismatch_reconcile Option A: restored Ejaazi for same SKU.,https://www.lattafa.my/cdn/perfumes/lattafa/ejaazi-by-lattafa-100ml-edp-perfume-men-malaysia/large/image.jpg,"{'lattafa.com': 'official_manufacturer', 'www.lattafa.com': 'official_manufacturer', 'lattafa.my': 'official_distributor', 'www.lattafa.my': 'official_distributor', 'nahdionline.com': 'trusted_retailer', 'www.nahdionline.com': 'trusted_retailer', 'ecombe.nahdionline.com': 'trusted_retailer', 'dam.nahdionline.com': 'trusted_retailer', 'noon.com': 'trusted_retailer', 'www.noon.com': 'trusted_retailer', 'theislamshop.com': 'trusted_retailer', 'www.theislamshop.com': 'trusted_retailer', 'intenseoud.com': 'trusted_retailer', 'www.intenseoud.com': 'trusted_retailer', 'wholesale.intenseoud.com': 'trusted_retailer'}"
ARD-3149,عطر يارا موي 100 مل,Yara Moii / Yara Moi,Lattafa,100 مل,Moi / Moii,Eau de Parfum,perfumes,official_distributor,official_distributor,https://www.lattafa.my/perfumes/lattafa/yara-moi/,high,VERIFIED,ACCEPTED_TRANSLITERATION,Catalog 'عطر يارا موي 100 مل' aligns with official 'Yara Moii / Yara Moi' via transliteration.,Official Lattafa Yara Moii 100 ML women; catalog يارا موي matches.,https://www.lattafa.my/cdn/perfumes/lattafa/yara-moi-by-lattafa-100ml-edp-wanita-malaysia/large/image.jpg,"{'lattafa.com': 'official_manufacturer', 'www.lattafa.com': 'official_manufacturer', 'lattafa.my': 'official_distributor', 'www.lattafa.my': 'official_distributor', 'nahdionline.com': 'trusted_retailer', 'www.nahdionline.com': 'trusted_retailer', 'ecombe.nahdionline.com': 'trusted_retailer', 'dam.nahdionline.com': 'trusted_retailer', 'noon.com': 'trusted_retailer', 'www.noon.com': 'trusted_retailer', 'theislamshop.com': 'trusted_retailer', 'www.theislamshop.com': 'trusted_retailer', 'intenseoud.com': 'trusted_retailer', 'www.intenseoud.com': 'trusted_retailer', 'wholesale.intenseoud.com': 'trusted_retailer'}"
ARD-3240,عطر هيا 100 مل,Haya,Lattafa,100 مل,,Eau de Parfum,perfumes,official_distributor,official_distributor,https://www.lattafa.my/perfumes/lattafa/haya/,high,VERIFIED,ACCEPTED_TRANSLITERATION,Catalog 'عطر هيا 100 مل' aligns with official 'Haya' via transliteration.,Official Lattafa Arabic Haya 100 ML women.,https://www.lattafa.my/cdn/perfumes/lattafa/haya-lattafa-perfume-wanita-fruity-floral-long-lasting-100ml-edp/large/image.jpg,"{'lattafa.com': 'official_manufacturer', 'www.lattafa.com': 'official_manufacturer', 'lattafa.my': 'official_distributor', 'www.lattafa.my': 'official_distributor', 'nahdionline.com': 'trusted_retailer', 'www.nahdionline.com': 'trusted_retailer', 'ecombe.nahdionline.com': 'trusted_retailer', 'dam.nahdionline.com': 'trusted_retailer', 'noon.com': 'trusted_retailer', 'www.noon.com': 'trusted_retailer', 'theislamshop.com': 'trusted_retailer', 'www.theislamshop.com': 'trusted_retailer', 'intenseoud.com': 'trusted_retailer', 'www.intenseoud.com': 'trusted_retailer', 'wholesale.intenseoud.com': 'trusted_retailer'}"
ARD-3242,عطر سكينة 100 مل,Sakeena,Lattafa,100 مل,,Eau de Parfum,perfumes,official_distributor,official_distributor,https://www.lattafa.my/perfumes/lattafa/sakeena/,high,VERIFIED,ACCEPTED_TRANSLITERATION,Catalog 'عطر سكينة 100 مل' aligns with official 'Sakeena' via transliteration.,Official Lattafa Arabic Sakeena/سكينة 100 ML women.,https://www.lattafa.my/cdn/perfumes/lattafa/sakeena-by-lattafa-100ml-edp-wanita-malaysia/large/image.jpg,"{'lattafa.com': 'official_manufacturer', 'www.lattafa.com': 'official_manufacturer', 'lattafa.my': 'official_distributor', 'www.lattafa.my': 'official_distributor', 'nahdionline.com': 'trusted_retailer', 'www.nahdionline.com': 'trusted_retailer', 'ecombe.nahdionline.com': 'trusted_retailer', 'dam.nahdionline.com': 'trusted_retailer', 'noon.com': 'trusted_retailer', 'www.noon.com': 'trusted_retailer', 'theislamshop.com': 'trusted_retailer', 'www.theislamshop.com': 'trusted_retailer', 'intenseoud.com': 'trusted_retailer', 'www.intenseoud.com': 'trusted_retailer', 'wholesale.intenseoud.com': 'trusted_retailer'}"
ARD-3244,عطر تاويل 100 مل,Ta'weel,Lattafa,100 مل,,Eau de Parfum,perfumes,official_manufacturer,official_distributor,https://lattafa.com/product/taweel/,high,VERIFIED,ACCEPTED_TRANSLITERATION,Catalog تاويل = Ta'weel (apostrophe/transliteration).,Official Lattafa Taweel 100 ML men. | image unresolved in enrichment pass,https://www.lattafa.my/cdn/perfumes/lattafa/taweel-by-lattafa-100ml-edp-unisex-2/large/image.jpg,"{'lattafa.com': 'official_manufacturer', 'www.lattafa.com': 'official_manufacturer', 'lattafa.my': 'official_distributor', 'www.lattafa.my': 'official_distributor', 'nahdionline.com': 'trusted_retailer', 'www.nahdionline.com': 'trusted_retailer', 'ecombe.nahdionline.com': 'trusted_retailer', 'dam.nahdionline.com': 'trusted_retailer', 'noon.com': 'trusted_retailer', 'www.noon.com': 'trusted_retailer', 'theislamshop.com': 'trusted_retailer', 'www.theislamshop.com': 'trusted_retailer', 'intenseoud.com': 'trusted_retailer', 'www.intenseoud.com': 'trusted_retailer', 'wholesale.intenseoud.com': 'trusted_retailer'}"
ARD-3245,عطر ايمان 100 مل,Emaan,Lattafa,100 مل,,Eau de Parfum,perfumes,official_manufacturer,official_distributor,https://lattafa.com/product/emaan/,high,VERIFIED,ACCEPTED_TRANSLITERATION,Catalog 'عطر ايمان 100 مل' aligns with official 'Emaan' via transliteration.,Official Lattafa Emaan 100 ML women. | image unresolved in enrichment pass,https://www.lattafa.my/cdn/perfumes/lattafa/68f50d1a1936c1760890138-100ml-edp/large/image.jpg,"{'lattafa.com': 'official_manufacturer', 'www.lattafa.com': 'official_manufacturer', 'lattafa.my': 'official_distributor', 'www.lattafa.my': 'official_distributor', 'nahdionline.com': 'trusted_retailer', 'www.nahdionline.com': 'trusted_retailer', 'ecombe.nahdionline.com': 'trusted_retailer', 'dam.nahdionline.com': 'trusted_retailer', 'noon.com': 'trusted_retailer', 'www.noon.com': 'trusted_retailer', 'theislamshop.com': 'trusted_retailer', 'www.theislamshop.com': 'trusted_retailer', 'intenseoud.com': 'trusted_retailer', 'www.intenseoud.com': 'trusted_retailer', 'wholesale.intenseoud.com': 'trusted_retailer'}"
ARD-3260,عطر ماهر لاغسي 100 مل,Maahir Legacy,Lattafa,100 مل,Legacy,Eau de Parfum,perfumes,official_distributor,official_distributor,https://www.lattafa.my/perfumes/lattafa/maahir-legacy/,high,VERIFIED,ACCEPTED_TRANSLITERATION,Catalog 'عطر ماهر لاغسي 100 مل' aligns with official 'Maahir Legacy' via transliteration.,Official Lattafa Maahir Legacy 100 ML men; catalog لاغسي=Legacy.,https://www.lattafa.my/cdn/perfumes/lattafa/maahir-legacy-by-lattafa-perfume-unisex-malaysia-100ml-edp/large/image.jpg,"{'lattafa.com': 'official_manufacturer', 'www.lattafa.com': 'official_manufacturer', 'lattafa.my': 'official_distributor', 'www.lattafa.my': 'official_distributor', 'nahdionline.com': 'trusted_retailer', 'www.nahdionline.com': 'trusted_retailer', 'ecombe.nahdionline.com': 'trusted_retailer', 'dam.nahdionline.com': 'trusted_retailer', 'noon.com': 'trusted_retailer', 'www.noon.com': 'trusted_retailer', 'theislamshop.com': 'trusted_retailer', 'www.theislamshop.com': 'trusted_retailer', 'intenseoud.com': 'trusted_retailer', 'www.intenseoud.com': 'trusted_retailer', 'wholesale.intenseoud.com': 'trusted_retailer'}"
ARD-3274,عطر ذوق 80 مل,Thouq,Lattafa,80 مل,,Eau de Parfum,perfumes,official_distributor,official_distributor,https://www.lattafa.my/perfumes/lattafa/thouq/,high,VERIFIED,ACCEPTED_TRANSLITERATION,Catalog 'عطر ذوق 80 مل' aligns with official 'Thouq' via transliteration.,Official Lattafa Thouq; size 80 ML matches catalog ذوق.,https://www.lattafa.my/cdn/91b15886-eddd-42f9-7c9e-69cd0f832800/large/image.jpg,"{'lattafa.com': 'official_manufacturer', 'www.lattafa.com': 'official_manufacturer', 'lattafa.my': 'official_distributor', 'www.lattafa.my': 'official_distributor', 'nahdionline.com': 'trusted_retailer', 'www.nahdionline.com': 'trusted_retailer', 'ecombe.nahdionline.com': 'trusted_retailer', 'dam.nahdionline.com': 'trusted_retailer', 'noon.com': 'trusted_retailer', 'www.noon.com': 'trusted_retailer', 'theislamshop.com': 'trusted_retailer', 'www.theislamshop.com': 'trusted_retailer', 'intenseoud.com': 'trusted_retailer', 'www.intenseoud.com': 'trusted_retailer', 'wholesale.intenseoud.com': 'trusted_retailer'}"
ARD-3347,عطر عود نجدية,Oud Najdia,Lattafa,100 مل,,Eau de Parfum,perfumes,official_distributor,official_distributor,https://www.lattafa.my/perfumes/lattafa/oud-najdia/,high,VERIFIED,ACCEPTED_TRANSLITERATION,Catalog 'عطر عود نجدية' aligns with official 'Oud Najdia' via transliteration.,Replacement for ARD-4293 (image_duplicate_conflict); unique direct image 1080x1080.,https://www.lattafa.my/cdn/665f27e7-b356-4316-bde6-c0df39109400/large/image.jpg,"{'lattafa.com': 'official_manufacturer', 'www.lattafa.com': 'official_manufacturer', 'lattafa.my': 'official_distributor', 'www.lattafa.my': 'official_distributor', 'nahdionline.com': 'trusted_retailer', 'www.nahdionline.com': 'trusted_retailer', 'ecombe.nahdionline.com': 'trusted_retailer', 'dam.nahdionline.com': 'trusted_retailer', 'noon.com': 'trusted_retailer', 'www.noon.com': 'trusted_retailer', 'theislamshop.com': 'trusted_retailer', 'www.theislamshop.com': 'trusted_retailer', 'intenseoud.com': 'trusted_retailer', 'www.intenseoud.com': 'trusted_retailer', 'wholesale.intenseoud.com': 'trusted_retailer'}"
ARD-3349,عطر اورا 60 مل,Aura,Lattafa,60 مل,,Eau de Parfum,perfumes,official_manufacturer,trusted_retailer,https://lattafa.com/product/aura/,high,VERIFIED,ACCEPTED_TRANSLITERATION,Catalog 'عطر اورا 60 مل' aligns with official 'Aura' via transliteration.,Official Lattafa Aura 60 ML unisex matches catalog. | image unresolved in enrichment pass,https://ecombe.nahdionline.com/media/catalog/product/1/0/103564351_a211395a7a14132ad_28334.jpg,"{'lattafa.com': 'official_manufacturer', 'www.lattafa.com': 'official_manufacturer', 'lattafa.my': 'official_distributor', 'www.lattafa.my': 'official_distributor', 'nahdionline.com': 'trusted_retailer', 'www.nahdionline.com': 'trusted_retailer', 'ecombe.nahdionline.com': 'trusted_retailer', 'dam.nahdionline.com': 'trusted_retailer', 'noon.com': 'trusted_retailer', 'www.noon.com': 'trusted_retailer', 'theislamshop.com': 'trusted_retailer', 'www.theislamshop.com': 'trusted_retailer', 'intenseoud.com': 'trusted_retailer', 'www.intenseoud.com': 'trusted_retailer', 'wholesale.intenseoud.com': 'trusted_retailer'}"
ARD-3350,عطر فلفت روز 100 مل,Velvet Rose,Lattafa,100 مل,,Eau de Parfum,perfumes,official_distributor,official_distributor,https://www.lattafa.my/perfumes/lattafa/velvet-rose/,high,VERIFIED,ACCEPTED_TRANSLITERATION,Catalog 'عطر فلفت روز 100 مل' aligns with official 'Velvet Rose' via transliteration.,Official Lattafa Velvet Rose 100 ML women.,https://www.lattafa.my/cdn/perfumes/lattafa/velvet-rose-by-lattafa-100ml-edp-unisex-malaysia/large/image.jpg,"{'lattafa.com': 'official_manufacturer', 'www.lattafa.com': 'official_manufacturer', 'lattafa.my': 'official_distributor', 'www.lattafa.my': 'official_distributor', 'nahdionline.com': 'trusted_retailer', 'www.nahdionline.com': 'trusted_retailer', 'ecombe.nahdionline.com': 'trusted_retailer', 'dam.nahdionline.com': 'trusted_retailer', 'noon.com': 'trusted_retailer', 'www.noon.com': 'trusted_retailer', 'theislamshop.com': 'trusted_retailer', 'www.theislamshop.com': 'trusted_retailer', 'intenseoud.com': 'trusted_retailer', 'www.intenseoud.com': 'trusted_retailer', 'wholesale.intenseoud.com': 'trusted_retailer'}"
ARD-3351,عطر النبل امير 100 مل,Al Noble Ameer,Lattafa,100 مل,Ameer,Eau de Parfum,perfumes,official_distributor,official_distributor,https://www.lattafa.my/perfumes/lattafa/al-noble-ameer/,high,VERIFIED,ACCEPTED_TRANSLITERATION,Catalog 'عطر النبل امير 100 مل' aligns with official 'Al Noble Ameer' via transliteration.,Official Lattafa Al Noble Ameer 100 ML unisex.,https://www.lattafa.my/cdn/perfumes/lattafa/al-noble-ameer-lattafa-perfume-lelaki-amber-woody-100ml-edp/large/image.jpg,"{'lattafa.com': 'official_manufacturer', 'www.lattafa.com': 'official_manufacturer', 'lattafa.my': 'official_distributor', 'www.lattafa.my': 'official_distributor', 'nahdionline.com': 'trusted_retailer', 'www.nahdionline.com': 'trusted_retailer', 'ecombe.nahdionline.com': 'trusted_retailer', 'dam.nahdionline.com': 'trusted_retailer', 'noon.com': 'trusted_retailer', 'www.noon.com': 'trusted_retailer', 'theislamshop.com': 'trusted_retailer', 'www.theislamshop.com': 'trusted_retailer', 'intenseoud.com': 'trusted_retailer', 'www.intenseoud.com': 'trusted_retailer', 'wholesale.intenseoud.com': 'trusted_retailer'}"
ARD-3352,عطر النبل وزير 100 مل,Al Noble Wazeer,Lattafa,100 مل,Wazeer,Eau de Parfum,perfumes,official_distributor,official_distributor,https://www.lattafa.my/perfumes/lattafa/al-noble-wazeer/,high,VERIFIED,ACCEPTED_TRANSLITERATION,Catalog 'عطر النبل وزير 100 مل' aligns with official 'Al Noble Wazeer' via transliteration.,Official Lattafa Al Noble Wazeer; note pyramid varies slightly across listings — used commonly cited pyramid.,https://www.lattafa.my/cdn/perfumes/lattafa/al-noble-wazeer-by-lattafa-100ml-box-bottle-hadiah-pasangan-malaysia-edp/large/image.jpg,"{'lattafa.com': 'official_manufacturer', 'www.lattafa.com': 'official_manufacturer', 'lattafa.my': 'official_distributor', 'www.lattafa.my': 'official_distributor', 'nahdionline.com': 'trusted_retailer', 'www.nahdionline.com': 'trusted_retailer', 'ecombe.nahdionline.com': 'trusted_retailer', 'dam.nahdionline.com': 'trusted_retailer', 'noon.com': 'trusted_retailer', 'www.noon.com': 'trusted_retailer', 'theislamshop.com': 'trusted_retailer', 'www.theislamshop.com': 'trusted_retailer', 'intenseoud.com': 'trusted_retailer', 'www.intenseoud.com': 'trusted_retailer', 'wholesale.intenseoud.com': 'trusted_retailer'}"
ARD-3353,عطر النبل سفير 100 مل,Al Noble Safeer,Lattafa,100 مل,Safeer,Eau de Parfum,perfumes,official_manufacturer,official_distributor,https://lattafa.com/product/al-noble-safeer/,high,VERIFIED,ACCEPTED_TRANSLITERATION,Catalog 'عطر النبل سفير 100 مل' aligns with official 'Al Noble Safeer' via transliteration.,Official Lattafa Al Noble Safeer 100 ML unisex; preferred product-information herbal woody pyramid. | image unresolved in enrichment pass,https://www.lattafa.my/cdn/perfumes/lattafa/safeer-al-noble-lattafa-perfume-unisex-woody-amber-100ml-edp/large/image.jpg,"{'lattafa.com': 'official_manufacturer', 'www.lattafa.com': 'official_manufacturer', 'lattafa.my': 'official_distributor', 'www.lattafa.my': 'official_distributor', 'nahdionline.com': 'trusted_retailer', 'www.nahdionline.com': 'trusted_retailer', 'ecombe.nahdionline.com': 'trusted_retailer', 'dam.nahdionline.com': 'trusted_retailer', 'noon.com': 'trusted_retailer', 'www.noon.com': 'trusted_retailer', 'theislamshop.com': 'trusted_retailer', 'www.theislamshop.com': 'trusted_retailer', 'intenseoud.com': 'trusted_retailer', 'www.intenseoud.com': 'trusted_retailer', 'wholesale.intenseoud.com': 'trusted_retailer'}"
ARD-3531,عطر اجواء 90 مل,Ajwad,Lattafa,60 مل,,Eau de Parfum,perfumes,official_distributor,official_distributor,https://www.lattafa.my/perfumes/lattafa/ajwad/,medium,VERIFIED,ACCEPTED_TRANSLITERATION,Catalog 'عطر اجواء 90 مل' aligns with official 'Ajwad' via transliteration.,Official Ajwad page lists 60 ML; catalog lists 90 مل — size mismatch flagged. Identity match اجواء=Ajwad is strong.,https://www.lattafa.my/cdn/perfumes/lattafa/ajwad-by-lattafa-edp-60ml/large/image.jpg,"{'lattafa.com': 'official_manufacturer', 'www.lattafa.com': 'official_manufacturer', 'lattafa.my': 'official_distributor', 'www.lattafa.my': 'official_distributor', 'nahdionline.com': 'trusted_retailer', 'www.nahdionline.com': 'trusted_retailer', 'ecombe.nahdionline.com': 'trusted_retailer', 'dam.nahdionline.com': 'trusted_retailer', 'noon.com': 'trusted_retailer', 'www.noon.com': 'trusted_retailer', 'theislamshop.com': 'trusted_retailer', 'www.theislamshop.com': 'trusted_retailer', 'intenseoud.com': 'trusted_retailer', 'www.intenseoud.com': 'trusted_retailer', 'wholesale.intenseoud.com': 'trusted_retailer'}"
ARD-3536,عطر فنتاج راديو 100 مل,Vintage Radio,Lattafa,100 مل,Lattafa Pride,Eau de Parfum,perfumes,official_distributor,official_distributor,https://www.lattafa.my/perfumes/lattafa/vintage-radio/,high,VERIFIED,ACCEPTED_TRANSLITERATION,Catalog 'عطر فنتاج راديو 100 مل' aligns with official 'Vintage Radio' via transliteration.,Official Lattafa Vintage Radio 100 ML unisex.,https://www.lattafa.my/cdn/b3508309-541d-4d10-68ed-22b97fda4e00/large/image.jpg,"{'lattafa.com': 'official_manufacturer', 'www.lattafa.com': 'official_manufacturer', 'lattafa.my': 'official_distributor', 'www.lattafa.my': 'official_distributor', 'nahdionline.com': 'trusted_retailer', 'www.nahdionline.com': 'trusted_retailer', 'ecombe.nahdionline.com': 'trusted_retailer', 'dam.nahdionline.com': 'trusted_retailer', 'noon.com': 'trusted_retailer', 'www.noon.com': 'trusted_retailer', 'theislamshop.com': 'trusted_retailer', 'www.theislamshop.com': 'trusted_retailer', 'intenseoud.com': 'trusted_retailer', 'www.intenseoud.com': 'trusted_retailer', 'wholesale.intenseoud.com': 'trusted_retailer'}"
ARD-3627,عطر لا كولكشن 1910 بايك 100 مل,La Collection D'Antiquities 1910 (Bike),Lattafa,100 مل,1910 Bike / Pride,Eau de Parfum,perfumes,official_distributor,official_distributor,https://www.lattafa.my/perfumes/lattafa/la-collection-1910/,high,VERIFIED,ACCEPTED_TRANSLITERATION,Catalog 'عطر لا كولكشن 1910 بايك 100 مل' aligns with official 'La Collection D'Antiquities 1910 (Bike)' via transliteration.,Official La Collection 1910; catalog بايك=Bike bottle theme.,https://www.lattafa.my/cdn/799b4ae6-8de7-4176-922b-2eba84ccb900/large/image.jpg,"{'lattafa.com': 'official_manufacturer', 'www.lattafa.com': 'official_manufacturer', 'lattafa.my': 'official_distributor', 'www.lattafa.my': 'official_distributor', 'nahdionline.com': 'trusted_retailer', 'www.nahdionline.com': 'trusted_retailer', 'ecombe.nahdionline.com': 'trusted_retailer', 'dam.nahdionline.com': 'trusted_retailer', 'noon.com': 'trusted_retailer', 'www.noon.com': 'trusted_retailer', 'theislamshop.com': 'trusted_retailer', 'www.theislamshop.com': 'trusted_retailer', 'intenseoud.com': 'trusted_retailer', 'www.intenseoud.com': 'trusted_retailer', 'wholesale.intenseoud.com': 'trusted_retailer'}"
ARD-3628,عطر لا كولكشن 1886 كار 100 مل,La Collection d'Antiquity 1886 (Car),Lattafa,100 مل,1886 Car / Pride,Eau de Parfum,perfumes,official_manufacturer,official_distributor,https://lattafa.com/product/la-collection-dantiquity-1886/,high,VERIFIED,ACCEPTED_TRANSLITERATION,Catalog 'عطر لا كولكشن 1886 كار 100 مل' aligns with official 'La Collection d'Antiquity 1886 (Car)' via transliteration.,Official page explicitly notes 1886 (Car) Lattafa Pride 100ml. | image unresolved in enrichment pass,https://www.lattafa.my/cdn/7ed15c3b-2c74-4c50-4028-ff2e37894500/large/image.jpg,"{'lattafa.com': 'official_manufacturer', 'www.lattafa.com': 'official_manufacturer', 'lattafa.my': 'official_distributor', 'www.lattafa.my': 'official_distributor', 'nahdionline.com': 'trusted_retailer', 'www.nahdionline.com': 'trusted_retailer', 'ecombe.nahdionline.com': 'trusted_retailer', 'dam.nahdionline.com': 'trusted_retailer', 'noon.com': 'trusted_retailer', 'www.noon.com': 'trusted_retailer', 'theislamshop.com': 'trusted_retailer', 'www.theislamshop.com': 'trusted_retailer', 'intenseoud.com': 'trusted_retailer', 'www.intenseoud.com': 'trusted_retailer', 'wholesale.intenseoud.com': 'trusted_retailer'}"
ARD-3709,عطر خمرة قهوة 100 مل,Khamrah Qahwa,Lattafa,100 مل,,Eau de Parfum,perfumes,official_distributor,official_distributor,https://www.lattafa.my/perfumes/lattafa/khamrah-qahwa/,high,VERIFIED,ACCEPTED_TRANSLITERATION,Catalog 'عطر خمرة قهوة 100 مل' aligns with official 'Khamrah Qahwa' via transliteration.,,https://www.lattafa.my/cdn/perfumes/lattafa/khamrah-qahwa-lattafa-100ml-edp-unisex-perfume-malaysia/large/image.jpg,"{'lattafa.com': 'official_manufacturer', 'www.lattafa.com': 'official_manufacturer', 'lattafa.my': 'official_distributor', 'www.lattafa.my': 'official_distributor', 'nahdionline.com': 'trusted_retailer', 'www.nahdionline.com': 'trusted_retailer', 'ecombe.nahdionline.com': 'trusted_retailer', 'dam.nahdionline.com': 'trusted_retailer', 'noon.com': 'trusted_retailer', 'www.noon.com': 'trusted_retailer', 'theislamshop.com': 'trusted_retailer', 'www.theislamshop.com': 'trusted_retailer', 'intenseoud.com': 'trusted_retailer', 'www.intenseoud.com': 'trusted_retailer', 'wholesale.intenseoud.com': 'trusted_retailer'}"
ARD-3710,عطر عجايب دبي بورتريت ابيض 100 مل,Ajayeb Dubai,Lattafa,100 مل,,Eau de Parfum,perfumes,official_distributor,official_distributor,https://www.lattafa.my/perfumes/lattafa/ajayeb-dubai/,high,VERIFIED,ACCEPTED_TRANSLITERATION,Catalog 'عطر عجايب دبي بورتريت ابيض 100 مل' aligns with official 'Ajayeb Dubai' via transliteration.,image_size_or_format_mismatch: Raghba 30ml mini lacked exact 30ml package image; replaced with Stage2 Ajayeb Dubai 100ml EDP unique image.,https://www.lattafa.my/cdn/perfumes/lattafa/ajayeb-dubai-lattafa-perfume-unisex-amber-sweet-100ml-edp/large/image.jpg,"{'lattafa.com': 'official_manufacturer', 'www.lattafa.com': 'official_manufacturer', 'lattafa.my': 'official_distributor', 'www.lattafa.my': 'official_distributor', 'nahdionline.com': 'trusted_retailer', 'www.nahdionline.com': 'trusted_retailer', 'ecombe.nahdionline.com': 'trusted_retailer', 'dam.nahdionline.com': 'trusted_retailer', 'noon.com': 'trusted_retailer', 'www.noon.com': 'trusted_retailer', 'theislamshop.com': 'trusted_retailer', 'www.theislamshop.com': 'trusted_retailer', 'intenseoud.com': 'trusted_retailer', 'www.intenseoud.com': 'trusted_retailer', 'wholesale.intenseoud.com': 'trusted_retailer'}"
ARD-3711,عطر قائد الفرسان انلمتد ابيض 90 مل,Qaed Al Fursan Unlimited,Lattafa,90 مل,,Eau de Parfum,perfumes,official_distributor,official_distributor,https://www.lattafa.my/perfumes/lattafa/qaed-al-fursan-unlimited/,high,VERIFIED,ACCEPTED_TRANSLITERATION,Catalog 'عطر قائد الفرسان انلمتد ابيض 90 مل' aligns with official 'Qaed Al Fursan Unlimited' via transliteration.,Replacement for ARD-871 (image_duplicate_conflict); unique direct image 1080x1080.,https://www.lattafa.my/cdn/perfumes/lattafa/qaed-al-fursan-unlimited-lattafa-90ml-edp-malaysia/large/image.jpg,"{'lattafa.com': 'official_manufacturer', 'www.lattafa.com': 'official_manufacturer', 'lattafa.my': 'official_distributor', 'www.lattafa.my': 'official_distributor', 'nahdionline.com': 'trusted_retailer', 'www.nahdionline.com': 'trusted_retailer', 'ecombe.nahdionline.com': 'trusted_retailer', 'dam.nahdionline.com': 'trusted_retailer', 'noon.com': 'trusted_retailer', 'www.noon.com': 'trusted_retailer', 'theislamshop.com': 'trusted_retailer', 'www.theislamshop.com': 'trusted_retailer', 'intenseoud.com': 'trusted_retailer', 'www.intenseoud.com': 'trusted_retailer', 'wholesale.intenseoud.com': 'trusted_retailer'}"
ARD-3712,عطر يارا توس 100 مل الاصفر,Yara Tous,Lattafa,100 مل,,Eau de Parfum,perfumes,official_distributor,official_distributor,https://www.lattafa.my/perfumes/lattafa/yara-tous/,high,VERIFIED,ACCEPTED_TRANSLITERATION,Catalog 'عطر يارا توس 100 مل الاصفر' aligns with official 'Yara Tous' via transliteration.,duplicate_identity_qaaed_conflict: replaced ARD-249 (duplicate Qaaed Al Shabaab vs ARD-2423) with Stage2 Yara Tous; catalog عطر يارا توس matches official.,https://www.lattafa.my/cdn/perfumes/lattafa/yara-tous-lattafa-wanita-vanilla-fruity-100ml-edp/large/image.jpg,"{'lattafa.com': 'official_manufacturer', 'www.lattafa.com': 'official_manufacturer', 'lattafa.my': 'official_distributor', 'www.lattafa.my': 'official_distributor', 'nahdionline.com': 'trusted_retailer', 'www.nahdionline.com': 'trusted_retailer', 'ecombe.nahdionline.com': 'trusted_retailer', 'dam.nahdionline.com': 'trusted_retailer', 'noon.com': 'trusted_retailer', 'www.noon.com': 'trusted_retailer', 'theislamshop.com': 'trusted_retailer', 'www.theislamshop.com': 'trusted_retailer', 'intenseoud.com': 'trusted_retailer', 'www.intenseoud.com': 'trusted_retailer', 'wholesale.intenseoud.com': 'trusted_retailer'}"
ARD-3714,عطر ليام 100 مل,Liam,Lattafa,100 مل,,Eau de Parfum,perfumes,official_distributor,official_distributor,https://www.lattafa.my/perfumes/lattafa/liam-grey/,high,VERIFIED,ACCEPTED_TRANSLITERATION,Catalog 'عطر ليام 100 مل' aligns with official 'Liam' via transliteration.,Replacement for ARD-562 (image_duplicate_conflict); unique direct image 1080x1080.,https://www.lattafa.my/cdn/183bda87-8deb-41dc-5e51-1f1ae02c3c00/large/image.jpg,"{'lattafa.com': 'official_manufacturer', 'www.lattafa.com': 'official_manufacturer', 'lattafa.my': 'official_distributor', 'www.lattafa.my': 'official_distributor', 'nahdionline.com': 'trusted_retailer', 'www.nahdionline.com': 'trusted_retailer', 'ecombe.nahdionline.com': 'trusted_retailer', 'dam.nahdionline.com': 'trusted_retailer', 'noon.com': 'trusted_retailer', 'www.noon.com': 'trusted_retailer', 'theislamshop.com': 'trusted_retailer', 'www.theislamshop.com': 'trusted_retailer', 'intenseoud.com': 'trusted_retailer', 'www.intenseoud.com': 'trusted_retailer', 'wholesale.intenseoud.com': 'trusted_retailer'}"
ARD-3897,عطر بديع العود سبليم الاحمر,Badee Al Oud Sublime,Lattafa,100 مل,,Eau de Parfum,perfumes,official_distributor,official_distributor,https://www.lattafa.my/perfumes/lattafa/badee-al-oud-sublime/,high,VERIFIED,ACCEPTED_TRANSLITERATION,Catalog 'عطر بديع العود سبليم الاحمر' aligns with official 'Badee Al Oud Sublime' via transliteration.,image_size_or_format_mismatch: Sheikh Al Shuyukh Luxe 30ml used 50ml image; replaced with Stage2 Badee Al Oud Sublime 100ml EDP.,https://www.lattafa.my/cdn/perfumes/lattafa/badee-al-oud-sublime-perfume-100ml-edp-lattafa/large/image.jpg,"{'lattafa.com': 'official_manufacturer', 'www.lattafa.com': 'official_manufacturer', 'lattafa.my': 'official_distributor', 'www.lattafa.my': 'official_distributor', 'nahdionline.com': 'trusted_retailer', 'www.nahdionline.com': 'trusted_retailer', 'ecombe.nahdionline.com': 'trusted_retailer', 'dam.nahdionline.com': 'trusted_retailer', 'noon.com': 'trusted_retailer', 'www.noon.com': 'trusted_retailer', 'theislamshop.com': 'trusted_retailer', 'www.theislamshop.com': 'trusted_retailer', 'intenseoud.com': 'trusted_retailer', 'www.intenseoud.com': 'trusted_retailer', 'wholesale.intenseoud.com': 'trusted_retailer'}"
ARD-4138,عطر اكلاير 100 مل,Eclaire,Lattafa,100 مل,,Eau de Parfum,perfumes,official_distributor,official_distributor,https://www.lattafa.my/perfumes/lattafa/eclaire/,high,VERIFIED,ACCEPTED_TRANSLITERATION,Catalog اكلاير = Eclaire; size/image/price aligned.,catalog_identity_mismatch_reconcile Option B: replaced ARD-422 (خشبي/no reliable Khashabi image) with Stage2 Eclaire.,https://www.lattafa.my/cdn/perfumes/lattafa/eclaire-lattafa-perfume-wanita-creamy-vanilla-100ml-edp/product/?f=webp&name=x.jpg,lattafa.my=official_distributor
ARD-4214,عطر عفيف 100 مل,Afeef,Lattafa,100 مل,,Eau de Parfum,perfumes,official_distributor,official_distributor,https://www.lattafa.my/perfumes/lattafa/afeef/,high,VERIFIED,ACCEPTED_TRANSLITERATION,Catalog 'عطر عفيف 100 مل' aligns with official 'Afeef' via transliteration.,Replacement for ARD-4295 (image_duplicate_conflict); unique direct image 1080x1080.,https://www.lattafa.my/cdn/9e3b92d7-0f2d-4375-2c7c-164259f0d800/large/image.jpg,"{'lattafa.com': 'official_manufacturer', 'www.lattafa.com': 'official_manufacturer', 'lattafa.my': 'official_distributor', 'www.lattafa.my': 'official_distributor', 'nahdionline.com': 'trusted_retailer', 'www.nahdionline.com': 'trusted_retailer', 'ecombe.nahdionline.com': 'trusted_retailer', 'dam.nahdionline.com': 'trusted_retailer', 'noon.com': 'trusted_retailer', 'www.noon.com': 'trusted_retailer', 'theislamshop.com': 'trusted_retailer', 'www.theislamshop.com': 'trusted_retailer', 'intenseoud.com': 'trusted_retailer', 'www.intenseoud.com': 'trusted_retailer', 'wholesale.intenseoud.com': 'trusted_retailer'}"
ARD-4215,عطر فخر لطافة اكستراكت 100 مل,Fakhar Lattafa Extrait,Lattafa,100 مل,,Eau de Parfum,perfumes,official_manufacturer,official_distributor,https://lattafa.com/product/fakhar-extrait/,high,VERIFIED,ACCEPTED_TRANSLITERATION,Catalog 'عطر فخر لطافة اكستراكت 100 مل' aligns with official 'Fakhar Lattafa Extrait' via transliteration.,image_size_or_format_mismatch: replaced Fakhar Women deo 200ml (wrong Extrait EDP image) with Stage2 Fakhar Extrait EDP matching existing image.,https://www.lattafa.my/cdn/perfumes/lattafa/fakhar-extrait-lattafa-minyak-wangi-lelaki-smoky-amber-100ml-edp/large/image.jpg,"{'lattafa.com': 'official_manufacturer', 'www.lattafa.com': 'official_manufacturer', 'lattafa.my': 'official_distributor', 'www.lattafa.my': 'official_distributor', 'nahdionline.com': 'trusted_retailer', 'www.nahdionline.com': 'trusted_retailer', 'ecombe.nahdionline.com': 'trusted_retailer', 'dam.nahdionline.com': 'trusted_retailer', 'noon.com': 'trusted_retailer', 'www.noon.com': 'trusted_retailer', 'theislamshop.com': 'trusted_retailer', 'www.theislamshop.com': 'trusted_retailer', 'intenseoud.com': 'trusted_retailer', 'www.intenseoud.com': 'trusted_retailer', 'wholesale.intenseoud.com': 'trusted_retailer'}"
ARD-4246,عطر بديع العود نوبل بلش 100 مل,Badee Al Oud Noble Blush,Lattafa,100 مل,,Eau de Parfum,perfumes,official_distributor,official_distributor,https://www.lattafa.my/perfumes/lattafa/badee-al-oud-noble-blush/,high,VERIFIED,ACCEPTED_TRANSLITERATION,Catalog 'عطر بديع العود نوبل بلش 100 مل' aligns with official 'Badee Al Oud Noble Blush' via transliteration.,image_size_or_format_mismatch: replaced Ameerat Al Arab deo 200ml (EDP image; no free Lattafa Ameerat EDP SKU) with Stage2 Noble Blush EDP + unique image.,https://www.lattafa.my/cdn/perfumes/lattafa/imgi74noble65739dbc-41c7-4f6e-92b7-de630ed83ccb-100ml-edp/product/?f=webp&name=x.jpg,"{'lattafa.com': 'official_manufacturer', 'www.lattafa.com': 'official_manufacturer', 'lattafa.my': 'official_distributor', 'www.lattafa.my': 'official_distributor', 'nahdionline.com': 'trusted_retailer', 'www.nahdionline.com': 'trusted_retailer', 'ecombe.nahdionline.com': 'trusted_retailer', 'dam.nahdionline.com': 'trusted_retailer', 'noon.com': 'trusted_retailer', 'www.noon.com': 'trusted_retailer', 'theislamshop.com': 'trusted_retailer', 'www.theislamshop.com': 'trusted_retailer', 'intenseoud.com': 'trusted_retailer', 'www.intenseoud.com': 'trusted_retailer', 'wholesale.intenseoud.com': 'trusted_retailer'}"
ARD-4255,عطر حياتي فلورنس 100 مل,Hayaati Florence,Lattafa,100 مل,,Eau de Parfum,perfumes,official_distributor,official_distributor,https://www.lattafa.my/perfumes/lattafa/hayaati-florence/,high,VERIFIED,ACCEPTED_TRANSLITERATION,Catalog 'عطر حياتي فلورنس 100 مل' aligns with official 'Hayaati Florence' via transliteration.,Replacement for ARD-4483 (Yara Tous oil 20ml) due to image_identity_mismatch_size_or_format: prior image was Yara Tous 100ml EDP bottle; no verified ≥600px oil/attar image found. Unique Hayaati Florence EDP image 1080x1080.,https://www.lattafa.my/cdn/perfumes/lattafa/hayaati-florence-by-lattafa-100ml-edp-wanita-malaysia/large/image.jpg,"{'lattafa.com': 'official_manufacturer', 'www.lattafa.com': 'official_manufacturer', 'lattafa.my': 'official_distributor', 'www.lattafa.my': 'official_distributor', 'nahdionline.com': 'trusted_retailer', 'www.nahdionline.com': 'trusted_retailer', 'ecombe.nahdionline.com': 'trusted_retailer', 'dam.nahdionline.com': 'trusted_retailer', 'noon.com': 'trusted_retailer', 'www.noon.com': 'trusted_retailer', 'theislamshop.com': 'trusted_retailer', 'www.theislamshop.com': 'trusted_retailer', 'intenseoud.com': 'trusted_retailer', 'www.intenseoud.com': 'trusted_retailer', 'wholesale.intenseoud.com': 'trusted_retailer'}"
ARD-4256,عطر انا الابيض كورال 60 مل,Ana Abiyedh Coral,Lattafa,60 مل,,Eau de Parfum,perfumes,official_distributor,official_distributor,https://www.lattafa.my/perfumes/lattafa/ana-abiyedh-coral/,high,VERIFIED,ACCEPTED_TRANSLITERATION,Catalog 'عطر انا الابيض كورال 60 مل' aligns with official 'Ana Abiyedh Coral' via transliteration.,Replacement for ARD-4707 (image_duplicate_conflict); unique direct image 1080x1080.,https://www.lattafa.my/cdn/perfumes/lattafa/ana-abiyedh-coral-lattara-perfume-malaysia3-60ml-edp/large/image.jpg,"{'lattafa.com': 'official_manufacturer', 'www.lattafa.com': 'official_manufacturer', 'lattafa.my': 'official_distributor', 'www.lattafa.my': 'official_distributor', 'nahdionline.com': 'trusted_retailer', 'www.nahdionline.com': 'trusted_retailer', 'ecombe.nahdionline.com': 'trusted_retailer', 'dam.nahdionline.com': 'trusted_retailer', 'noon.com': 'trusted_retailer', 'www.noon.com': 'trusted_retailer', 'theislamshop.com': 'trusted_retailer', 'www.theislamshop.com': 'trusted_retailer', 'intenseoud.com': 'trusted_retailer', 'www.intenseoud.com': 'trusted_retailer', 'wholesale.intenseoud.com': 'trusted_retailer'}"
ARD-4273,عطر انغام 100 مل,Angham,Lattafa,100 مل,,Eau de Parfum,perfumes,official_distributor,official_distributor,https://www.lattafa.my/perfumes/lattafa/angham/,high,VERIFIED,ACCEPTED_TRANSLITERATION,Catalog 'عطر انغام 100 مل' aligns with official 'Angham' via transliteration.,Stage2 ready Lattafa Angham 100ml; widely listed on Lattafa USA / official shop.,https://www.lattafa.my/cdn/perfumes/lattafa/angham-by-lattafa-100ml-edp-wanita-malaysia/large/image.jpg,"{'lattafa.com': 'official_manufacturer', 'www.lattafa.com': 'official_manufacturer', 'lattafa.my': 'official_distributor', 'www.lattafa.my': 'official_distributor', 'nahdionline.com': 'trusted_retailer', 'www.nahdionline.com': 'trusted_retailer', 'ecombe.nahdionline.com': 'trusted_retailer', 'dam.nahdionline.com': 'trusted_retailer', 'noon.com': 'trusted_retailer', 'www.noon.com': 'trusted_retailer', 'theislamshop.com': 'trusted_retailer', 'www.theislamshop.com': 'trusted_retailer', 'intenseoud.com': 'trusted_retailer', 'www.intenseoud.com': 'trusted_retailer', 'wholesale.intenseoud.com': 'trusted_retailer'}"
ARD-4286,عطر مشربية 100 مل,Mashrabya,Lattafa,100 مل,,Eau de Parfum,perfumes,official_distributor,official_distributor,https://www.lattafa.my/perfumes/lattafa/mashrabya/,high,VERIFIED,ACCEPTED_TRANSLITERATION,Catalog 'عطر مشربية 100 مل' aligns with official 'Mashrabya' via transliteration.,Replacement for ARD-4296 (image_duplicate_conflict); unique direct image 1080x1080.,https://www.lattafa.my/cdn/9112dae0-6b6f-46e3-321b-d5f02c0d5300/large/image.jpg,"{'lattafa.com': 'official_manufacturer', 'www.lattafa.com': 'official_manufacturer', 'lattafa.my': 'official_distributor', 'www.lattafa.my': 'official_distributor', 'nahdionline.com': 'trusted_retailer', 'www.nahdionline.com': 'trusted_retailer', 'ecombe.nahdionline.com': 'trusted_retailer', 'dam.nahdionline.com': 'trusted_retailer', 'noon.com': 'trusted_retailer', 'www.noon.com': 'trusted_retailer', 'theislamshop.com': 'trusted_retailer', 'www.theislamshop.com': 'trusted_retailer', 'intenseoud.com': 'trusted_retailer', 'www.intenseoud.com': 'trusted_retailer', 'wholesale.intenseoud.com': 'trusted_retailer'}"
ARD-4300,معطر جو بديع العود ابيض 300 مل,Badee Al Oud White / Honor Air Freshener,Lattafa,300 مل,Badee Al Oud White,Air Freshener,home-linen-air,official_distributor,official_distributor,https://www.lattafa.my/perfumes/lattafa/badee-al-oud/,high,VERIFIED,ACCEPTED_TRANSLITERATION,Catalog 'معطر جو بديع العود ابيض 300 مل' aligns with official 'Badee Al Oud White / Honor Air Freshener' via transliteration.,Catalog معطر جو maps to Lattafa Badee Al Oud White 300ml air freshener line; corroborated via official Lattafa air-freshener catalog/gift-set listings.,https://www.lattafa.my/cdn/perfumes/lattafa/badee-al-oud-oud-glory-lattafa-100ml-edp-unisex-malaysia/large/image.jpg,"{'lattafa.com': 'official_manufacturer', 'www.lattafa.com': 'official_manufacturer', 'lattafa.my': 'official_distributor', 'www.lattafa.my': 'official_distributor', 'nahdionline.com': 'trusted_retailer', 'www.nahdionline.com': 'trusted_retailer', 'ecombe.nahdionline.com': 'trusted_retailer', 'dam.nahdionline.com': 'trusted_retailer', 'noon.com': 'trusted_retailer', 'www.noon.com': 'trusted_retailer', 'theislamshop.com': 'trusted_retailer', 'www.theislamshop.com': 'trusted_retailer', 'intenseoud.com': 'trusted_retailer', 'www.intenseoud.com': 'trusted_retailer', 'wholesale.intenseoud.com': 'trusted_retailer'}"
ARD-4336,عطر خمرة دخان 100 مل,Khamrah Dukhan,Lattafa,100 مل,,Eau de Parfum,perfumes,official_distributor,official_distributor,https://www.lattafa.my/perfumes/lattafa/khamrah-dukhan/,high,VERIFIED,ACCEPTED_TRANSLITERATION,Catalog 'عطر خمرة دخان 100 مل' aligns with official 'Khamrah Dukhan' via transliteration.,Replacement for ARD-3262 (image_duplicate_conflict); unique direct image 1080x1080.,https://www.lattafa.my/cdn/perfumes/lattafa/lattafa-khamrah-dukhan-malaysia-perfume5-100ml-edp/large/image.jpg,"{'lattafa.com': 'official_manufacturer', 'www.lattafa.com': 'official_manufacturer', 'lattafa.my': 'official_distributor', 'www.lattafa.my': 'official_distributor', 'nahdionline.com': 'trusted_retailer', 'www.nahdionline.com': 'trusted_retailer', 'ecombe.nahdionline.com': 'trusted_retailer', 'dam.nahdionline.com': 'trusted_retailer', 'noon.com': 'trusted_retailer', 'www.noon.com': 'trusted_retailer', 'theislamshop.com': 'trusted_retailer', 'www.theislamshop.com': 'trusted_retailer', 'intenseoud.com': 'trusted_retailer', 'www.intenseoud.com': 'trusted_retailer', 'wholesale.intenseoud.com': 'trusted_retailer'}"
ARD-4564,معطر جو ماهر 300 مل,Maahir Air Freshener,Lattafa,300 مل,Maahir,Air Freshener,home-linen-air,official_distributor,official_distributor,https://www.lattafa.my/perfumes/lattafa/maahir/,high,VERIFIED,ACCEPTED_TRANSLITERATION,Catalog 'معطر جو ماهر 300 مل' aligns with official 'Maahir Air Freshener' via transliteration.,Catalog معطر جو maps to Lattafa Maahir 300ml air freshener line; corroborated via official Lattafa air-freshener catalog/gift-set listings.,https://www.lattafa.my/cdn/perfumes/lattafa/maahir-by-lattafa-100ml-edp-men-malaysia/large/image.jpg,"{'lattafa.com': 'official_manufacturer', 'www.lattafa.com': 'official_manufacturer', 'lattafa.my': 'official_distributor', 'www.lattafa.my': 'official_distributor', 'nahdionline.com': 'trusted_retailer', 'www.nahdionline.com': 'trusted_retailer', 'ecombe.nahdionline.com': 'trusted_retailer', 'dam.nahdionline.com': 'trusted_retailer', 'noon.com': 'trusted_retailer', 'www.noon.com': 'trusted_retailer', 'theislamshop.com': 'trusted_retailer', 'www.theislamshop.com': 'trusted_retailer', 'intenseoud.com': 'trusted_retailer', 'www.intenseoud.com': 'trusted_retailer', 'wholesale.intenseoud.com': 'trusted_retailer'}"
ARD-463,عطر روعة العود,Rouat Al Oud,Lattafa,100 مل,,Eau de Parfum,perfumes,official_distributor,official_distributor,https://www.lattafa.my/perfumes/lattafa/rouat-al-oud/,high,VERIFIED,ACCEPTED_TRANSLITERATION,Catalog روعة العود = Rouat Al Oud.,catalog_identity_mismatch_reconcile Option A: restored Rouat Al Oud for same SKU.,https://www.lattafa.my/cdn/perfumes/lattafa/lattafa-rouat-al-oud-100ml-edp/large/image.jpg,"{'lattafa.com': 'official_manufacturer', 'www.lattafa.com': 'official_manufacturer', 'lattafa.my': 'official_distributor', 'www.lattafa.my': 'official_distributor', 'nahdionline.com': 'trusted_retailer', 'www.nahdionline.com': 'trusted_retailer', 'ecombe.nahdionline.com': 'trusted_retailer', 'dam.nahdionline.com': 'trusted_retailer', 'noon.com': 'trusted_retailer', 'www.noon.com': 'trusted_retailer', 'theislamshop.com': 'trusted_retailer', 'www.theislamshop.com': 'trusted_retailer', 'intenseoud.com': 'trusted_retailer', 'www.intenseoud.com': 'trusted_retailer', 'wholesale.intenseoud.com': 'trusted_retailer'}"
ARD-4637,عطر اسد بوربون,Asad Bourbon,Lattafa,100 مل,,Eau de Parfum,perfumes,official_distributor,official_distributor,https://www.lattafa.my/perfumes/lattafa/asad-bourbon/,high,VERIFIED,ACCEPTED_TRANSLITERATION,Catalog 'عطر اسد بوربون' aligns with official 'Asad Bourbon' via transliteration.,Replacement for ARD-4482 (image_duplicate_conflict); unique direct image 1080x1080.,https://www.lattafa.my/cdn/perfumes/lattafa/asad-bourbon-by-lattafa-100ml-edp-men-malaysia/large/image.jpg,"{'lattafa.com': 'official_manufacturer', 'www.lattafa.com': 'official_manufacturer', 'lattafa.my': 'official_distributor', 'www.lattafa.my': 'official_distributor', 'nahdionline.com': 'trusted_retailer', 'www.nahdionline.com': 'trusted_retailer', 'ecombe.nahdionline.com': 'trusted_retailer', 'dam.nahdionline.com': 'trusted_retailer', 'noon.com': 'trusted_retailer', 'www.noon.com': 'trusted_retailer', 'theislamshop.com': 'trusted_retailer', 'www.theislamshop.com': 'trusted_retailer', 'intenseoud.com': 'trusted_retailer', 'www.intenseoud.com': 'trusted_retailer', 'wholesale.intenseoud.com': 'trusted_retailer'}"
ARD-465,عطر قمة النساء,Qimmah for Women,Lattafa,100 مل,for Women,Eau de Parfum,perfumes,official_distributor,official_distributor,https://www.lattafa-ca.com/p/qimmah/,high,VERIFIED,ACCEPTED_TRANSLITERATION,Catalog قمة النساء = Qimmah for Women.,catalog_identity_mismatch_reconcile Option A: restored Qimmah for Women; image from lattafa-ca.,https://www.lattafa-ca.com/wp-content/uploads/lattafa-womens-fragrances/6291107450605.png,"{'lattafa.com': 'official_manufacturer', 'www.lattafa.com': 'official_manufacturer', 'lattafa.my': 'official_distributor', 'www.lattafa.my': 'official_distributor', 'nahdionline.com': 'trusted_retailer', 'www.nahdionline.com': 'trusted_retailer', 'ecombe.nahdionline.com': 'trusted_retailer', 'dam.nahdionline.com': 'trusted_retailer', 'noon.com': 'trusted_retailer', 'www.noon.com': 'trusted_retailer', 'theislamshop.com': 'trusted_retailer', 'www.theislamshop.com': 'trusted_retailer', 'intenseoud.com': 'trusted_retailer', 'www.intenseoud.com': 'trusted_retailer', 'wholesale.intenseoud.com': 'trusted_retailer'}"
ARD-466,عطر رغبه للنساء,Raghba,Lattafa,100 مل,,Eau de Parfum,perfumes,official_distributor,official_distributor,https://www.lattafa.my/perfumes/lattafa/raghba/,high,VERIFIED,ACCEPTED_TRANSLITERATION,Catalog رغبه للنساء maps to classic Lattafa Raghba (women-leaning unisex line).,catalog_identity_mismatch_reconcile Option A: restored classic Raghba for women's catalog row.,https://www.lattafa.my/cdn/perfumes/lattafa/raghba-lattafa-100ml-edp-unisex-perfume-malaysia/large/image.jpg,"{'lattafa.com': 'official_manufacturer', 'www.lattafa.com': 'official_manufacturer', 'lattafa.my': 'official_distributor', 'www.lattafa.my': 'official_distributor', 'nahdionline.com': 'trusted_retailer', 'www.nahdionline.com': 'trusted_retailer', 'ecombe.nahdionline.com': 'trusted_retailer', 'dam.nahdionline.com': 'trusted_retailer', 'noon.com': 'trusted_retailer', 'www.noon.com': 'trusted_retailer', 'theislamshop.com': 'trusted_retailer', 'www.theislamshop.com': 'trusted_retailer', 'intenseoud.com': 'trusted_retailer', 'www.intenseoud.com': 'trusted_retailer', 'wholesale.intenseoud.com': 'trusted_retailer'}"
ARD-4660,عطر ليان 75 مل,Layaan,Lattafa,75 مل,,Eau de Parfum,perfumes,official_distributor,official_distributor,https://www.lattafa.my/perfumes/lattafa/layaan/,high,VERIFIED,ACCEPTED_TRANSLITERATION,Catalog 'عطر ليان 75 مل' aligns with official 'Layaan' via transliteration.,Replacement for ARD-2669 (image_duplicate_conflict); unique direct image 1080x1080.,https://www.lattafa.my/cdn/perfumes/lattafa/layaan-100ml-edp-by-lattafa-75ml/large/image.jpg,"{'lattafa.com': 'official_manufacturer', 'www.lattafa.com': 'official_manufacturer', 'lattafa.my': 'official_distributor', 'www.lattafa.my': 'official_distributor', 'nahdionline.com': 'trusted_retailer', 'www.nahdionline.com': 'trusted_retailer', 'ecombe.nahdionline.com': 'trusted_retailer', 'dam.nahdionline.com': 'trusted_retailer', 'noon.com': 'trusted_retailer', 'www.noon.com': 'trusted_retailer', 'theislamshop.com': 'trusted_retailer', 'www.theislamshop.com': 'trusted_retailer', 'intenseoud.com': 'trusted_retailer', 'www.intenseoud.com': 'trusted_retailer', 'wholesale.intenseoud.com': 'trusted_retailer'}"
ARD-4664,عطر نبراس الكسير 100 مل / لطافة برايد,Nebras Elixir,Lattafa Pride,100 مل,,Eau de Parfum,perfumes,official_distributor,official_distributor,https://www.lattafa.my/perfumes/lattafa/nebras-elixir/,high,VERIFIED,ACCEPTED_TRANSLITERATION,Catalog 'عطر نبراس الكسير 100 مل / لطافة برايد' aligns with official 'Nebras Elixir' via transliteration.,image_size_or_format_mismatch: Najdia 30ml used 100ml image; replaced with Stage2 Nebras Elixir 100ml EDP.,https://www.lattafa.my/cdn/perfumes/lattafa/nebras-elixir-lattafa-100ml-edp-women-malaysia/large/image.jpg,"{'lattafa.com': 'official_manufacturer', 'www.lattafa.com': 'official_manufacturer', 'lattafa.my': 'official_distributor', 'www.lattafa.my': 'official_distributor', 'nahdionline.com': 'trusted_retailer', 'www.nahdionline.com': 'trusted_retailer', 'ecombe.nahdionline.com': 'trusted_retailer', 'dam.nahdionline.com': 'trusted_retailer', 'noon.com': 'trusted_retailer', 'www.noon.com': 'trusted_retailer', 'theislamshop.com': 'trusted_retailer', 'www.theislamshop.com': 'trusted_retailer', 'intenseoud.com': 'trusted_retailer', 'www.intenseoud.com': 'trusted_retailer', 'wholesale.intenseoud.com': 'trusted_retailer'}"
ARD-467,عطر مسك مود,Musk Mood,Lattafa,100 مل,,Eau de Parfum,musk-oils-mukhammaria,official_distributor,official_distributor,https://www.lattafa.my/perfumes/lattafa/musk-mood/,high,VERIFIED,ACCEPTED_TRANSLITERATION,Catalog 'عطر مسك مود' aligns with official 'Musk Mood' via transliteration.,image_size_or_format_mismatch: replaced Musk Mood body spray/deo 200ml with Stage2 Musk Mood EDP matching existing EDP image.,https://www.lattafa.my/cdn/perfumes/lattafa/musk-mood-edp-100ml/large/image.jpg,"{'lattafa.com': 'official_manufacturer', 'www.lattafa.com': 'official_manufacturer', 'lattafa.my': 'official_distributor', 'www.lattafa.my': 'official_distributor', 'nahdionline.com': 'trusted_retailer', 'www.nahdionline.com': 'trusted_retailer', 'ecombe.nahdionline.com': 'trusted_retailer', 'dam.nahdionline.com': 'trusted_retailer', 'noon.com': 'trusted_retailer', 'www.noon.com': 'trusted_retailer', 'theislamshop.com': 'trusted_retailer', 'www.theislamshop.com': 'trusted_retailer', 'intenseoud.com': 'trusted_retailer', 'www.intenseoud.com': 'trusted_retailer', 'wholesale.intenseoud.com': 'trusted_retailer'}"
ARD-4680,عطر شهد كبير 150 مل,Shahd,Lattafa,150 مل,,Eau de Parfum,perfumes,official_distributor,official_distributor,https://www.lattafa.my/perfumes/lattafa/shahd/,high,VERIFIED,ACCEPTED_TRANSLITERATION,Catalog 'عطر شهد كبير 150 مل' aligns with official 'Shahd' via transliteration.,Replacement for ARD-1924 (image_duplicate_conflict); unique direct image 1080x1080.,https://www.lattafa.my/cdn/perfumes/lattafa/shahd-by-lattafa-100ml-edp-wanita-malaysia/large/image.jpg,"{'lattafa.com': 'official_manufacturer', 'www.lattafa.com': 'official_manufacturer', 'lattafa.my': 'official_distributor', 'www.lattafa.my': 'official_distributor', 'nahdionline.com': 'trusted_retailer', 'www.nahdionline.com': 'trusted_retailer', 'ecombe.nahdionline.com': 'trusted_retailer', 'dam.nahdionline.com': 'trusted_retailer', 'noon.com': 'trusted_retailer', 'www.noon.com': 'trusted_retailer', 'theislamshop.com': 'trusted_retailer', 'www.theislamshop.com': 'trusted_retailer', 'intenseoud.com': 'trusted_retailer', 'www.intenseoud.com': 'trusted_retailer', 'wholesale.intenseoud.com': 'trusted_retailer'}"
ARD-4685,عطر اسد الكسير 100 مل,Asad Elixir,Lattafa,100 مل,,Eau de Parfum,perfumes,official_distributor,official_distributor,https://www.lattafa.my/perfumes/lattafa/asad-elixir/,high,VERIFIED,ACCEPTED_TRANSLITERATION,Catalog 'عطر اسد الكسير 100 مل' aligns with official 'Asad Elixir' via transliteration.,Replacement for ARD-4157 (image_duplicate_conflict); unique direct image 1080x1080.,https://www.lattafa.my/cdn/perfumes/lattafa/asad-elixir-lattafa-perfume-lelaki-amber-spicy-100ml-edp/large/image.jpg,"{'lattafa.com': 'official_manufacturer', 'www.lattafa.com': 'official_manufacturer', 'lattafa.my': 'official_distributor', 'www.lattafa.my': 'official_distributor', 'nahdionline.com': 'trusted_retailer', 'www.nahdionline.com': 'trusted_retailer', 'ecombe.nahdionline.com': 'trusted_retailer', 'dam.nahdionline.com': 'trusted_retailer', 'noon.com': 'trusted_retailer', 'www.noon.com': 'trusted_retailer', 'theislamshop.com': 'trusted_retailer', 'www.theislamshop.com': 'trusted_retailer', 'intenseoud.com': 'trusted_retailer', 'www.intenseoud.com': 'trusted_retailer', 'wholesale.intenseoud.com': 'trusted_retailer'}"
ARD-4686,عطر يارا الكسير 100 مل,Yara Elixir,Lattafa,100 مل,,Eau de Parfum,perfumes,official_distributor,official_distributor,https://www.lattafa.my/perfumes/lattafa/yara-elixir/,high,VERIFIED,ACCEPTED_TRANSLITERATION,Catalog 'عطر يارا الكسير 100 مل' aligns with official 'Yara Elixir' via transliteration.,Replacement for ARD-4297 (image_duplicate_conflict); unique direct image 1080x1080.,https://www.lattafa.my/cdn/perfumes/lattafa/yara-elixir-lattafa-perfume-wanita-floral-sweet-100ml-edp/large/image.jpg,"{'lattafa.com': 'official_manufacturer', 'www.lattafa.com': 'official_manufacturer', 'lattafa.my': 'official_distributor', 'www.lattafa.my': 'official_distributor', 'nahdionline.com': 'trusted_retailer', 'www.nahdionline.com': 'trusted_retailer', 'ecombe.nahdionline.com': 'trusted_retailer', 'dam.nahdionline.com': 'trusted_retailer', 'noon.com': 'trusted_retailer', 'www.noon.com': 'trusted_retailer', 'theislamshop.com': 'trusted_retailer', 'www.theislamshop.com': 'trusted_retailer', 'intenseoud.com': 'trusted_retailer', 'www.intenseoud.com': 'trusted_retailer', 'wholesale.intenseoud.com': 'trusted_retailer'}"
ARD-4750,معطر جو اكلاير 300 مل,Eclaire Air Freshener,Lattafa,300 مل,Eclaire,Air Freshener,home-linen-air,official_manufacturer,official_distributor,https://lattafa.com/shop/,medium,VERIFIED,ACCEPTED_TRANSLITERATION,Catalog 'معطر جو اكلاير 300 مل' aligns with official 'Eclaire Air Freshener' via transliteration.,Catalog معطر جو maps to Lattafa Eclaire 300ml air freshener line; corroborated via official Lattafa air-freshener catalog/gift-set listings. | image unresolved in enrichment pass,https://www.lattafa.my/cdn/perfumes/lattafa/eclaire-lattafa-perfume-wanita-creamy-vanilla-100ml-edp/large/image.jpg,"{'lattafa.com': 'official_manufacturer', 'www.lattafa.com': 'official_manufacturer', 'lattafa.my': 'official_distributor', 'www.lattafa.my': 'official_distributor', 'nahdionline.com': 'trusted_retailer', 'www.nahdionline.com': 'trusted_retailer', 'ecombe.nahdionline.com': 'trusted_retailer', 'dam.nahdionline.com': 'trusted_retailer', 'noon.com': 'trusted_retailer', 'www.noon.com': 'trusted_retailer', 'theislamshop.com': 'trusted_retailer', 'www.theislamshop.com': 'trusted_retailer', 'intenseoud.com': 'trusted_retailer', 'www.intenseoud.com': 'trusted_retailer', 'wholesale.intenseoud.com': 'trusted_retailer'}"
ARD-4751,معطر جو مسمم ابيض 300 مل,Musamam White Air Freshener,Lattafa,300 مل,Musamam White,Air Freshener,home-linen-air,official_manufacturer,official_distributor,https://lattafa.com/shop/,medium,VERIFIED,ACCEPTED_TRANSLITERATION,Catalog 'معطر جو مسمم ابيض 300 مل' aligns with official 'Musamam White Air Freshener' via transliteration.,Catalog معطر جو maps to Lattafa Musamam White 300ml air freshener line; corroborated via official Lattafa air-freshener catalog/gift-set listings. | image unresolved in enrichment pass,https://www.lattafa.my/cdn/2500f219-abd0-40ea-4478-75307cb9eb00/large/image.jpg,"{'lattafa.com': 'official_manufacturer', 'www.lattafa.com': 'official_manufacturer', 'lattafa.my': 'official_distributor', 'www.lattafa.my': 'official_distributor', 'nahdionline.com': 'trusted_retailer', 'www.nahdionline.com': 'trusted_retailer', 'ecombe.nahdionline.com': 'trusted_retailer', 'dam.nahdionline.com': 'trusted_retailer', 'noon.com': 'trusted_retailer', 'www.noon.com': 'trusted_retailer', 'theislamshop.com': 'trusted_retailer', 'www.theislamshop.com': 'trusted_retailer', 'intenseoud.com': 'trusted_retailer', 'www.intenseoud.com': 'trusted_retailer', 'wholesale.intenseoud.com': 'trusted_retailer'}"
ARD-4752,معطر جو بديع العود نوبل بلوش 300 مل,Badee Al Oud Noble Blush Air Freshener / Mist,Lattafa,300 مل,Noble Blush,Air Freshener,home-linen-air,official_distributor,official_distributor,https://www.lattafa.my/perfumes/lattafa/badee-al-oud-noble-blush/,high,VERIFIED,ACCEPTED_TRANSLITERATION,Catalog 'معطر جو بديع العود نوبل بلوش 300 مل' aligns with official 'Badee Al Oud Noble Blush Air Freshener / Mist' via transliteration.,Catalog معطر جو maps to Lattafa Noble Blush 300ml air freshener line; corroborated via official Lattafa air-freshener catalog/gift-set listings.,https://www.lattafa.my/cdn/perfumes/lattafa/imgi74noble65739dbc-41c7-4f6e-92b7-de630ed83ccb-100ml-edp/large/image.jpg,"{'lattafa.com': 'official_manufacturer', 'www.lattafa.com': 'official_manufacturer', 'lattafa.my': 'official_distributor', 'www.lattafa.my': 'official_distributor', 'nahdionline.com': 'trusted_retailer', 'www.nahdionline.com': 'trusted_retailer', 'ecombe.nahdionline.com': 'trusted_retailer', 'dam.nahdionline.com': 'trusted_retailer', 'noon.com': 'trusted_retailer', 'www.noon.com': 'trusted_retailer', 'theislamshop.com': 'trusted_retailer', 'www.theislamshop.com': 'trusted_retailer', 'intenseoud.com': 'trusted_retailer', 'www.intenseoud.com': 'trusted_retailer', 'wholesale.intenseoud.com': 'trusted_retailer'}"
ARD-4770,عطر انا الابيض سكارليت 100 مل,Ana Abiyedh Scarlet,Lattafa,100 مل,,Eau de Parfum,perfumes,official_distributor,official_distributor,https://www.lattafa.my/perfumes/lattafa/ana-abiyedh-scarlet/,high,VERIFIED,ACCEPTED_TRANSLITERATION,Catalog 'عطر انا الابيض سكارليت 100 مل' aligns with official 'Ana Abiyedh Scarlet' via transliteration.,image_size_or_format_mismatch: replaced Ana Abiyedh Rouge deo 200ml (EDP image) with Stage2 Ana Abiyedh Scarlet EDP + matching unique image.,https://www.lattafa.my/cdn/perfumes/lattafa/ana-abiyedh-scarlet-lattafa-edp-bottle-60ml/large/image.jpg,"{'lattafa.com': 'official_manufacturer', 'www.lattafa.com': 'official_manufacturer', 'lattafa.my': 'official_distributor', 'www.lattafa.my': 'official_distributor', 'nahdionline.com': 'trusted_retailer', 'www.nahdionline.com': 'trusted_retailer', 'ecombe.nahdionline.com': 'trusted_retailer', 'dam.nahdionline.com': 'trusted_retailer', 'noon.com': 'trusted_retailer', 'www.noon.com': 'trusted_retailer', 'theislamshop.com': 'trusted_retailer', 'www.theislamshop.com': 'trusted_retailer', 'intenseoud.com': 'trusted_retailer', 'www.intenseoud.com': 'trusted_retailer', 'wholesale.intenseoud.com': 'trusted_retailer'}"
ARD-479,عطر قمة رجالي,Qimmah for Men,Lattafa,100 مل,for Men,Eau de Parfum,perfumes,official_distributor,official_distributor,https://www.lattafa.my/perfumes/lattafa/qimmah-men/,high,VERIFIED,ACCEPTED_TRANSLITERATION,Catalog قمة رجالي = Qimmah for Men.,catalog_identity_mismatch_reconcile Option A: restored Qimmah for Men for same SKU.,https://www.lattafa.my/cdn/lattafa-qimmah-eau-de-parfum-for-men-100ml-3/large/image.jpg,"{'lattafa.com': 'official_manufacturer', 'www.lattafa.com': 'official_manufacturer', 'lattafa.my': 'official_distributor', 'www.lattafa.my': 'official_distributor', 'nahdionline.com': 'trusted_retailer', 'www.nahdionline.com': 'trusted_retailer', 'ecombe.nahdionline.com': 'trusted_retailer', 'dam.nahdionline.com': 'trusted_retailer', 'noon.com': 'trusted_retailer', 'www.noon.com': 'trusted_retailer', 'theislamshop.com': 'trusted_retailer', 'www.theislamshop.com': 'trusted_retailer', 'intenseoud.com': 'trusted_retailer', 'www.intenseoud.com': 'trusted_retailer', 'wholesale.intenseoud.com': 'trusted_retailer'}"
ARD-4792,عطر مسمم اسود انتنس,Musamam Intense,Lattafa,100 مل,,Eau de Parfum,perfumes,official_distributor,official_distributor,https://www.lattafa.my/perfumes/lattafa/musamam-intense/,high,VERIFIED,ACCEPTED_TRANSLITERATION,Catalog 'عطر مسمم اسود انتنس' aligns with official 'Musamam Intense' via transliteration.,image_size_or_format_mismatch: Lail Maleki 30ml used 100ml image; no verified exact 30ml ≥600px; replaced with Stage2 Musamam Intense EDP. | image_duplicate_conflict_musamam: reimaged with distinct Musamam Intense EDP bottle URL; ARD-4751 air-freshener kept prior image.,https://www.lattafa.my/cdn/f7d77bd7-d1b7-4e28-1d68-10abd9050800/large/image.jpg,"{'lattafa.com': 'official_manufacturer', 'www.lattafa.com': 'official_manufacturer', 'lattafa.my': 'official_distributor', 'www.lattafa.my': 'official_distributor', 'nahdionline.com': 'trusted_retailer', 'www.nahdionline.com': 'trusted_retailer', 'ecombe.nahdionline.com': 'trusted_retailer', 'dam.nahdionline.com': 'trusted_retailer', 'noon.com': 'trusted_retailer', 'www.noon.com': 'trusted_retailer', 'theislamshop.com': 'trusted_retailer', 'www.theislamshop.com': 'trusted_retailer', 'intenseoud.com': 'trusted_retailer', 'www.intenseoud.com': 'trusted_retailer', 'wholesale.intenseoud.com': 'trusted_retailer'}"
ARD-4807,معطر جو نبراس 300 مل / لطافة برايد,Nebras Air Freshener (Lattafa Pride),Lattafa,300 مل,Lattafa Pride,Air Freshener,home-linen-air,official_distributor,official_distributor,https://www.lattafa.my/perfumes/lattafa/nebras/,high,VERIFIED,ACCEPTED_TRANSLITERATION,Catalog 'معطر جو نبراس 300 مل / لطافة برايد' aligns with official 'Nebras Air Freshener (Lattafa Pride)' via transliteration.,,https://www.lattafa.my/cdn/perfumes/lattafa/nebras-lattafa-pride-100ml-edp-women-malaysia/large/image.jpg,"{'lattafa.com': 'official_manufacturer', 'www.lattafa.com': 'official_manufacturer', 'lattafa.my': 'official_distributor', 'www.lattafa.my': 'official_distributor', 'nahdionline.com': 'trusted_retailer', 'www.nahdionline.com': 'trusted_retailer', 'ecombe.nahdionline.com': 'trusted_retailer', 'dam.nahdionline.com': 'trusted_retailer', 'noon.com': 'trusted_retailer', 'www.noon.com': 'trusted_retailer', 'theislamshop.com': 'trusted_retailer', 'www.theislamshop.com': 'trusted_retailer', 'intenseoud.com': 'trusted_retailer', 'www.intenseoud.com': 'trusted_retailer', 'wholesale.intenseoud.com': 'trusted_retailer'}"
ARD-5036,عطر ماهر هونور 100 مل,Maahir Honor,Lattafa,100 مل,,Eau de Parfum,perfumes,official_distributor,official_distributor,https://www.lattafa.my/perfumes/lattafa/maahir-honor/,high,VERIFIED,ACCEPTED_TRANSLITERATION,Catalog 'عطر ماهر هونور 100 مل' aligns with official 'Maahir Honor' via transliteration.,Replacement for ARD-4551 (image_duplicate_conflict); unique direct image 1080x1080.,https://www.lattafa.my/cdn/maahir-honor-100ml-by-lattafa-3/large/image.jpg,"{'lattafa.com': 'official_manufacturer', 'www.lattafa.com': 'official_manufacturer', 'lattafa.my': 'official_distributor', 'www.lattafa.my': 'official_distributor', 'nahdionline.com': 'trusted_retailer', 'www.nahdionline.com': 'trusted_retailer', 'ecombe.nahdionline.com': 'trusted_retailer', 'dam.nahdionline.com': 'trusted_retailer', 'noon.com': 'trusted_retailer', 'www.noon.com': 'trusted_retailer', 'theislamshop.com': 'trusted_retailer', 'www.theislamshop.com': 'trusted_retailer', 'intenseoud.com': 'trusted_retailer', 'www.intenseoud.com': 'trusted_retailer', 'wholesale.intenseoud.com': 'trusted_retailer'}"
ARD-5058,عطر خمرة واحة 100 مل,Khamrah Waha,Lattafa,100 مل,,Eau de Parfum,perfumes,official_distributor,official_distributor,https://www.lattafa.my/perfumes/lattafa/khamrah-waha/,high,VERIFIED,ACCEPTED_TRANSLITERATION,Catalog 'عطر خمرة واحة 100 مل' aligns with official 'Khamrah Waha' via transliteration.,Replacement for ARD-3900 (image_duplicate_conflict); unique direct image 1080x1080.,https://www.lattafa.my/cdn/khamrah-waha-lattafa-perfumes-100ml-edp-11/large/image.jpg,"{'lattafa.com': 'official_manufacturer', 'www.lattafa.com': 'official_manufacturer', 'lattafa.my': 'official_distributor', 'www.lattafa.my': 'official_distributor', 'nahdionline.com': 'trusted_retailer', 'www.nahdionline.com': 'trusted_retailer', 'ecombe.nahdionline.com': 'trusted_retailer', 'dam.nahdionline.com': 'trusted_retailer', 'noon.com': 'trusted_retailer', 'www.noon.com': 'trusted_retailer', 'theislamshop.com': 'trusted_retailer', 'www.theislamshop.com': 'trusted_retailer', 'intenseoud.com': 'trusted_retailer', 'www.intenseoud.com': 'trusted_retailer', 'wholesale.intenseoud.com': 'trusted_retailer'}"
ARD-663,عطر انا الابيض روج,Ana Abiyedh Rouge,Lattafa,100 مل,Rouge,Eau de Parfum,perfumes,official_distributor,official_distributor,https://www.lattafa.my/perfumes/lattafa/ana-abiyedh-rouge/,high,VERIFIED,ACCEPTED_TRANSLITERATION,Catalog انا الابيض روج = Ana Abiyedh Rouge.,catalog_identity_mismatch_reconcile Option A: restored Ana Abiyedh Rouge for same SKU.,https://www.lattafa.my/cdn/perfumes/lattafa/ana-abiyedh-rouge-lattafa-100ml-edp-unisex-perfume-malaysia-1/large/image.jpg,"{'lattafa.com': 'official_manufacturer', 'www.lattafa.com': 'official_manufacturer', 'lattafa.my': 'official_distributor', 'www.lattafa.my': 'official_distributor', 'nahdionline.com': 'trusted_retailer', 'www.nahdionline.com': 'trusted_retailer', 'ecombe.nahdionline.com': 'trusted_retailer', 'dam.nahdionline.com': 'trusted_retailer', 'noon.com': 'trusted_retailer', 'www.noon.com': 'trusted_retailer', 'theislamshop.com': 'trusted_retailer', 'www.theislamshop.com': 'trusted_retailer', 'intenseoud.com': 'trusted_retailer', 'www.intenseoud.com': 'trusted_retailer', 'wholesale.intenseoud.com': 'trusted_retailer'}"
ARD-715,عطر رمز لطافه ذهبي,Ramz Gold,Lattafa,100 مل,Gold,Eau de Parfum,perfumes,official_distributor,official_distributor,https://www.lattafa.my/perfumes/lattafa/ramz-gold/,high,VERIFIED,ACCEPTED_TRANSLITERATION,Catalog رمز لطافه ذهبي = Ramz Gold.,catalog_identity_mismatch_reconcile Option A: restored Ramz Gold for same SKU.,https://www.lattafa.my/cdn/perfumes/lattafa/ramz-gold-100ml-edp-men-by-lattafa-perfumes/large/image.jpg,"{'lattafa.com': 'official_manufacturer', 'www.lattafa.com': 'official_manufacturer', 'lattafa.my': 'official_distributor', 'www.lattafa.my': 'official_distributor', 'nahdionline.com': 'trusted_retailer', 'www.nahdionline.com': 'trusted_retailer', 'ecombe.nahdionline.com': 'trusted_retailer', 'dam.nahdionline.com': 'trusted_retailer', 'noon.com': 'trusted_retailer', 'www.noon.com': 'trusted_retailer', 'theislamshop.com': 'trusted_retailer', 'www.theislamshop.com': 'trusted_retailer', 'intenseoud.com': 'trusted_retailer', 'www.intenseoud.com': 'trusted_retailer', 'wholesale.intenseoud.com': 'trusted_retailer'}"
ARD-766,عطر اوراق العود,Awraq Al Oud,Lattafa,100 مل,,Eau de Parfum,perfumes,official_distributor,official_distributor,https://www.lattafa.my/perfumes/lattafa/awraq-al-oud/,high,VERIFIED,ACCEPTED_TRANSLITERATION,Catalog اوراق العود = Awraq Al Oud.,catalog_identity_mismatch_reconcile Option A: restored Awraq Al Oud for same SKU.,https://www.lattafa.my/cdn/perfumes/lattafa/awraq-al-oud-lattafa-perfume-box-100ml-edp/large/image.jpg,"{'lattafa.com': 'official_manufacturer', 'www.lattafa.com': 'official_manufacturer', 'lattafa.my': 'official_distributor', 'www.lattafa.my': 'official_distributor', 'nahdionline.com': 'trusted_retailer', 'www.nahdionline.com': 'trusted_retailer', 'ecombe.nahdionline.com': 'trusted_retailer', 'dam.nahdionline.com': 'trusted_retailer', 'noon.com': 'trusted_retailer', 'www.noon.com': 'trusted_retailer', 'theislamshop.com': 'trusted_retailer', 'www.theislamshop.com': 'trusted_retailer', 'intenseoud.com': 'trusted_retailer', 'www.intenseoud.com': 'trusted_retailer', 'wholesale.intenseoud.com': 'trusted_retailer'}"
ARD-775,عطر مسك السلامه,Salamah Musk,Lattafa,100 مل,,Musk / Concentrated,musk-oils-mukhammaria,official_distributor,official_distributor,https://www.lattafa.my/perfumes/lattafa/salamah/,high,VERIFIED,ACCEPTED_TRANSLITERATION,Catalog مسك السلامه = Salamah Musk.,Replacement for ARD-4565 (image_duplicate_conflict); unique direct image 1080x1080.,https://www.lattafa.my/cdn/perfumes/lattafa/salamah-by-lattafa-100ml-edp-unisex-perfume-malaysia-1/large/image.jpg,"{'lattafa.com': 'official_manufacturer', 'www.lattafa.com': 'official_manufacturer', 'lattafa.my': 'official_distributor', 'www.lattafa.my': 'official_distributor', 'nahdionline.com': 'trusted_retailer', 'www.nahdionline.com': 'trusted_retailer', 'ecombe.nahdionline.com': 'trusted_retailer', 'dam.nahdionline.com': 'trusted_retailer', 'noon.com': 'trusted_retailer', 'www.noon.com': 'trusted_retailer', 'theislamshop.com': 'trusted_retailer', 'www.theislamshop.com': 'trusted_retailer', 'intenseoud.com': 'trusted_retailer', 'www.intenseoud.com': 'trusted_retailer', 'wholesale.intenseoud.com': 'trusted_retailer'}"
ARD-823,عطر شيخ الشيوخ,Sheikh Al Shuyukh,Lattafa,100 مل,,Eau de Parfum,perfumes,official_distributor,official_distributor,https://www.lattafa.my/perfumes/lattafa/sheikh-al-shuyukh/,high,VERIFIED,ACCEPTED_TRANSLITERATION,Catalog شيخ الشيوخ = Sheikh Al Shuyukh classic (image shows common 50ml bottle listing).,catalog_identity_mismatch_reconcile Option A: restored Sheikh Al Shuyukh for same SKU.,https://www.lattafa.my/cdn/perfumes/lattafa/sheikh-al-shuyukh-lattafa-50ml-edp-men-perfume-malaysia/large/image.jpg,"{'lattafa.com': 'official_manufacturer', 'www.lattafa.com': 'official_manufacturer', 'lattafa.my': 'official_distributor', 'www.lattafa.my': 'official_distributor', 'nahdionline.com': 'trusted_retailer', 'www.nahdionline.com': 'trusted_retailer', 'ecombe.nahdionline.com': 'trusted_retailer', 'dam.nahdionline.com': 'trusted_retailer', 'noon.com': 'trusted_retailer', 'www.noon.com': 'trusted_retailer', 'theislamshop.com': 'trusted_retailer', 'www.theislamshop.com': 'trusted_retailer', 'intenseoud.com': 'trusted_retailer', 'www.intenseoud.com': 'trusted_retailer', 'wholesale.intenseoud.com': 'trusted_retailer'}"
ARD-92,عطر شيخ الشيوخ المركز 80 مل,Sheikh Al Shuyukh Concentrated,Lattafa,80 مل,Concentrated,Eau de Parfum,perfumes,official_distributor,official_distributor,https://www.lattafa.my/perfumes/lattafa/sheikh-al-shuyukh-concentrated/,high,VERIFIED,ACCEPTED_TRANSLITERATION,Catalog شيخ الشيوخ المركز = Lattafa Sheikh Al Shuyukh Concentrated; keep SKU/price/80ml catalog size.,catalog_identity_mismatch_reconcile Option A: restored Sheikh Al Shuyukh Concentrated identity+image for same SKU.,https://www.lattafa.my/cdn/perfumes/lattafa/sheikh-al-shuyukh-concentrated-lattafa-perfume-lelaki-oud-amber-100ml-edp/large/image.jpg,"{'lattafa.com': 'official_manufacturer', 'www.lattafa.com': 'official_manufacturer', 'lattafa.my': 'official_distributor', 'www.lattafa.my': 'official_distributor', 'nahdionline.com': 'trusted_retailer', 'www.nahdionline.com': 'trusted_retailer', 'ecombe.nahdionline.com': 'trusted_retailer', 'dam.nahdionline.com': 'trusted_retailer', 'noon.com': 'trusted_retailer', 'www.noon.com': 'trusted_retailer', 'theislamshop.com': 'trusted_retailer', 'www.theislamshop.com': 'trusted_retailer', 'intenseoud.com': 'trusted_retailer', 'www.intenseoud.com': 'trusted_retailer', 'wholesale.intenseoud.com': 'trusted_retailer'}"
ARD-957,عطر 24 قيراط ذهبي,24 Carat Pure Gold,Lattafa,100 مل,Pure Gold,Eau de Parfum,perfumes,official_distributor,official_distributor,https://www.lattafa-ca.com/p/24-carat-pure-gold/,high,VERIFIED,ACCEPTED_TRANSLITERATION,Catalog 24 قيراط ذهبي = 24 Carat Pure Gold.,catalog_identity_mismatch_reconcile Option A: restored 24 Carat Pure Gold; image from lattafa-ca.,https://www.lattafa-ca.com/wp-content/uploads/lattafa-mens-fragrances/6291106063998.png,"{'lattafa.com': 'official_manufacturer', 'www.lattafa.com': 'official_manufacturer', 'lattafa.my': 'official_distributor', 'www.lattafa.my': 'official_distributor', 'nahdionline.com': 'trusted_retailer', 'www.nahdionline.com': 'trusted_retailer', 'ecombe.nahdionline.com': 'trusted_retailer', 'dam.nahdionline.com': 'trusted_retailer', 'noon.com': 'trusted_retailer', 'www.noon.com': 'trusted_retailer', 'theislamshop.com': 'trusted_retailer', 'www.theislamshop.com': 'trusted_retailer', 'intenseoud.com': 'trusted_retailer', 'www.intenseoud.com': 'trusted_retailer', 'wholesale.intenseoud.com': 'trusted_retailer'}"
ARD-958,عطر 24 قيراط سلفر,24 Carat White Gold,Lattafa,100 مل,White Gold,Eau de Parfum,perfumes,official_distributor,official_distributor,https://www.lattafa-ca.com/p/24-carat-white-gold/,high,VERIFIED,ACCEPTED_TRANSLITERATION,Catalog 24 قيراط سلفر = 24 Carat White Gold (Blanc/Silver line).,catalog_identity_mismatch_reconcile Option A: restored 24 Carat White Gold for silver catalog row.,https://www.lattafa-ca.com/wp-content/uploads/lattafa-unisex-fragrances/6291106064001.png,"{'lattafa.com': 'official_manufacturer', 'www.lattafa.com': 'official_manufacturer', 'lattafa.my': 'official_distributor', 'www.lattafa.my': 'official_distributor', 'nahdionline.com': 'trusted_retailer', 'www.nahdionline.com': 'trusted_retailer', 'ecombe.nahdionline.com': 'trusted_retailer', 'dam.nahdionline.com': 'trusted_retailer', 'noon.com': 'trusted_retailer', 'www.noon.com': 'trusted_retailer', 'theislamshop.com': 'trusted_retailer', 'www.theislamshop.com': 'trusted_retailer', 'intenseoud.com': 'trusted_retailer', 'www.intenseoud.com': 'trusted_retailer', 'wholesale.intenseoud.com': 'trusted_retailer'}"
ARD-959,عطر نجدية,Najdia,Lattafa,100 مل,,Eau de Parfum,perfumes,official_distributor,official_distributor,https://www.lattafa.my/perfumes/lattafa/najdia/,high,VERIFIED,ACCEPTED_TRANSLITERATION,Catalog نجدية = Najdia classic.,catalog_identity_mismatch_reconcile Option A: restored Najdia for same SKU.,https://www.lattafa.my/cdn/perfumes/lattafa/najdia-lattafa-100ml-edp-men-perfume-malaysia/large/image.jpg,"{'lattafa.com': 'official_manufacturer', 'www.lattafa.com': 'official_manufacturer', 'lattafa.my': 'official_distributor', 'www.lattafa.my': 'official_distributor', 'nahdionline.com': 'trusted_retailer', 'www.nahdionline.com': 'trusted_retailer', 'ecombe.nahdionline.com': 'trusted_retailer', 'dam.nahdionline.com': 'trusted_retailer', 'noon.com': 'trusted_retailer', 'www.noon.com': 'trusted_retailer', 'theislamshop.com': 'trusted_retailer', 'www.theislamshop.com': 'trusted_retailer', 'intenseoud.com': 'trusted_retailer', 'www.intenseoud.com': 'trusted_retailer', 'wholesale.intenseoud.com': 'trusted_retailer'}"
ARD-970,عطر قائد الفرسان,Qaed Al Fursan,Lattafa,90 مل,,Eau de Parfum,perfumes,official_distributor,official_distributor,https://www.lattafa.my/perfumes/lattafa/qaed-al-fursan/,high,VERIFIED,ACCEPTED_TRANSLITERATION,Catalog قائد الفرسان = Qaed Al Fursan.,catalog_identity_mismatch_reconcile Option A: restored Qaed Al Fursan for same SKU.,https://www.lattafa.my/cdn/perfumes/lattafa/qaed-al-fursan-lattafa-perfume-lelaki-sweet-smoky-90ml-edp/large/image.jpg,"{'lattafa.com': 'official_manufacturer', 'www.lattafa.com': 'official_manufacturer', 'lattafa.my': 'official_distributor', 'www.lattafa.my': 'official_distributor', 'nahdionline.com': 'trusted_retailer', 'www.nahdionline.com': 'trusted_retailer', 'ecombe.nahdionline.com': 'trusted_retailer', 'dam.nahdionline.com': 'trusted_retailer', 'noon.com': 'trusted_retailer', 'www.noon.com': 'trusted_retailer', 'theislamshop.com': 'trusted_retailer', 'www.theislamshop.com': 'trusted_retailer', 'intenseoud.com': 'trusted_retailer', 'www.intenseoud.com': 'trusted_retailer', 'wholesale.intenseoud.com': 'trusted_retailer'}"
